face_cosine_similarity,face_hist_correlation,face_block_distance,ela_mean_discrepancy,ela_variance_anomaly,edge_density_difference,qr_signature_match,ocr_qr_text_similarity,checksum_validity,aspect_ratio_deviation,color_channel_imbalance,laplacian_sharpness_ratio,face_crop_resolution,tamper_localization_score,database_record_match,doc_type_encoded,compression_quality_ratio,liveness_score,label,label_name,fraud_risk_score
0.4126643925277724,0.58,0.7658384230230219,7.457704001094903,14.621189367504655,0.035418395085036275,1.0,0.9410300898093263,1.0,0.05100799071748878,0.08702414199217481,1.057207331479202,0.9447406902498638,5.964657210429328,1.0,3,1.0,0.8536435429719624,1,IMPERSONATION,87.51313419263288
0.9515831012850128,0.7912723101124609,0.19618346411484885,3.164956914009479,26.42556098217195,0.04853551847616014,1.0,0.9588262609933994,1.0,0.018861108072329776,0.06423281213446652,0.9700857176425941,0.9211068242690603,1.7305837462765834,1.0,4,0.9985249581356689,0.9450250413946466,0,GENUINE,3.193118383232579
0.8381275738830468,0.9030086853474784,0.15116647543235884,3.2388807914060047,12.041016389542149,0.044425722434610654,1.0,0.9681959759706613,1.0,0.0244319865991573,0.05281685933114831,1.0389696931217662,0.8607847524490441,2.795989525922317,1.0,4,0.92195364566364,0.9720696319964368,0,GENUINE,7.2006543743470734
0.8762685389800413,0.9287047351909352,0.13329613845100297,4.4775271110723205,12.382013967847307,0.03952895698251524,1.0,0.9547693722629149,1.0,0.018685274043283323,0.06652094342883014,0.9763235762761783,0.839671144963066,5.124375856308131,1.0,1,0.9952581631476194,0.9116916700444104,0,GENUINE,5.824903915384718
0.4352480533713138,0.5217733135708329,0.5591653987143456,27.109503574067706,138.99221191080565,0.2997762719701306,0.0,0.5977016844768445,1.0,0.06,0.34276049751579807,2.5691131183939873,0.6374711115937984,88.72510340953004,0.0,0,0.4465155919131331,0.8066662319979346,2,FORGED_DOCUMENT,94.61291549096225
0.6165190179266069,0.86,0.3867023412847518,22.310480150897657,123.54958378045549,0.3193717184557079,0.0,0.6096326186326005,1.0,0.06541215089454874,0.2500597569812698,1.9555398268176079,0.7953954638151588,70.91772165212433,0.0,4,0.3247035368961996,0.3212483375125354,3,SYNTHETIC_DEEPFAKE,90.3647311628491
0.5868745357613665,0.5746978284903591,0.434076889012048,22.009263452731474,131.88321082407933,0.18805646368026163,0.0,0.5162970596934858,1.0,0.03,0.3727174827562618,2.6864842522085284,0.5662909283924356,39.05317649806033,1.0,2,0.7907334327078092,0.15722203272095356,3,SYNTHETIC_DEEPFAKE,96.31067200949968
0.8258685735716701,0.8233302515846627,0.1773136804778833,2.8995667657498267,11.022415916393417,0.01,1.0,0.9421074744422004,1.0,0.02939579412355179,0.03199891534671502,0.8626550239897781,0.8589461267955967,2.354303336263544,1.0,1,0.8602348462608297,1.0,0,GENUINE,4.391835596791279
0.3261489916945836,0.39389437660456994,0.8875351927370966,2.100986751226844,28.371442933136883,0.10991958839424298,1.0,0.8378008536519859,1.0,0.010405144879807073,0.09539865664190537,1.1997850009665887,0.9696749209924996,6.6392571738789865,1.0,3,0.9790887756522305,0.9231432246922056,1,IMPERSONATION,87.76349400424556
0.3183495740029661,0.3670848669620644,0.6702245010555492,4.025893784819275,28.984528530656796,0.07826953339477305,1.0,0.8888395213471322,1.0,0.03014565974100838,0.09199179496652655,0.8316540959744877,0.9317056130508661,6.44899473514103,1.0,0,0.8740386576968202,0.9864802243029761,1,IMPERSONATION,83.11768125426848
0.21348127662701685,0.3376913406329401,0.5582635370368353,2.013335868304199,24.72071529171123,0.04260727324798652,0.0,0.8930654967612197,1.0,0.021877792859531932,0.18,1.1711050628558681,0.9371794831334166,1.9491689273868782,1.0,3,0.8629930155459763,1.0,1,IMPERSONATION,86.22314385436256
0.4004319804821056,0.4710965325547931,0.3088077547857452,24.027651937924382,191.662154114455,0.29760953563995435,0.0,0.14916433434274126,0.0,0.11292831062996059,0.4086827757732758,2.553781638515989,0.6109674221170658,86.45007116433646,1.0,3,0.6745749111424829,0.5471558904492614,2,FORGED_DOCUMENT,96.0436934309449
0.5203325169131527,0.3877204542721859,0.5244510810323747,19.53832640039998,138.74026670521525,0.3183295302226218,0.0,0.33602706043844965,0.0,0.23217512823531875,0.2927502909387016,2.8132689402901336,0.6001361622584995,79.68716820636601,0.0,3,0.2658353549907602,0.445245312420186,2,FORGED_DOCUMENT,87.73303369473317
0.6075989453864011,0.4542553367369999,0.2992873000646866,21.00076630038863,125.50396346152648,0.203818250185382,0.0,0.5810317921541924,0.0,0.16931290690961967,0.27115151414080285,1.2237066380134554,0.8168982540364645,41.161308819133836,1.0,0,0.671425164114523,0.2906658170763342,3,SYNTHETIC_DEEPFAKE,99.0
0.4566915696103468,0.4115023457017585,0.8054357935647247,3.0288274719043544,9.215605972809087,0.04056485437133682,1.0,0.8949632781694623,1.0,0.06831336116931044,0.12165287918774248,1.1932299299660132,0.857174661026963,5.051855183325449,1.0,1,0.8615937728798488,0.894576205796768,1,IMPERSONATION,86.14938899558969
0.8170595846457709,0.8501947659645105,0.2310214822552037,4.546876244627946,18.850408832616008,0.041792163198552175,1.0,0.9245581805010359,1.0,0.030224409523938105,0.01,1.105490037962071,0.9689705450417031,4.478146923590791,1.0,4,0.9434743665264721,0.9398925724799614,0,GENUINE,5.1802113242521735
0.9877098733983378,0.8447844647428179,0.17831700652595112,4.798181811326315,8.023030648032853,0.09,1.0,0.9327092114955464,1.0,0.02638623649837644,0.08693960662895206,1.0465955269354432,0.9093263681546333,2.707761943582663,1.0,3,0.9752771964153295,0.8826051144412904,0,GENUINE,2.3300750254337745
0.4080276333544347,0.5162528945425501,0.562591590807118,23.942923091043415,225.1102841080159,0.2511415553404475,1.0,0.1817850447364998,1.0,0.08642945410973644,0.3032501436719633,2.3229296853862307,0.7586146911449342,99.0,0.0,4,0.5670019444055013,0.8146416283074037,2,FORGED_DOCUMENT,89.10465147208218
0.7570291290287005,0.8761473578388238,0.22277172419576624,3.0907778531198815,21.14035957413887,0.01,1.0,0.9737163919107754,0.0,0.01606617702255343,0.034751640987941715,0.9439636358783869,0.9003194208983496,3.073649973538803,1.0,3,0.8875134719521792,0.9374234086653289,0,GENUINE,0.21108188444443154
0.3999233704538152,0.4805902916384713,0.5781754578514774,28.801534929099205,133.7775236976783,0.1716702906581617,0.0,0.3040260567910809,1.0,0.260882397833024,0.304663410611613,2.65567402271837,0.6931267403244248,92.27449356745038,0.0,3,0.4490126258227213,0.8594080766537087,2,FORGED_DOCUMENT,93.93758703036606
0.7291121261250665,0.6712641288762876,0.4088596742986376,15.928209337541677,127.34972717125262,0.08732775825928067,0.0,0.5527848621908031,1.0,0.05112816750585521,0.16299013779139376,2.0931559244119655,0.7580972137706078,73.1618315954529,0.0,0,0.5690912754958418,0.06360652083495014,3,SYNTHETIC_DEEPFAKE,89.35235549206763
0.3440340029091497,0.15,0.7019015737749082,4.796828893418866,26.807430777043024,0.03131925111803856,1.0,0.7926754368548066,1.0,0.05444339088635631,0.0568539245676468,0.9259240562472146,0.9079697578028789,4.732352170008774,1.0,2,0.9433946813245347,0.818897771543836,1,IMPERSONATION,70.69828165678769
0.843512444304493,0.6772845071059653,0.4882709691822175,21.556798436360364,128.46358768487096,0.25286111212057716,0.0,0.48096617760841565,0.0,0.1365200793051602,0.21408489943777903,1.1231412162475511,0.7101975884018381,85.15525082181757,1.0,0,0.6723839988467221,0.12685505804822322,3,SYNTHETIC_DEEPFAKE,93.68638067640464
0.8222160931952893,0.8011252269626944,0.12594409705647042,2.7478657862341467,16.345109046162243,0.04604308633637729,1.0,0.9654221966229171,1.0,0.0341820848949764,0.05883796985426253,0.9537600856288825,1.0,4.13149934772188,0.0,2,0.8550402872749745,0.9665446503028672,0,GENUINE,9.538966825193416
0.932898385416967,0.8494419151078367,0.2239972069445013,3.892841969177142,13.332294792030417,0.07046248154539314,1.0,0.9761673013105397,1.0,0.011243817466152429,0.02234400538071328,1.1126177547531642,1.0,0.4021486392712883,1.0,3,0.9625187694676228,0.9818993681791326,0,GENUINE,4.563010150713645
0.6387024517578568,0.20876794362804907,0.6079431139056206,14.086817260872937,222.79964748666737,0.32355277846860914,0.0,0.5651318160235969,1.0,0.14069415849888559,0.19055926281765678,2.3090903958178415,0.7585793856738694,59.86376954110303,0.0,2,0.4356788704588827,0.6438650204778062,2,FORGED_DOCUMENT,94.93835076717703
0.47620865364389214,0.48196033434906366,0.78,27.425045904568115,241.8008610683033,0.22527331502719466,0.0,0.05,0.0,0.21492454106401024,0.3758589150428654,2.410079835558655,0.5348160238287785,71.33588897833692,0.0,3,0.5265033549890574,0.9065492103930971,2,FORGED_DOCUMENT,94.68673880029036
0.6613105966097999,0.86,0.39194067353945927,14.178425300014702,50.0,0.20005689307533084,0.0,0.3537797958117186,0.0,0.14063692569595637,0.20925056447743526,1.8191353073630718,0.7103625375034226,92.0,0.0,3,0.85,0.35644514460602894,3,SYNTHETIC_DEEPFAKE,88.4714532151611
0.8741228352408895,0.9361119411597947,0.15562112274741072,3.3511778991714802,14.713169947219784,0.045460762163324946,1.0,0.99964376327628,1.0,0.00885374597020372,0.044295393682551025,0.9123262646372344,0.9294587869282689,1.0704412626785662,0.0,1,0.9778029307147635,0.9554699843975052,0,GENUINE,1.2287479198136628
0.3646743481875961,0.2612578688468,0.5886575086280825,3.301045817064412,25.157152666853328,0.07074899444798305,1.0,0.85223000223301,1.0,0.015066771271586073,0.1662886354979095,1.085490548484462,1.0,1.15923280379132,1.0,0,0.981347786887208,1.0,1,IMPERSONATION,77.41583354930788
0.848745170839799,0.8643800017390029,0.08273157738822505,4.788817796718022,28.63782198616818,0.05741152431628483,1.0,0.9192823430751965,1.0,0.01810918530838127,0.020008250875941342,0.8870356697760693,0.9193860861443842,2.670100094908907,1.0,3,0.992448409215696,0.9777762527578148,0,GENUINE,3.382909267344663
0.99,0.9174415855599879,0.23696615701210375,2.187714219592527,16.416816442292856,0.04484493967863251,1.0,0.9023669774060111,1.0,0.01632841480046136,0.0463333131299843,1.1453866888823747,0.8802281026181518,4.441278024493431,1.0,4,0.9299184505365484,1.0,0,GENUINE,5.179100599722331
0.5248676499275847,0.6095837095965865,0.5347674839831541,27.475595779187024,264.3044743472814,0.15842926507859,0.0,0.29979055528966186,0.0,0.09259195268899863,0.4025236508484655,1.8153185950105721,0.4325294139087287,74.98900907548962,0.0,2,0.7074602903271001,0.8267810790733743,2,FORGED_DOCUMENT,87.1110939427071
0.7637394166735603,0.5748406764688161,0.31213294454584173,10.81115405023333,125.40724359154024,0.22549413402944307,0.0,0.3994781794122568,0.0,0.13027320988349028,0.45,2.0471012241979376,0.78024496696981,92.0,0.0,3,0.4926150110075391,0.18371119419751525,3,SYNTHETIC_DEEPFAKE,92.92329180040193
0.18633324535700613,0.1545578065763351,0.793476456799938,5.124995964706677,22.70378837703335,0.04679176089447589,1.0,0.8428697286183259,1.0,0.01,0.050557453861259434,1.033359372547336,0.9287904037752335,3.4201470732532724,0.0,2,0.8339260648906189,0.8243089422612632,1,IMPERSONATION,73.78327385009804
0.37202485030222965,0.5717294108993181,0.3923288314407389,23.071406988493436,155.76990888773466,0.20969598374489484,1.0,0.24403886114967482,0.0,0.19450869066807303,0.15,2.9142430388644955,0.42575923631753454,62.156155898404776,0.0,1,0.306719357189998,0.95,2,FORGED_DOCUMENT,95.90910972219302
0.957921844019015,0.98,0.1669033456069825,4.575166595383444,14.904095940235234,0.029252464515569104,1.0,0.9714313900170063,1.0,0.023528418341378938,0.04462745656226821,1.1700420437688148,0.9486514668025703,3.1830972564673226,1.0,3,0.9073036746234263,0.9628516588302954,0,GENUINE,0.0
0.25998937124344346,0.49250366123053474,0.7072605736288639,4.6030581794203105,17.880541096150367,0.05980384368993414,1.0,0.8735545111028137,1.0,0.027556955078104024,0.0854915511795066,1.2618231897552743,0.8278172124218632,2.7644959929705606,1.0,0,0.9559706558572731,0.8973571704621296,1,IMPERSONATION,83.37115643017549
0.8879042095868496,0.8547226539209353,0.17043054914844483,5.12007320714416,11.824269891002695,0.0528819084448392,1.0,0.9257019503151275,1.0,0.01751865596738649,0.05857433203337792,1.0209201657686453,0.9119906518833787,0.0,1.0,2,0.9472117952201378,0.9174052740436262,0,GENUINE,0.509343639995552
0.8580677629745097,0.8332975261520593,0.2143282411085305,3.427560346169516,12.686423910508505,0.02332399996728811,1.0,1.0,1.0,0.01821780519614763,0.022715044895641794,0.85,0.8887681678662943,2.205216820858925,1.0,0,0.9779669482571068,0.9368870589462921,0,GENUINE,3.353765089269257
0.3239195339688798,0.4127559059487712,0.8444806926866515,1.150045401592442,20.092354444648933,0.032029376195270326,1.0,0.9468804199792402,1.0,0.04207721197667531,0.036759615775479995,1.000872354317528,0.9859265895902877,1.2578744373191237,1.0,0,0.8350497628211866,0.8755258806641295,1,IMPERSONATION,82.83183479383176
0.19704095681879966,0.5460164021810251,0.7143905453533267,4.44102824718848,34.91826603397862,0.10034055519691845,1.0,0.9590798571197122,1.0,0.02199885132234948,0.07779594201070716,0.9446524268108187,0.8533568179408865,2.766732242662134,0.0,0,0.8718816778227002,0.9419604975842092,1,IMPERSONATION,83.65267257409391
0.8159022484220414,0.6689673005005627,0.4947393818874689,20.469972212667425,112.3332452876312,0.08,0.0,0.6580981444754885,0.0,0.05503404678877259,0.22252379662628466,1.181470525073018,0.6999294240000512,86.92730257473762,0.0,0,0.366955520510038,0.23549574007305493,3,SYNTHETIC_DEEPFAKE,86.0244011534337
0.9382314292007926,0.9019374111570625,0.22383293127148146,4.640291544034903,17.706203336345226,0.03852777768416187,1.0,0.9515333643303836,1.0,0.022954775244231833,0.028053082628666834,1.0540922198558953,0.9156793246584194,2.9134527368311116,1.0,2,0.9511489213988263,0.9587473236910455,0,GENUINE,2.9890607700767413
0.7383805025975785,0.67701650510905,0.28557405039591427,8.0,106.69477813020303,0.17646289770828122,0.0,0.6112003106068645,0.0,0.03,0.4416626698315605,2.0656034397175977,0.7508853286231832,85.6222193534496,0.0,3,0.3,0.13544064580508972,3,SYNTHETIC_DEEPFAKE,82.71987926657701
0.844329036836545,0.891182996292245,0.13407607446748304,3.417131574720388,21.760898917782665,0.06069841854161198,1.0,0.9861337411029507,1.0,0.01673976467832159,0.04499754797850978,1.15010524331623,0.8861793489757981,0.0,1.0,0,0.9530770949505665,0.9412359788476454,0,GENUINE,6.273513952958723
0.3005982061635497,0.3105124307045883,0.7735983822750485,3.1391876399635024,32.035921553228555,0.06489338134096231,1.0,0.9193875022033677,1.0,0.035634810969325775,0.1310077561797776,1.1565362969383726,0.8388996630253392,4.547359312061047,1.0,2,0.9258384585661695,0.8101302279198953,1,IMPERSONATION,91.19306096693893
0.8694468512540598,0.858624336474914,0.17757426880202337,3.8523229356469444,28.670306242584516,0.027547012765310963,1.0,0.9658382236571172,1.0,0.013882309090947146,0.04925926405903176,0.9770697775482741,0.8853789510063073,0.3905238044922492,1.0,4,0.9366757770948522,1.0,0,GENUINE,2.4425063493254004
0.23751804075869054,0.38667314976864053,0.7254849631185999,4.037561891705291,19.502790261313667,0.05359046439415513,1.0,0.9464783129314144,1.0,0.044184984501766264,0.0414326797931956,1.125295423427119,0.7569063141653924,4.302866473888756,1.0,4,0.952914195033474,0.8724654212623989,1,IMPERSONATION,72.18327754709006
0.5121651460201004,0.6590464377705154,0.519902773033443,32.984013819484154,248.2311005628418,0.3536487274646475,0.0,0.46251053504330786,0.0,0.2987833174163337,0.2438948809353423,2.22324366114311,0.4310962210182372,57.53577139722702,0.0,2,0.47468215146890125,0.810320809795604,2,FORGED_DOCUMENT,91.76888090110347
0.6698820944384413,0.7656087136338259,0.4324637456607428,11.9505562419202,106.76324481333953,0.08820560439455426,1.0,0.41589828902933645,1.0,0.1984271844943982,0.20287580647521375,1.913063115662638,0.98,83.16054330207035,0.0,0,0.5768784227760275,0.3429054059054437,3,SYNTHETIC_DEEPFAKE,79.24854155292411
0.4945055429649911,0.5558114332252516,0.4955112794278284,32.86791858440438,95.0,0.3440361815664328,0.0,0.3533724517759324,0.0,0.13394829747033835,0.4054092013906476,2.772753073568261,0.654250888592649,74.95688390768446,0.0,1,0.39534407920307435,0.5652744418436523,2,FORGED_DOCUMENT,94.14189190195609
0.8015003867306589,0.6737212884307663,0.3744770502962468,25.88239582032861,235.7159116559472,0.17270722302340197,0.0,0.49523141356697686,1.0,0.19936426830565085,0.41614839830172756,3.2925487562336664,0.5715600088153031,71.7850435588103,0.0,1,0.41445259575389815,0.7455925549838177,2,FORGED_DOCUMENT,87.10708677126921
0.7697746817711283,0.7297972259935047,0.23929500232832396,2.7147535416764805,35.0,0.01,1.0,0.9396685376284217,1.0,0.016645050409716568,0.06041292849458135,1.0032341017370896,0.8692913028086365,4.071640546362069,1.0,4,0.9638546992966943,0.9807576580036452,0,GENUINE,2.2956698912967
0.7673644486633137,0.5537583856452304,0.4287639713558394,17.5676956276905,56.16553825538402,0.20767223400076665,0.0,0.458061969734489,0.0,0.11640718959024267,0.23668640797562554,1.8356998529787054,0.7764407238259905,60.43583629678993,0.0,3,0.8038516418547274,0.21298267948332764,3,SYNTHETIC_DEEPFAKE,96.66901307456027
0.7502518815896956,0.7576922514732887,0.36358262864163415,10.564658396269996,91.50689626714109,0.1690732810426673,0.0,0.5454835155467213,0.0,0.10770251077271975,0.16819862324401555,1.851916567757036,0.9217130665055678,66.71284608494399,0.0,3,0.5107839507556371,0.28882714663525133,3,SYNTHETIC_DEEPFAKE,79.55638084336874
0.848700795177661,0.8244339410399856,0.13272360633636499,4.007339146829895,11.17693078837999,0.02105645903903906,1.0,0.9674109861067001,1.0,0.03731343189095807,0.047194395035145206,1.0657130946095281,0.9563806841838067,3.7691135120375785,1.0,3,0.9558294184986018,0.9556462165876477,0,GENUINE,9.446830885126062
0.25213646777515114,0.23762732284011,0.7129901790780612,3.723587055026102,19.159531342947208,0.08006958569554648,1.0,0.8744894005588745,1.0,0.02463689111894741,0.02,1.179491141705554,0.902634850470522,4.1621369515298765,0.0,1,0.8829555833618349,0.7598805798792126,1,IMPERSONATION,78.26663147760932
0.2704671025041646,0.3026307894289272,0.610730980144712,2.1844464228169684,28.831942936748142,0.038829949928223584,1.0,0.871333560185072,1.0,0.01948939279789806,0.11242515242664008,0.9951830802138866,0.7058439222164844,6.166485977411627,1.0,3,0.8603082714586403,0.971115605649449,1,IMPERSONATION,79.87803165120356
0.25295191092634506,0.28764307907552605,0.6191536356235752,3.3421071807023512,28.522593334472113,0.0245639648055336,1.0,0.8826431660024409,1.0,0.05542060198862281,0.06691706276544854,1.0353075952780166,0.9162577521826318,6.448964014756511,1.0,2,0.9345166448538351,0.750631389840114,1,IMPERSONATION,72.1302192003188
0.8087340856049484,0.8221873723214046,0.17671824493181917,3.9093123275070956,13.390760121324087,0.040125463123688365,1.0,0.987264372340499,1.0,0.01592028521898747,0.03946936625807914,0.9676424011593417,0.8817906606681077,3.8142608975396133,1.0,0,0.9426704850141755,0.9181821105653204,0,GENUINE,4.0459548880193195
0.7870281238252893,0.8067531124520368,0.24482471915647808,5.8502556437202635,16.024852084897127,0.04779921172059803,1.0,0.9961220405665465,1.0,0.012513646859636669,0.06736206285915859,1.1330703308614503,1.0,0.0,1.0,3,0.8898750084719579,0.9995419981964773,0,GENUINE,3.6626687350365197
0.6434135350028977,0.5643330471819494,0.4970370427758017,18.299544411283144,60.74646087850872,0.2534534029544721,0.0,0.540060058992971,0.0,0.18293268826968265,0.3004353425939471,1.8635675499191735,0.8174273706307876,30.0,0.0,2,0.7047821445178883,0.15871292602058198,3,SYNTHETIC_DEEPFAKE,94.97492170347783
0.6477268961640753,0.6114930882936576,0.5207883442104809,26.613749437503873,108.96640454988356,0.2338411785962322,0.0,0.11491086739247017,0.0,0.24825750003021663,0.25769457775528537,2.428592375200949,0.4948692549853301,98.42286252612253,0.0,4,0.6091249276517439,0.7760855876051926,2,FORGED_DOCUMENT,91.1346889381616
0.4447995082379549,0.30236737516702994,0.6381037269589871,4.1352501690761265,20.95453830726249,0.08377078711923489,1.0,0.8321717652052637,1.0,0.03579744393214262,0.02,1.2194455009077534,0.8905940034138189,2.4186413144440455,1.0,0,0.9389230436980186,0.9468706401436214,1,IMPERSONATION,76.78770523625222
0.7429108256604657,0.8157322389415947,0.18112781666712907,3.2284392308374064,26.829876208602847,0.07319895205450576,1.0,0.9982693344787732,1.0,0.01296302507967394,0.047159229464512266,0.9306132350495189,0.9130247262256714,4.915101203040069,1.0,3,0.8741689388193872,0.9037772780757712,0,GENUINE,4.998058355488867
0.21737552088214995,0.44901399196659825,0.660906132870454,2.7584910013136668,28.2062402361786,0.04723812058325571,0.0,0.882692411394636,1.0,0.01,0.10904330929027836,1.4,0.8793868149554026,2.9728900209155533,1.0,3,0.9705049581965796,0.9065848888834067,1,IMPERSONATION,78.15567193405923
0.3947145109834721,0.47388204477074775,0.28,12.474820208955249,169.2361217139489,0.33282195477388427,0.0,0.432566068554776,0.0,0.2848056583819963,0.39545717945687014,2.5673609548985357,0.6758919021614168,56.60909606783275,0.0,3,0.5511540971310155,0.614687164886158,2,FORGED_DOCUMENT,96.13209688567301
0.35283811999903536,0.39757280205517487,0.7188766487404132,0.921566109713194,19.87116468875591,0.02,1.0,0.9175676817921292,1.0,0.015814208600545256,0.04601932675031476,0.9726139341713683,0.9243242160673706,5.074394361009475,1.0,0,0.9981520408076152,0.9595258434991577,1,IMPERSONATION,93.24642626716866
0.34950379260764497,0.34864102810057357,0.6094582497612242,3.711950992505301,22.781221359519222,0.06852560334907934,1.0,1.0,1.0,0.04158751299132455,0.11525276313923474,0.9816049667615416,0.936172482923409,0.5265319310697447,1.0,3,0.86845631574627,0.8846565918696824,1,IMPERSONATION,91.92527108270576
0.9128427134188842,0.7825781879551944,0.3732658898229053,8.0,122.56890216742502,0.21218032927952452,0.0,0.6528808301813587,1.0,0.07232376370816807,0.2592852320988066,1.2160740317063752,0.7402375815307418,64.31442226464719,1.0,4,0.42240213207815613,0.22049989461779398,3,SYNTHETIC_DEEPFAKE,80.7336488959126
0.2781713085696197,0.431997804415628,0.6743316950790945,4.465534693490675,24.95691836720013,0.05251628083889655,1.0,0.9424678424418296,1.0,0.05371731645865123,0.06939187977438764,1.0243511549093065,0.9359647489088859,2.817681633783543,1.0,1,0.929150155033895,0.8871414223536385,1,IMPERSONATION,84.69056370584345
0.8516358026091495,0.7366334931722026,0.30125170501864296,16.300701603289426,123.20959607983113,0.21929489079689302,0.0,0.26555626873702726,1.0,0.15210456809949205,0.36877500613474556,1.1799790456621682,0.8787377068549984,68.02133251475011,0.0,3,0.4528727776524205,0.244532154206781,3,SYNTHETIC_DEEPFAKE,90.37513107348707
0.7837216936274052,0.5005908309971667,0.7768603445200151,34.019269497160074,155.6751195956737,0.1788783532108213,0.0,0.26545149457593137,0.0,0.22651712069100283,0.23671371756740278,2.0219390197864024,0.703779994846782,99.0,1.0,4,0.34836572676653155,0.7862263381973201,2,FORGED_DOCUMENT,91.50663588430234
0.9675183669101863,0.8372854474992047,0.23285712324638497,5.1267357355384675,15.72226338434917,0.012154476382881915,1.0,0.9825697467908231,1.0,0.023588897599468524,0.01692835768750333,1.0464613844068213,0.9579798095442869,3.7121658426340947,1.0,2,0.9881414632762676,0.963729351936003,0,GENUINE,3.9107644847286585
0.6555283093660907,0.4734055320553797,0.562364366027808,24.0414828248693,151.42353334077333,0.27586980383826665,0.0,0.3340665226752852,0.0,0.24611244119400352,0.3689428015816922,2.93658820084757,0.5936136296672675,71.30296244179254,0.0,2,0.5938686444476065,0.7703602721457723,2,FORGED_DOCUMENT,84.48877352202155
0.8150635092440548,0.6541067983628319,0.2287628559531526,16.194827005470547,86.11765948894518,0.2613387113000642,0.0,0.49374443982201655,1.0,0.0983338890321683,0.259694418707065,1.5421886757457273,0.885444935056365,57.26575805449613,0.0,1,0.652604287740655,0.15846774735598024,3,SYNTHETIC_DEEPFAKE,84.87964044411241
0.5980176154312846,0.6300505246369688,0.505210967337864,38.509455693847826,164.84832482577053,0.439835856361032,0.0,0.2135370745322611,0.0,0.2583696281886765,0.27695906529274145,2.6099791548542473,0.5224187005937646,91.6211524313326,0.0,2,0.4013098487233033,0.7088189623353929,2,FORGED_DOCUMENT,93.19414502153258
0.5227769413563239,0.5529943823921891,0.3027199435896202,23.761574792407085,67.20190938157435,0.21391320108949421,0.0,0.4385067759224239,0.0,0.13030933518422524,0.36171601257354213,2.4679805131914785,0.7861799668458815,69.60168925471693,0.0,4,0.6352623358542681,0.29700175045034827,3,SYNTHETIC_DEEPFAKE,88.71100385662112
0.7109684784358441,0.7829598016169543,0.3747593622238315,28.895863362677844,79.9354759588893,0.22328221230926754,1.0,0.6631770125975013,0.0,0.0974236173830447,0.13431553091745996,1.4705873707990686,0.8225864205864516,92.0,1.0,2,0.8429792966233739,0.2562852063213702,3,SYNTHETIC_DEEPFAKE,93.56380115342282
0.92,0.7015898768507726,0.2552416106742527,21.855860413676503,65.50607056714563,0.2329119415183912,0.0,0.2609180361375839,0.0,0.12038092516932869,0.3107984626321912,1.1,0.7218782978503501,64.452991210849,0.0,3,0.5518147374887412,0.12185608112482539,3,SYNTHETIC_DEEPFAKE,78.8496371758968
0.43908442701153416,0.4879628523442503,0.316188770891518,12.0,211.83501127394632,0.14,1.0,0.31804954517916567,0.0,0.2507906813581044,0.3872016370485212,2.0844779816282735,0.3817245295387741,85.6329280631774,0.0,1,0.6410708139432217,0.6465137251983402,2,FORGED_DOCUMENT,93.85804355403558
0.7673753509488633,0.48163736186573963,0.3097226522760502,16.655630300090046,50.0,0.08,0.0,0.3740543891591371,1.0,0.08313645717412074,0.17321075902820987,1.5903117834925988,0.8137283329609113,92.0,0.0,3,0.6374669473587731,0.20521753338857654,3,SYNTHETIC_DEEPFAKE,82.43088279541877
0.22084366434213976,0.3500547127193156,0.5156907466729073,2.9880603246606863,8.0,0.06371361140334911,1.0,0.9262608339080709,1.0,0.024076748298118695,0.07907677977050888,0.9440998870379079,0.7,3.2093205747131544,1.0,1,0.8934431043787443,0.871081521636659,1,IMPERSONATION,83.42080966080529
0.8214724591241096,0.47573758897536883,0.3807825158360714,20.898630031092928,73.65751745158695,0.30668002730515004,0.0,0.34763381179757935,0.0,0.19260166146152596,0.26859836726464437,1.9324541746708688,0.9766657786504023,40.110296513121845,0.0,2,0.35852317107425036,0.1090186410291271,3,SYNTHETIC_DEEPFAKE,85.50618502426597
0.7135474807335057,0.38,0.4932295650978617,16.32612757911694,114.90044653952562,0.23085784896481137,0.0,0.47301341781949574,0.0,0.16365881935926993,0.23904845780153466,2.202368540924527,0.909997552265016,76.19554255152474,0.0,3,0.775903126570878,0.25584422388839406,3,SYNTHETIC_DEEPFAKE,99.0
0.9067721101773688,0.8513357139445837,0.12378200221592082,4.446580313817347,22.458198619584792,0.018536429810490605,1.0,0.9852689198104171,1.0,0.02023195978557375,0.0420003594434218,0.9169857734777171,0.866089091494185,3.06563533064017,1.0,4,1.0,0.976554563597267,0,GENUINE,4.447962724944319
0.3459968734041172,0.5543715979929347,0.7420861367437263,3.56885055088092,26.902901921986732,0.08250744910157709,1.0,0.9189527396320544,1.0,0.04192677370085322,0.07668339788013154,1.2768448944423312,0.7201183458986766,3.0907240366544944,1.0,3,0.78,0.8063212699992985,1,IMPERSONATION,68.0
0.8514069146068455,0.7586787389339669,0.10532024931404396,1.8303438612774836,18.573341290491015,0.016066688154312083,1.0,0.9461080816729794,1.0,0.0,0.048258305477137005,1.2079874549421008,0.9460378060179356,2.008290310185216,1.0,2,0.9680033230879345,0.9804567716961679,0,GENUINE,2.6812433964832314
0.32928061331454844,0.3303410070642573,0.592445489667534,4.143654735950713,26.55807135763343,0.05027469416878076,1.0,0.8764743354089963,1.0,0.02706026699670038,0.11428633553693154,1.3086957894724134,0.7,4.368527299844143,1.0,1,0.9584683875127185,0.8972706344529783,1,IMPERSONATION,82.51783853299766
0.5510504164274364,0.4492660980637774,0.6481735946203466,30.70023963559307,273.51458970668,0.24503741661364295,0.0,0.5276551035604287,0.0,0.29922896482121414,0.26222171238090664,1.9914599642227513,0.3493815920432589,50.35190620293346,0.0,2,0.5495424649641938,0.6529191104540734,2,FORGED_DOCUMENT,94.24817178765517
0.3343672965696815,0.43336045342135215,0.7434289569868064,2.886831216218855,25.67297073127687,0.02,1.0,0.8514297735141658,1.0,0.01,0.14823173733782924,0.8834714879399862,0.8635929845634452,4.050208578624859,1.0,0,0.78,0.8889636197866733,1,IMPERSONATION,75.19076148401597
0.6772681010332073,0.661009464203262,0.48351399705281456,10.764790682508695,78.36291246430854,0.08,0.0,0.6009938409593155,1.0,0.13691205892878505,0.30304261098291113,1.8005756688495789,0.7019767673653031,65.7122160144526,0.0,4,0.6580378546357832,0.26500941061548,3,SYNTHETIC_DEEPFAKE,75.63581211121274
0.41768686299834556,0.23698613524716391,0.6110849054027566,2.666853318740084,25.218854610569938,0.08890835432588641,1.0,0.9778759351154742,1.0,0.012002347659086074,0.07157806001047867,1.1580252148419026,0.9649100269303348,0.0,1.0,4,0.9159180814845099,0.998510531247096,1,IMPERSONATION,84.00942629288988
0.39817870171359987,0.58,0.6538873187464496,3.963347729565571,20.408456449369588,0.05816607723006388,1.0,0.8789084804305997,1.0,0.011447516793723553,0.02,1.083214585706365,0.7764234597108658,4.354622173507771,0.0,4,0.9332288989636545,0.9000391994637787,1,IMPERSONATION,87.87194522058195
0.8414683208479438,0.7902687685221567,0.15426421167466758,5.216589053567553,32.170411919175365,0.05314729926779142,1.0,0.921887737680617,1.0,0.03970864270717799,0.04961062601845806,0.9362290568105031,0.8660303771450324,3.754493079003184,1.0,2,0.9495531754474565,0.9220272716868935,0,GENUINE,7.106145716480766
0.17030889686844594,0.58,0.5313871541218983,4.434633030631002,20.796418029988118,0.05679280529727771,1.0,0.9721895408837609,1.0,0.01,0.12488635401660424,1.1199128131600562,0.9309774473084256,5.123967705268034,0.0,4,1.0,0.9133226329085198,1,IMPERSONATION,84.30414996391488
0.8861277352522621,0.8885747421833136,0.15194388039614734,3.851926033693148,24.682840522614978,0.04302738949140753,1.0,0.9858839095737146,1.0,0.0240941341786913,0.06275946540301547,1.1301656713996366,0.9231808879975085,1.5432203549058388,1.0,4,0.9210341767550617,0.9700966652874811,0,GENUINE,6.343614829293514
0.5331200371808552,0.5074939645021492,0.5048022981676796,43.8244002142368,272.0503676917053,0.28034346985235836,0.0,0.19729719894348338,0.0,0.1488901436046491,0.3238613534055378,2.2457397033073114,0.6475651518990959,83.68127624599332,0.0,4,0.4435942478235295,0.5452489354293415,2,FORGED_DOCUMENT,98.4975701469639
0.6475702888947861,0.2,0.53333060215658,17.39450976456869,237.33061576448625,0.2682275755826512,0.0,0.4242433910747143,0.0,0.18046466072667736,0.4115147800111566,2.795030466150595,0.7035421823510755,67.11768006963649,0.0,4,0.5147127853302983,0.7431398152310611,2,FORGED_DOCUMENT,94.22450313104086
0.8435484194592114,0.9032538749371547,0.12213598498186495,2.0517945567280127,35.0,0.010731880831466228,1.0,0.9380677849484681,1.0,0.022419363694735718,0.04830874001712384,0.9527721727812402,0.9591418582368947,0.34033868033487336,1.0,4,0.8611958472915265,0.9857038935319723,0,GENUINE,1.172070176798047
0.7125037870412521,0.4452236666203502,0.5838593878293781,12.241379194699109,218.49943736442867,0.33131067996822183,0.0,0.1461980951659085,1.0,0.11897102272932304,0.2603305210563643,2.3385176912495913,0.5142636423286364,75.07053781242455,0.0,4,0.5584276228450394,0.8424819225432905,2,FORGED_DOCUMENT,93.34387603056754
0.8820884524299899,0.7938460414375375,0.09264202444941441,5.107885950908996,15.072896155494881,0.04087657598920857,1.0,0.9886740823533744,1.0,0.0198343159017748,0.06366649023032184,1.0790744335510325,0.9089943134372586,2.5954735922447765,1.0,3,0.9251288395390604,0.954695054528773,0,GENUINE,5.487974660483697
0.7778703309094184,0.5403278347278514,0.42167556939049333,19.50063689135624,188.21960181648504,0.4521859131154766,1.0,0.3589334543041056,0.0,0.19344380941946276,0.399027864657083,1.755735840278053,0.8311265621333368,65.28188037172066,0.0,2,0.47658778140570607,0.8450780210186158,2,FORGED_DOCUMENT,93.50860966331912
0.4604016768448241,0.45110819338500907,0.5726287882512745,21.61560080133399,140.93216729984232,0.19838960885906654,0.0,0.3893288365647218,0.0,0.3070585835784624,0.16693933957412296,2.6588385268034727,0.3438897905663101,77.04671556968785,0.0,2,0.5100054528556365,0.8991093746912525,2,FORGED_DOCUMENT,89.00336808310146
0.8815174419600805,0.8092883343850908,0.07441508863751703,1.5841517084409182,16.313085317981834,0.04169279557086428,1.0,0.9468415643632124,1.0,0.03629304882904314,0.04770706972977705,0.9620469422423917,0.9169752979878241,0.8434302331553218,1.0,0,0.893244034828154,0.9263381116931141,0,GENUINE,1.7613499308099678
0.8873752219448757,0.801753164141437,0.08283724529519133,2.7792931749954395,15.480212866176648,0.0632497456838295,1.0,0.9652408290659857,1.0,0.02176560999854937,0.055346934988505264,1.04534147598743,0.8848312297252842,2.3148717144277815,0.0,2,0.9546157696770056,0.9484335153822896,0,GENUINE,2.5636660725042253
0.9575457624602249,0.891300333277313,0.2770195548840717,3.8820205323837564,28.702575778754557,0.01,0.0,0.9175945508040841,1.0,0.02895525537416974,0.015192643487710294,1.0002632392990511,0.978360454182358,3.2517568967330024,1.0,3,0.9404438088127831,0.9518575891176784,0,GENUINE,1.937963040470719
0.4173185261991683,0.28783946327154397,0.6039767301167316,6.173732760024334,27.173951483349157,0.06248594525606988,1.0,0.9484002005332981,1.0,0.029403924362971186,0.1009833873219046,1.029589995524139,0.9015043947551384,0.4789078992610074,1.0,1,0.8687329423104742,0.9318218395095962,1,IMPERSONATION,80.85825557722245
0.6834025564392705,0.38690844054493145,0.3992905678224111,22.700469511841355,131.19746000386957,0.26826573491163636,0.0,0.5045036689550728,0.0,0.1724861323381741,0.37122789643500337,2.3752424795721065,0.7708557039052929,98.35983558567256,0.0,1,0.6103630805426747,0.5666034608127377,2,FORGED_DOCUMENT,94.86730177841166
0.7854729712975754,0.6828089185090483,0.34573539666565106,17.86487949666526,150.08902618577014,0.28153366712452077,0.0,0.5999110145625921,0.0,0.07639588133767924,0.20983200784742811,2.3100663863686743,0.98,80.23853659032598,0.0,2,0.588576967347954,0.23691133890713523,3,SYNTHETIC_DEEPFAKE,78.5639033843629
0.3309582749278487,0.38366144106430844,0.7680464572065763,4.8535689606745125,25.590560728566494,0.09666594472667317,1.0,1.0,1.0,0.07938814828017249,0.03612908226179267,1.3702871104564691,0.82928321130469,3.362120407590494,1.0,3,0.9111145567097785,0.8810016457884853,1,IMPERSONATION,79.48433819835135
0.82,0.36853262015801624,0.41426164155650586,12.315412516978046,121.0205823623979,0.3079693089076219,0.0,0.2196635790379392,1.0,0.14599132352889987,0.24819787719602748,2.167433677010948,0.5203421699502077,98.13733934337566,0.0,1,0.3663205773223518,0.8096158691108537,2,FORGED_DOCUMENT,82.30296267126943
0.8382011492413682,0.4807169826526726,0.49938771420797723,26.353655366165384,109.17364313176547,0.17180756222302865,0.0,0.4517425124505429,0.0,0.08836306525626549,0.3012194230036846,1.8002061721344174,0.7151266607212777,67.72811522159753,0.0,4,0.569792980486028,0.20094643660992226,3,SYNTHETIC_DEEPFAKE,79.6817255667053
0.2572480714196901,0.58,0.7978737941927007,4.551484939769871,28.12797079848317,0.027539439050910233,1.0,0.8571913092409347,1.0,0.026883648895975717,0.06848249220157372,1.102810115320367,0.8596600470758966,0.0,1.0,3,0.9949525160096981,0.7766462606678016,1,IMPERSONATION,71.02022440311944
0.5744892854418749,0.3322042099881106,0.38809017309201826,29.4333426913885,224.68182260902992,0.28211431249603947,0.0,0.40471750314651694,0.0,0.1066497296045429,0.2914962860906677,1.5370726823582155,0.7460545399332168,74.63651664962998,0.0,2,0.37398670730857797,0.7281542104923133,2,FORGED_DOCUMENT,97.54169183527164
0.9139464219803238,0.8550583330681792,0.0967332152940372,3.600940340019946,17.191983148501173,0.0387529071606244,1.0,0.9747274604677998,1.0,0.02981121188012514,0.07263276239336625,1.0520301933048546,0.9532375135976534,3.976347163692923,1.0,0,0.8960942140168211,0.9041439877312886,0,GENUINE,5.364433296227059
0.99,0.9019458078908534,0.15937099402617183,5.435208634840469,13.51098834226342,0.03786810478170696,1.0,0.9886546235070247,1.0,0.03280734458560394,0.057636781216819685,1.0363061067429415,0.9196135388872632,0.42303006895809503,1.0,2,0.9785235599285212,0.9737422688912344,0,GENUINE,0.0
0.885818210605651,0.8398998440154282,0.13355279573213488,4.231163096102906,11.250927058126472,0.03496838338468842,1.0,1.0,1.0,0.02570507208354516,0.06260297552855723,0.85,0.9405266007204627,3.820427618475671,1.0,1,0.9419723332608089,0.9807535870387558,0,GENUINE,2.679433731388102
0.904426324926764,0.8805720478548438,0.13800008911767214,3.32680724091779,17.58887982964104,0.01720616589905585,1.0,0.9815482322092338,1.0,0.01985645533435851,0.04739754740620227,1.044963447578899,0.8915897315301795,1.9111861626535398,1.0,0,0.9676847802035395,0.9513587044940592,0,GENUINE,4.622306558330687
0.6472742600092332,0.3460901352774586,0.6731318594581384,27.564371969722956,179.68386245274385,0.272479020471926,0.0,0.3445643195881466,0.0,0.2474176308430421,0.4127295859025139,3.282255426376116,0.6484666420889578,55.31971685302864,0.0,3,0.5554645505343003,0.7329986946300683,2,FORGED_DOCUMENT,92.03064984115537
0.5722694949621067,0.72116387624343,0.4089889557047586,20.09913377334758,97.07270368905104,0.19954147248333987,0.0,0.596203947580469,0.0,0.12650692639796288,0.26754991776899417,1.46688884889226,0.5983524355035802,40.45854717126888,0.0,1,0.6834840283519718,0.17420121547638712,3,SYNTHETIC_DEEPFAKE,93.72711167155875
0.9669493962037872,0.8533334713973747,0.14131890273576783,4.082335987889392,11.261580495691724,0.033383037428523554,1.0,0.9600798347437965,1.0,0.03762990315375771,0.04750704523349914,0.9089443751032991,0.8554182641932805,2.909723975506309,1.0,4,0.8861116207972589,0.9533642595155396,0,GENUINE,3.3619818668514534
0.35782072977641194,0.3463494063574032,0.92,3.0196545724100994,35.869845761680395,0.09490168649667136,1.0,0.9534961606620973,1.0,0.010406229213725353,0.023492794961037497,1.1267227005504439,0.8683305262962682,4.296215602025665,1.0,1,0.9392918666134772,0.8938976687001848,1,IMPERSONATION,87.33257443128242
0.6557769931709296,0.6732313787937113,0.47945801781518993,13.645133027486105,139.29018560870884,0.18690638090064104,0.0,0.8,0.0,0.041757090451421536,0.2782824664726718,1.6526060345693194,0.9527975121394529,72.24539377487474,1.0,0,0.7369071576982354,0.17150367383637924,3,SYNTHETIC_DEEPFAKE,77.302749902372
0.8328936556716221,0.7659380998825029,0.09227751704781041,6.509919791947066,13.655810188940034,0.05381974417720682,0.0,0.9784473646247206,1.0,0.02528707921363731,0.01883603140499599,1.1618929004178735,0.9374520572531857,2.9109683031893305,1.0,2,0.9676364382956877,0.9322077264731804,0,GENUINE,4.547571717382814
0.9530580153839633,0.7856732746588824,0.12670190316866176,7.0,16.999911884387828,0.022355784080081903,1.0,0.9533367011420224,1.0,0.016253460321883524,0.04957146892546872,1.0171592137706835,0.8722256751364403,3.0539965317341964,1.0,3,0.909129121704285,1.0,0,GENUINE,4.768739689330134
0.468081945704367,0.35413186339237934,0.6179651039162851,3.172505774810411,17.60698815208338,0.042165068327198324,1.0,0.9346668775098472,1.0,0.028052379881730646,0.046827185025545205,1.1687356527679647,0.8495010170181702,3.0856766218119196,1.0,0,0.9204710841698085,0.9387026925258669,1,IMPERSONATION,77.4573118988005
0.8397741059772245,0.846750574048102,0.1335042632433263,3.378631167414993,25.14433057003228,0.051143573213384974,1.0,0.938883160490987,1.0,0.024904195717027663,0.03792439521875862,0.9966009333097835,1.0,1.6201778672179854,1.0,3,1.0,1.0,0,GENUINE,4.035624347317531
0.9050923967652722,0.8428728980579301,0.12164037905936609,3.3326985470083548,26.716645858544624,0.03231935644239719,1.0,0.9301963132182997,1.0,0.025793992391740034,0.06870476322799254,0.9706229422251501,0.8602780120997151,3.269265419619066,1.0,3,0.8844821575773384,0.9195103415148167,0,GENUINE,4.174710221327722
0.24143866922061522,0.3819659317114477,0.659821165538534,3.200064666047929,28.701644795007102,0.10926816843497687,1.0,0.9802602766185022,1.0,0.05002805820460131,0.06170571724142837,0.963701042683213,0.9696831411075939,3.8475384039145464,0.0,1,0.8589541090787364,0.8423158616918374,1,IMPERSONATION,89.09481064619953
0.662944505227751,0.6317963803988076,0.5386003394947477,27.447922724836932,95.71763864305305,0.15931864914634714,1.0,0.5891410132918908,1.0,0.12602671148928296,0.29449887761025423,1.750054594333796,0.7599714000137608,69.06523706839779,1.0,3,0.6339038128128904,0.18143760114278604,3,SYNTHETIC_DEEPFAKE,88.74335183473632
0.7274951703661966,0.7474088376520589,0.3744732304220459,19.45745858970245,95.39291148958365,0.16676475675406285,0.0,0.368213404185056,1.0,0.09681860800121049,0.28816420185680997,1.6672906425021023,0.98,71.06311978846443,0.0,3,0.7253329303328946,0.320282724622364,3,SYNTHETIC_DEEPFAKE,85.35514281190854
0.48701871790057655,0.42536892026755296,0.6623089906515834,15.578661491510372,205.9911360921338,0.33825904858446926,0.0,0.3300988356957453,0.0,0.2651990944809278,0.18300152255667315,2.258173606446222,0.6092280285723448,45.0,0.0,4,0.3496856719705758,0.8432431236713562,2,FORGED_DOCUMENT,89.95700942962448
0.46666297556887415,0.34739614832992,0.7327984613304803,4.279441634871919,11.15835674127653,0.02,1.0,0.9855775466538002,1.0,0.04940925273813332,0.09259950141682002,1.1736135274776205,0.8076234955531616,5.529788684126018,1.0,2,0.9651050982743239,0.8042712370624286,1,IMPERSONATION,78.72023730553545
0.7889695781996993,0.9025405417265235,0.1291902797557373,2.443916793151571,15.799922852025118,0.06514298433725146,1.0,0.9697504240876962,1.0,0.015537573257802488,0.06371015477580408,1.2048608833296413,0.9112218027250393,3.50298220713686,1.0,4,0.9227150516270378,1.0,0,GENUINE,3.5831233447528112
0.9749935317815503,0.9234989004799968,0.1341109697831965,2.925105004276761,24.787477814783472,0.0351817750981276,1.0,0.9136304958090012,1.0,0.025623166206232582,0.05834526895716373,1.133770620271478,0.9374797499680149,1.676279534431424,1.0,2,0.9907871535840853,0.9524128765813188,0,GENUINE,0.8918224422372374
0.92,0.7129603531672601,0.3698698850946913,17.422166892362647,145.6933389101894,0.18903679579672644,0.0,0.5013206967557099,1.0,0.05654466118234387,0.20922264834450716,1.748608262874887,0.6634013630698469,61.639164696116374,0.0,1,0.733484611880521,0.06500762594442408,3,SYNTHETIC_DEEPFAKE,97.31342016348606
0.22435942775643397,0.3204872751464369,0.8362504354905529,4.62216758358284,24.154964761507074,0.03181556315616437,1.0,0.8248533585992014,1.0,0.024165065974477977,0.09762429027879757,1.1201495794816814,0.8128448276918498,2.762383502955852,1.0,1,0.8701370625102419,0.893929442560095,1,IMPERSONATION,82.8894360410932
0.3848283346976539,0.46264576959118014,0.40363823608637595,22.583226006573636,145.79386366339548,0.2488103093690975,0.0,0.14205436955141082,0.0,0.22605565352381754,0.35968497684746664,2.2432097234474666,0.6387233878126748,99.0,0.0,3,0.39351023011826286,0.5484155868661891,2,FORGED_DOCUMENT,84.32107018807568
0.5475860868927365,0.6596945098482301,0.3589246074442858,18.16423580225417,82.13042491527536,0.23919829539522258,0.0,0.7257023869872251,1.0,0.18813112798746598,0.30308251128465213,1.1,0.8533557795341281,56.231587512637056,0.0,3,0.537688340012743,0.05075508687050567,3,SYNTHETIC_DEEPFAKE,95.67505466408915
0.9367126920766891,0.8850582113702948,0.10607630993289699,4.690950696311144,14.674474747544217,0.044333662379285724,1.0,0.950899497975686,1.0,0.009598062801841022,0.08890390148553867,0.85,0.8901166158372572,3.0553178349126116,1.0,3,0.9633725666574123,0.9351005551397857,0,GENUINE,5.730581716977765
0.9181580650427043,0.792454679172045,0.0890357766738903,3.1166602706094673,17.755871675660018,0.018715599863653024,1.0,0.9597046557404885,1.0,0.026709112482768752,0.06207581040555789,0.9808123234613134,0.8691117845461523,0.9588946727109837,1.0,3,0.9250692701623474,0.9313972220374569,0,GENUINE,7.179671265771663
0.8324620964677536,0.8220630802325352,0.10415362273350351,4.1919490610781605,28.89229574820849,0.05405763597190244,1.0,0.9759601859646583,1.0,0.023616610612470168,0.064900611258256,1.1639445715153136,0.8970225529419122,0.0,1.0,2,0.9281581559871505,0.9403938875077003,0,GENUINE,10.58671581475529
0.8402732489905355,0.7924165009157629,0.1424829038709548,3.246044491692247,25.413995652449024,0.01996463442870691,0.0,0.9620541410558601,1.0,0.045460483334044746,0.05826113067572365,1.0779290144304885,0.9780341247848563,1.805576401861961,1.0,0,0.8967432148501838,0.9798866089703833,0,GENUINE,2.447920802834786
0.1352244875392377,0.5510955779927441,0.6645354104798835,4.56105234254442,19.17363891935821,0.0930809017887026,1.0,0.9716423103556661,1.0,0.03370636284465747,0.021594996994447134,1.095002810627034,0.9213952526181028,3.2335504949034513,1.0,2,0.8853110172854223,0.9115151813030454,1,IMPERSONATION,81.03681486958106
0.883296046659991,0.8003294101675579,0.08707475446623326,3.5395795394907554,16.649103269265083,0.08853432972691044,1.0,0.9729887947608209,1.0,0.0062238249924576276,0.03870451991658116,1.12213832954294,1.0,0.12102503164306277,1.0,1,0.8648030245944381,1.0,0,GENUINE,2.9056166373868333
0.8328954245157766,0.43137081325318716,0.3586433908003537,14.404028721543423,135.5024058314909,0.2369201782686805,0.0,0.7150113533131268,0.0,0.07371907184692789,0.37664810882225513,2.6894835019050003,0.9110186278609276,48.28333322148721,1.0,2,0.4257730759938422,0.05,3,SYNTHETIC_DEEPFAKE,83.37602526829312
0.6109059828908256,0.7165071021214596,0.48971182335771996,19.73091348224936,183.53877933571096,0.22792997082398364,0.0,0.4413461563615112,0.0,0.22776992517229575,0.39666826702173474,2.2798449111862924,0.4732900487733896,71.83377745932626,0.0,4,0.405836151131273,0.8383392426449587,2,FORGED_DOCUMENT,86.57018716000056
0.52,0.29928449889118836,0.5954373960264727,2.780371279072873,31.771388747135617,0.03876506165298195,1.0,0.9482008196747997,1.0,0.0320676399242419,0.07578917537682799,0.8843539614710381,0.8640316262109057,3.6256671458386815,0.0,0,0.9630771134058053,0.9770668766436806,1,IMPERSONATION,87.46137371016897
0.2454775538731107,0.458837625046258,0.552567818341681,2.143028735840816,21.461554640258274,0.07654956805737223,1.0,0.8697571526190521,1.0,0.04791592436471857,0.07756273459410863,1.2253022837446834,0.9154632741285941,3.864212064114654,1.0,0,0.7921061630213894,0.9808423799844775,1,IMPERSONATION,81.78153610133587
0.4100868131260084,0.3348699136381102,0.7713907563357212,5.165276516474914,18.551438872461365,0.0576202141087136,1.0,0.9187652343745482,1.0,0.021238542864373853,0.02,1.0985862368454105,0.8301192789207733,2.4956569862948443,1.0,1,0.9990814241559255,0.8799505583512209,1,IMPERSONATION,82.03826053211692
0.6482717368106637,0.47495760119547986,0.39742816496093525,17.72216084584143,221.0662959971632,0.30386161859973987,0.0,0.4670932759966683,0.0,0.22111673008015503,0.32544149103086284,2.4572584592487186,0.6345142395255232,73.40862908871298,0.0,3,0.43775216223405955,0.48538564656391725,2,FORGED_DOCUMENT,100.0
0.8056262628351857,0.7447990573922327,0.11270289367621993,3.0061502689816497,23.020516781014585,0.027709224326178103,1.0,0.9605761790401107,1.0,0.006103703291444544,0.04641497949286177,1.008999450129895,0.9846030167163262,1.3762424100951374,1.0,0,0.9722366011417263,0.9329030836722263,0,GENUINE,2.224810116004315
0.3985645109472971,0.4024902356856208,0.8077112439941817,4.243751159466283,39.92787242115345,0.031709089632208656,1.0,0.8979716518332994,1.0,0.038343320596456766,0.07557389268189807,1.0546616592657476,0.8699773665671349,4.910800059947991,1.0,2,0.8894265771032819,0.8976490517374003,1,IMPERSONATION,81.75431017333955
0.5791376186905828,0.4605359133485949,0.4891170411442528,8.360717274860805,119.4654437197654,0.26835304812919036,0.0,0.36352461723442064,1.0,0.13203353901176548,0.20012662876234594,1.6811809493622292,0.7899938250850089,55.53493435896299,0.0,4,0.548141815288332,0.19363584976036308,3,SYNTHETIC_DEEPFAKE,84.10426803183393
0.7226207007127835,0.6092723821560059,0.35779137150259205,23.490502222528967,137.37123862403476,0.27686079942826713,0.0,0.5701796336774831,0.0,0.17350792672062698,0.2202305405929708,2.3474707973427145,0.8202413612772465,30.0,0.0,1,0.7236890797947272,0.2921214398590533,3,SYNTHETIC_DEEPFAKE,89.97935558428725
0.28396960535545457,0.3466778907613811,0.6972595190279725,3.0938491665240373,22.199758907055717,0.09533119063065054,1.0,0.819622303427772,1.0,0.01,0.06479712132430185,1.1712719521959731,0.8752619065063382,3.3534242419928506,0.0,2,0.9143437988690979,0.9651977086369152,1,IMPERSONATION,74.0469585536636
0.7553360493444659,0.8250898217288835,0.524058019983978,25.19885454822758,118.42593507621368,0.1866716528435984,1.0,0.4076080804702912,0.0,0.07365359527145895,0.3042205686996741,1.7356832136621472,0.8104535788889687,50.33301642798706,0.0,2,0.7350361186630643,0.1411950001747595,3,SYNTHETIC_DEEPFAKE,84.18322794586967
0.8603238086573497,0.8622258276447277,0.10608595938354928,2.0675759159269225,26.71811097416171,0.06924971416959189,1.0,0.9653874737838953,1.0,0.022521555056676197,0.07522027953160015,1.035665355660374,0.8990461047028178,2.5590086901661944,1.0,3,0.9957267454866988,0.9437185323762948,0,GENUINE,8.83352699474957
0.673451570018868,0.8072454617918126,0.47801734646243066,15.699331645041415,122.67596175515293,0.19567749073761945,0.0,0.2958399414922399,0.0,0.121180676388681,0.24303139485896283,1.709582849256085,0.8503590059811516,60.44345543207477,0.0,3,0.5281801612317673,0.2247406458183308,3,SYNTHETIC_DEEPFAKE,97.74931207761958
0.44047903996498505,0.6648712716051888,0.47786094545392827,21.526762623413155,155.59154375098262,0.3158483388366429,0.0,0.24666352309232878,0.0,0.1708895892247937,0.3507457045103497,2.2897894345483594,0.7828889164529371,82.82274183934697,0.0,2,0.49920185781914944,0.8295077994777154,2,FORGED_DOCUMENT,87.75076432828725
0.3275237014402915,0.4598593335258438,0.4838139949558017,19.346729141544444,126.39569394638255,0.14,0.0,0.16893428176528044,0.0,0.29283520540268704,0.3501035008542482,2.7760269999366445,0.8612324069613432,83.23660894254496,0.0,1,0.597969457297584,0.7498824506384878,2,FORGED_DOCUMENT,99.7659727925599
0.28017350454629836,0.4056284402122138,0.7163318034656848,0.8,26.010908683484466,0.08223314390075234,1.0,0.975605642453313,1.0,0.06697664997529723,0.05148296205669675,0.9015361882793828,0.8469275491697265,2.78035979259424,0.0,0,0.8542378120444384,0.8535664213827393,1,IMPERSONATION,93.52827247108092
0.511375168013445,0.4856974456298053,0.5519208475091859,16.846466507046316,239.37157133024178,0.24334888752247152,0.0,0.3213664602949212,0.0,0.24167184903150868,0.3157676304370892,2.5046331070238823,0.6523059204684865,83.73468206013882,0.0,2,0.5471404089203825,0.7472351881339215,2,FORGED_DOCUMENT,91.7235978733923
0.6252497207450252,0.572528619717228,0.33651051669630816,15.830417661214769,87.13502445725157,0.18230218087106037,0.0,0.8,0.0,0.16842445003945075,0.299098240356242,1.4103154685591712,0.6932699622213324,67.73607931516052,0.0,2,0.5117973044760942,0.32967879422561003,3,SYNTHETIC_DEEPFAKE,87.96034426588425
0.4651514551099877,0.75,0.43867293949055874,13.85885140854167,212.16078941938233,0.3365640129539746,0.0,0.26446298411441,1.0,0.21000329440554671,0.3331045731066877,2.5358607924433434,0.7609339794384228,99.0,0.0,0,0.538300130929463,0.6081243305615108,2,FORGED_DOCUMENT,96.77433273540385
0.6391224435105185,0.5955669368005875,0.2587517426051696,11.662820254144986,95.18013852782632,0.19985744050593413,0.0,0.2,1.0,0.035086517474349155,0.1,1.733512726905464,0.7062045003165801,53.74342075855339,0.0,0,0.6029189440353345,0.21845675539370749,3,SYNTHETIC_DEEPFAKE,86.28157614789873
0.13458213075049705,0.4176113771648234,0.7342610040723339,3.320381884758133,17.3675071892862,0.1277356890077294,1.0,0.9369878493391716,1.0,0.027958872187423038,0.10129734914841265,0.8,0.8271414795288823,5.8057760902574795,1.0,2,0.8933323403601736,0.9857776663001772,1,IMPERSONATION,83.08769095901873
0.34312041529557447,0.5642216606643624,0.6275058736644744,22.029688442281213,177.9501589256954,0.14,0.0,0.33464810427768066,0.0,0.1518427193613818,0.21597371711554883,1.7641573171576863,0.44031812324044595,95.58997003304007,0.0,3,0.4715943094846806,0.7518239313689246,2,FORGED_DOCUMENT,85.5480390059628
0.8101569620556505,0.8249406695910665,0.10701932430607729,2.731317427290783,5.840970556246152,0.06678653178959999,1.0,0.9820004469806711,1.0,0.012760918108457265,0.07137584642788584,0.8914000293483506,0.8655794382163577,6.0,1.0,2,0.9366985844271656,0.9473080848662576,0,GENUINE,4.841154461341666
0.4578959809037683,0.6354769090369274,0.7107000691889964,16.63367774955973,218.21866321462733,0.44471885566354696,0.0,0.2302533236099565,0.0,0.24723390886058633,0.251923640785905,3.4978517006229746,0.5195494310394404,87.46901846067955,0.0,2,0.4724117312079052,0.6550683822490169,2,FORGED_DOCUMENT,93.02514802222096
0.8875760641740441,0.7810741650606916,0.11037382764423936,3.2916817019261875,10.306295574859103,0.020517563075672634,1.0,0.9811028375036193,1.0,0.013699750204661056,0.06463911005019692,1.000307819200311,0.8967709460942191,2.5665381962734104,1.0,3,0.8701717026856138,0.9062605306525613,0,GENUINE,5.445465355640388
0.8215978195940633,0.67325406994211,0.5498479088985564,20.856662205839324,149.80644486792386,0.28486585841949974,1.0,0.48575281454749,0.0,0.11905257192589515,0.1,2.095669324979363,0.6736839309933527,92.0,0.0,2,0.5134163853468818,0.20322383149635576,3,SYNTHETIC_DEEPFAKE,98.63461925977542
0.2648665805953976,0.3748780588563328,0.724092557816526,3.706031454399142,25.606061018343972,0.05987761585487906,1.0,0.9047924072746082,1.0,0.04916751409296115,0.04886888609038869,0.8,0.8544359486163757,6.519541289615039,1.0,3,0.982716996129265,0.9429482139205397,1,IMPERSONATION,92.18719778968283
0.8835022174490738,0.8077298748134132,0.1328397036578481,1.2970490733139952,24.342357385114205,0.04597595560643524,1.0,0.9984064581815238,1.0,0.017356785112598208,0.05174032960784773,0.9163856428024804,0.962836871073523,3.097072324763894,1.0,3,0.9580198289511214,0.9395296683911561,0,GENUINE,5.5898536291146055
0.36252701439348756,0.5928496926242459,0.5579772189813452,26.519685769395718,193.50587601342826,0.3606168323674659,0.0,0.3903110774611329,0.0,0.14769314497056502,0.40186029510339394,2.265881155407439,0.7561774007687081,58.700525179977596,0.0,3,0.35860077917376726,0.95,2,FORGED_DOCUMENT,100.0
0.9857276597847454,0.8615842575185791,0.23730768897755286,4.398325782184676,23.02241382307069,0.05877447232476318,1.0,0.9233058355677173,1.0,0.017150876521225353,0.06280339272246101,0.9174666109467547,0.9479668662263836,0.2524465218012466,1.0,2,0.9857327929584627,0.9756225101229409,0,GENUINE,3.3577455931851015
0.4010335701856199,0.4567843049631507,0.6882651507403924,27.41212990311467,190.87440315927614,0.2971891767571092,0.0,0.65,1.0,0.12720655168433986,0.33035230097085266,3.0048193789232247,0.7854760908190459,78.051736737181,0.0,4,0.20734300133152717,0.49754145565311136,2,FORGED_DOCUMENT,87.97468154639014
0.2169564802065254,0.42345344419527714,0.836553602346682,4.28199812760692,19.666302366551026,0.048094817609824,1.0,0.8893697406901762,1.0,0.01,0.08280413294589208,1.0841932000289034,0.8894719466791715,4.954835416847037,1.0,4,0.9183892815110927,0.9166949247971138,1,IMPERSONATION,88.2562510310178
0.3049260483613587,0.33548855688428253,0.6779140065693626,4.41984273837981,19.59922643131666,0.08997255179948689,1.0,0.9332536920804443,1.0,0.0415930271349689,0.052818349983664914,1.1400702700045546,0.8165631643930858,2.879768338441549,1.0,0,0.9478326525210071,0.858684618344945,1,IMPERSONATION,74.43409107418626
0.99,0.8067758990689123,0.14627930882839818,1.4442677486741173,25.463959332805832,0.0240229539787484,1.0,0.9917141030640279,1.0,0.02649275576531212,0.04287826751359783,1.0653622959997093,0.8820373576085706,2.9787402662633635,1.0,4,0.9319638997783051,0.9307074571625479,0,GENUINE,6.9474583936049115
0.523846065682751,0.5648416082842708,0.5183536749705683,30.737677364187185,224.9862974631867,0.344429288129659,1.0,0.46870466922336185,0.0,0.14265697783676928,0.39031622559773266,3.622094704501199,0.7666020437721356,73.0720518834773,1.0,4,0.4104011877651522,0.7283526651175769,2,FORGED_DOCUMENT,81.92845939305191
0.9730149803663299,0.8548791620312276,0.1538119113840787,3.584240665818161,11.15610759954098,0.05351393898788776,1.0,0.9408952065082998,1.0,0.001422801386422888,0.04871877922932222,1.0729893154883774,0.9303980465340194,4.9634140863106575,1.0,4,0.9333788739458668,0.9228246172077459,0,GENUINE,3.2573895771643544
0.3861389939503498,0.38025456559320225,0.78,23.04215526255791,187.138158564258,0.20316664636726173,0.0,0.2312359858056634,0.0,0.2343056578384426,0.3476483551308085,2.474313396184249,0.744816532583169,86.1575586237808,0.0,4,0.72,0.7460029810103277,2,FORGED_DOCUMENT,88.44587309486826
0.9014175937730686,0.7308262738805389,0.1509243035328215,3.9466877022181945,15.174622741114035,0.047596764047903486,1.0,0.9560201275116804,1.0,0.025348069061505236,0.07033640986893004,1.053832518878458,0.896147962961159,1.5283149328702046,1.0,0,0.8974676498852551,0.9553882987241121,0,GENUINE,3.9037281957127195
0.2524979586590855,0.5070497316595779,0.697429558806512,4.2043889500191565,23.423267131293237,0.027879948857502092,0.0,0.8883407734292998,1.0,0.05544856765633191,0.08869623410908015,1.2082355883954605,0.8807516283660679,5.612576967492246,0.0,4,0.9338516653943892,0.9275718447183109,1,IMPERSONATION,89.203026882981
0.9571761168042761,0.9243546895639598,0.1273127845731779,4.559529960552158,9.340688829813521,0.0388419018532443,1.0,0.9728885465739775,1.0,0.022076876871631113,0.06636969469277079,1.0333847654246,0.9423319865758544,2.180091436051313,1.0,4,0.9851627775014057,0.9467833690516403,0,GENUINE,3.036374543989867
0.46152225423886145,0.21520422653520427,0.7005707246029891,3.277828389437123,22.498532901397112,0.020758221836202247,1.0,0.8637752450110056,1.0,0.05335733086548134,0.11900849676417621,0.9553552685416479,0.8308312230987861,3.49630782327176,1.0,4,1.0,0.8486897956621344,1,IMPERSONATION,86.95147426168634
0.8454148254199094,0.9529724283571973,0.11502523899161783,2.555520711716005,22.49221361019698,0.024077263936270094,1.0,0.9314980950760161,1.0,0.019172849761035067,0.05486183455321398,1.1151306244299484,0.9463448961832898,2.2136916706702303,1.0,0,0.9320721729448112,0.981551399325092,0,GENUINE,4.857702004280556
0.3304037064811917,0.3767256862829958,0.7089426086335481,4.374762078713807,25.0375974193369,0.050655984153023956,1.0,1.0,1.0,0.031627520640364,0.09275233358513024,1.0768618443925386,1.0,0.7783300433978417,0.0,2,0.8920554334399108,0.9364738937206389,1,IMPERSONATION,77.7157141380017
0.4848548474322492,0.40983551624026987,0.5370885839953758,21.085666791158058,198.9579122232277,0.36913874773940836,0.0,0.4447842657721129,0.0,0.24167093430156417,0.41773265703560475,2.6055554880652867,0.5962038460935348,67.68845700763526,0.0,0,0.43305862036371345,0.7179787375999539,2,FORGED_DOCUMENT,85.9494498726885
0.7968754364909123,0.8520488288733379,0.17156725499388817,3.4923169333612445,10.47754935267297,0.06514205561310389,1.0,0.9701080299043215,1.0,0.007331032870734061,0.058773359251165204,1.1901566070052856,0.918184203329204,2.496680995794157,1.0,2,1.0,0.949455260906619,0,GENUINE,3.249989402410714
0.9464822925689829,0.9320460313574414,0.1765285012481262,1.981514438083002,17.773107049177916,0.06877051550785708,1.0,0.9763769735134596,1.0,0.018256679186581307,0.041757171743504344,1.0284380881645667,0.9418357624084439,0.8751490391587236,1.0,0,0.915939928527129,0.9717553205745512,0,GENUINE,7.000657301376404
0.7990581568735479,0.49298044064064234,0.6498361290016244,14.392013791739947,152.75665438394336,0.31512785603560195,0.0,0.27503687552184236,0.0,0.2987553907334784,0.30282749542917115,2.4068683580884214,0.820793865579903,93.74534630000761,0.0,4,0.44625671853630844,0.6837282317287117,2,FORGED_DOCUMENT,96.98711599902454
0.3437586639139503,0.24378912426790977,0.7904643969526659,3.237167438037453,8.0,0.10585903247488596,1.0,0.8308391285979813,1.0,0.01,0.09917341797765318,1.2562992516224816,0.8052391458716043,6.421313671681523,1.0,2,0.8752967726965937,1.0,1,IMPERSONATION,75.86899105357524
0.30755801036092456,0.306745390428392,0.5830090593332775,6.45569788165669,22.826969919909008,0.06864717681265696,1.0,0.9899221912259666,1.0,0.04488806896761026,0.05509814605953118,0.8473287783777508,0.992947379361428,2.421593040532442,0.0,0,0.891742602236959,0.9876642453608606,1,IMPERSONATION,89.88696123311149
0.4204100380647027,0.3372282755719632,0.541932580155243,24.101998907839583,223.36282810256154,0.31524809740662335,0.0,0.24597105498534427,0.0,0.06351175708809119,0.28227828110534997,2.483035403615685,0.6029946958620307,82.9203663153138,0.0,3,0.4894020638799699,0.716748091755806,2,FORGED_DOCUMENT,91.79771786518224
0.943596433363549,0.7184307560392984,0.09054635670980762,4.021775924917022,21.262518376640287,0.05476160749819302,1.0,0.963326684366633,1.0,0.01585541898229674,0.037828278279871584,1.0031493369065132,0.9299743971138708,1.512589835198023,1.0,0,0.9242497073410715,0.9252939241826259,0,GENUINE,3.409817859932376
0.42411235540221254,0.5038862007280022,0.6583641371880431,5.351765542002167,20.443322695682657,0.061016116483057325,1.0,0.9221732342279161,1.0,0.01550194147480055,0.08541130034209271,0.8629173331113064,0.8552604873893817,3.0173701925105427,1.0,4,0.8942069791360241,0.9344139154956264,1,IMPERSONATION,83.84077444927145
0.42717085946670197,0.5114559918472026,0.5917496208878726,25.996210827671874,199.65021831991956,0.18906499068430768,0.0,0.09852128065114496,0.0,0.1561577145579363,0.3211988917570938,3.745870929472572,0.7340181213583162,47.071956267750444,0.0,1,0.6152935712982753,0.6015720343526643,2,FORGED_DOCUMENT,91.00579781884848
0.6288545801153369,0.5588190238351225,0.675596652390318,24.829899703093,175.29198315032525,0.1672149677857806,0.0,0.34446666153692457,0.0,0.20521386954332513,0.15622352240790427,3.037962259058383,0.5131943770688402,75.75459605036013,0.0,0,0.5517324780403772,0.8080328611098591,2,FORGED_DOCUMENT,90.258339468494
0.8170072455464348,0.9170743442105963,0.05167803654319754,6.714973186414584,26.301879152813555,0.02880536175719786,1.0,0.9714727968520532,1.0,0.01816336967497533,0.03330473221215209,0.9731442513674141,0.8916506262095287,0.802394921023547,1.0,1,0.9056741101641335,0.9455733852577067,0,GENUINE,1.9583944317119797
0.9271894095981035,0.7869413101307874,0.16958377098992483,2.839689085356242,15.764930757018277,0.05149841031609596,1.0,0.9696227957434842,1.0,0.0116016212921961,0.050918409848955334,1.145643886737903,0.9304074985823371,0.8957700692809785,1.0,0,0.9309137566346423,0.9882963570784709,0,GENUINE,0.0
0.7127695776503952,0.8290429633949276,0.45206904859605984,12.622349349198656,122.88989139105223,0.16247397905020858,0.0,0.4166691838173514,0.0,0.061786928824603314,0.30615456205842373,1.8608006651187292,0.7397010714142531,85.8795260410348,0.0,1,0.7489773868058387,0.10123760588355381,3,SYNTHETIC_DEEPFAKE,87.23879931977268
0.2677279915859673,0.1619671576051456,0.5070419556140612,1.7043952995869827,19.663946590362258,0.08982133313153969,1.0,0.9780239341976531,1.0,0.052885263322342196,0.042757176948406264,1.2080090158288315,0.7460338944169556,1.1457755122255633,0.0,1,1.0,0.9578860422325637,1,IMPERSONATION,72.67195897159975
0.854961822047924,0.5104603479554767,0.47726770492085235,12.977278843192686,50.066430090107815,0.23914513115437913,1.0,0.5601106841239926,1.0,0.04670316871880667,0.19657768164100647,2.489985232681521,0.8524187576688895,79.84617694824364,0.0,4,0.44063552642056225,0.19554799239287357,3,SYNTHETIC_DEEPFAKE,80.87556307087792
0.89659262001356,0.9059649477452903,0.11797532826154078,4.002074230970296,11.352259164273164,0.041253707937737465,1.0,1.0,1.0,0.021365353310827374,0.054739228314240856,0.9745179684111547,0.8798753633394176,4.448216987270579,1.0,2,0.9155644043372564,0.9977812749802577,0,GENUINE,7.310084870337154
0.4873904968837628,0.44379958721660995,0.5707881763021753,12.0,181.6542718336435,0.30799804285005516,0.0,0.2986142045484562,0.0,0.1538169112923736,0.3205295400065336,2.5209515169075813,0.30492285256493007,87.64032520061204,0.0,4,0.6417971500764051,0.772537206494174,2,FORGED_DOCUMENT,90.76921725518916
0.7916909606171034,0.5987543323601783,0.328263567943428,21.098218289598453,112.87956607126162,0.3151402571814629,0.0,0.459500067140865,1.0,0.06253747404048587,0.32300072419500625,2.2715275892728233,0.98,69.12096297492415,0.0,3,0.7620778841077809,0.26187632896543406,3,SYNTHETIC_DEEPFAKE,81.27145009538376
0.45653839441174704,0.5341720165533262,0.5752149149965804,23.365801123819104,208.35576412883057,0.28025542787144425,1.0,0.2484065355963771,0.0,0.17739474989353582,0.3982713587978373,1.986239854641235,0.6603259585337672,74.85127616406469,0.0,3,0.5079818341177151,0.856018345896436,2,FORGED_DOCUMENT,79.74494872072626
0.6792549538935316,0.7043692672102874,0.4103116807050598,8.0,88.17449686995869,0.23359969012714607,1.0,0.36995254010313156,0.0,0.07797396198529899,0.1978608647294472,1.1,0.908871491151725,39.782540307579666,0.0,2,0.5758602813426875,0.17642585186031157,3,SYNTHETIC_DEEPFAKE,94.17308905315686
0.23669218123739097,0.15,0.6369584945877299,4.111231333784334,15.79582520497191,0.05195174924380552,1.0,0.9054424336691531,1.0,0.01,0.08187786004197412,0.858586854329506,0.8628699975124603,6.770981247234325,1.0,0,0.9076705907981526,1.0,1,IMPERSONATION,80.5704431907422
0.27795733715138987,0.46407625755434245,0.7153457846343791,3.3256496982698502,31.019634936980395,0.03777188658950632,1.0,0.9713535983243129,1.0,0.026747114204457127,0.09354332363545446,0.8,0.9166412441191885,3.2950415537151816,1.0,0,0.9271444096765955,1.0,1,IMPERSONATION,77.99660033355808
0.9008025986562952,0.98,0.05799611277471235,3.7612632667406354,22.34325761044864,0.04246156403312362,1.0,0.9332634449967975,1.0,0.019381599160393167,0.01,1.139459222051373,0.9679192909921022,2.5774914652766197,1.0,4,0.8977629674595662,0.9493882935615416,0,GENUINE,0.0
0.9146738281059301,0.98,0.1613424410990393,5.786553950454705,15.72244746761811,0.0417313162904511,1.0,0.9422135180261894,1.0,0.013199956658820577,0.04473188310265454,0.991934512465918,0.8898012040251126,1.6761206389535472,1.0,4,0.9838718501776561,1.0,0,GENUINE,0.6246465550984186
0.21279104377515318,0.25860585784442713,0.632711927916248,4.465488316383346,13.077960593994948,0.059031489080896365,1.0,0.9520389443619294,0.0,0.01,0.08665348467361378,1.0170394062964085,0.9415761051463312,5.4552271545650495,1.0,2,0.8323040868795845,1.0,1,IMPERSONATION,90.39792643634566
0.43523761009855966,0.5583295975262925,0.43815738221631384,32.696512979334535,290.58805957970293,0.3325108240673058,0.0,0.4745161441782211,1.0,0.2672154120817255,0.5011988851487698,2.162045441554902,0.46410090516828895,62.62127807638623,0.0,0,0.6808823312924684,0.7502899148427803,2,FORGED_DOCUMENT,95.85863154880252
0.9146548108199153,0.9412089849101845,0.2035511973180384,4.1927471231400935,26.814736534158847,0.04375829422383835,1.0,0.9551501028790932,1.0,0.013904795183068155,0.03294915513881949,1.0272881532970874,0.9730962392744041,1.2167211931354684,1.0,4,0.9804064981410862,0.9015726805677249,0,GENUINE,1.9011938346513748
0.7573419126155227,0.6937413362644801,0.32813292559646645,10.535657592940865,116.9165998257195,0.13717462787246262,1.0,0.6939762257466371,0.0,0.1642485772073478,0.25746714038706725,1.4800462094074662,0.8349006279018263,59.73042019072814,0.0,0,0.7626439220708072,0.2401583048724835,3,SYNTHETIC_DEEPFAKE,84.70974628219378
0.7425265471942717,0.36531162720585686,0.3129662693015998,29.840088532379248,106.38539739508893,0.26904903088349663,0.0,0.3889484568375706,0.0,0.14688540239920572,0.3794962225620464,2.7810994238763196,0.5684902431730959,81.09214147973422,0.0,4,0.3915582166149295,0.6658222261179233,2,FORGED_DOCUMENT,98.84620590642355
0.3999285557890956,0.33411489689332513,0.6996485473763293,5.710245814369604,32.753769862398855,0.06312777927046163,1.0,0.874324128367153,1.0,0.026363003258817876,0.09052852921447721,1.2532090079602805,0.8768961028446708,5.471998533872548,1.0,3,0.7915595318640616,0.8199246500581732,1,IMPERSONATION,84.34230356941804
0.6700164821676535,0.6891873142866971,0.5852230709442031,19.996865964516118,178.02453097830377,0.3129829707101136,0.0,0.3091936935281076,1.0,0.22982844181540507,0.25429589655561513,3.3373050553628825,0.6068732620395708,69.66439972907587,0.0,0,0.5509926002338472,0.6260067378897066,2,FORGED_DOCUMENT,99.35046950291544
0.7303857225965089,0.755347095820316,0.6,10.218469921785196,164.19241620838613,0.2479844360373517,0.0,0.538534542568074,1.0,0.12460491440717639,0.18361708240648644,2.0099153588357512,0.6576662562449928,54.11822051030833,0.0,4,0.8289700416112897,0.17158517779756252,3,SYNTHETIC_DEEPFAKE,94.2365499715521
0.42556709292478395,0.3223864779870648,0.8563715583760295,4.669862540540425,13.656573905530099,0.07107156145769904,1.0,0.9705984004659773,1.0,0.012012654403254878,0.033754905313958715,0.9136852656892508,0.909388827931799,6.70568849435594,1.0,2,0.8877532441174948,0.8913328034771617,1,IMPERSONATION,76.01283355888776
0.8281876331046,0.7543276610094549,0.22305947179291455,23.006050766312462,85.25516527644167,0.15943366334678616,0.0,0.4075556534412794,0.0,0.1440870516293813,0.24607208183074944,1.7619831985228318,0.6758537529879184,90.99424939692425,0.0,1,0.39512489200926787,0.27796071347152834,3,SYNTHETIC_DEEPFAKE,81.94629505359345
0.40038229330971975,0.40883781564847643,0.6691624957382092,4.174993043407297,24.448359628680905,0.07899284933608526,1.0,0.9685404582108359,1.0,0.03345940211888328,0.07268954688061474,1.2108476123830307,0.9781857950510479,4.188146629056323,1.0,0,0.8555085015224058,0.7975981243582397,1,IMPERSONATION,85.3044897252269
0.4166029924200475,0.4756529770518763,0.607123807934917,2.3231581269334867,19.72649694276177,0.10703374529386991,1.0,0.9628570385660825,1.0,0.052909339731186805,0.08482434190454315,1.1793460344971953,0.8363067116625584,0.6710739772673584,1.0,2,0.8758687058657748,0.9057726475588005,1,IMPERSONATION,79.57648757860849
0.929090368021847,0.9323799370533006,0.17422601727390075,1.958623842313644,23.532572863455385,0.02345302000719295,1.0,0.9248708436383516,1.0,0.014949513488197105,0.07547348495809389,1.2211825996442627,0.8515431731325268,1.4667514085131146,1.0,2,0.9457099334417982,0.8904341432840348,0,GENUINE,4.435310669473191
0.30443808987585674,0.35374518772549707,0.6644421015292714,6.058558544832901,15.688376431102196,0.02359766697541963,1.0,1.0,1.0,0.030501089440793206,0.07682684963431805,1.1806488179576609,0.8008871713172334,5.000992001552954,1.0,0,0.8870363656401536,0.9315466331576292,1,IMPERSONATION,80.99698828726105
0.7088529262594343,0.6549821887153107,0.3353600514593841,9.036022561682055,101.66641961511256,0.2632242440317557,1.0,0.35837246337689804,0.0,0.07613540577311351,0.27639032034595523,1.3047904797481966,0.8048393065586357,69.10466300469794,0.0,0,0.5211767407956369,0.3174606338095781,3,SYNTHETIC_DEEPFAKE,85.76197764843356
0.4238863562584091,0.4385175155473669,0.4616102504374315,23.81596688342819,154.87014531308853,0.1572655231450223,0.0,0.10725226442322353,0.0,0.20357060871175497,0.15,2.5038045705187475,0.6461551381652455,96.16098587123338,0.0,3,0.5760038987791953,0.7555948822811264,2,FORGED_DOCUMENT,91.47574802496071
0.574529754815124,0.6927788350140218,0.4717522932526539,14.73014969128085,129.62930247194794,0.15630654911357894,0.0,0.38294197703199817,0.0,0.16426183068249892,0.1587826048709699,2.32228356128613,0.5094577795667379,51.74386330338411,0.0,2,0.41950971363145384,0.17656267511502294,3,SYNTHETIC_DEEPFAKE,84.40703373507206
0.5956101518923848,0.7429059850182029,0.4433209973777425,14.832082586323411,178.61273280025557,0.13531716337081492,0.0,0.5782554060378139,0.0,0.12997011742648307,0.27008056003427866,2.2621913754016685,0.6323061432635673,64.53637336691145,0.0,2,0.85,0.25357674929441226,3,SYNTHETIC_DEEPFAKE,90.50720893683248
0.877292626580557,0.7851877067276195,0.14431666554592823,3.627608564123458,17.509516609981723,0.040635189131629015,1.0,0.9622702062184015,1.0,0.008305193707969834,0.03558059783060208,1.25,0.8681004322505386,0.46936798793536205,1.0,2,0.9693790698000486,0.929527901359793,0,GENUINE,5.609793507762042
0.6262906512308646,0.567862980763314,0.78,23.81700441114293,249.64172709332124,0.21179084016487093,0.0,0.4999011194742618,1.0,0.19647529072365116,0.31577340676047483,1.45,0.7050518942846609,75.46328627655751,0.0,4,0.33101647507574183,0.898008469083778,2,FORGED_DOCUMENT,97.39203146962008
0.9883344659612089,0.8056709106702808,0.14516199484065553,5.0130076820243765,35.0,0.015110271002222685,1.0,0.9734948164117952,1.0,0.0127978797899321,0.027486900643988305,1.015870863821534,0.8462748656475882,3.920211349767806,1.0,4,0.9422001174413349,0.93531184263153,0,GENUINE,4.918909762918321
0.4876155623828837,0.3881457329894804,0.661817964944809,29.849640304790437,147.2289438250857,0.4321787550037087,0.0,0.27000213661861205,0.0,0.2611407665899071,0.2565084097636353,2.73448313905134,0.573467738943023,84.37387097176676,0.0,3,0.46492021386525084,0.6710421756497749,2,FORGED_DOCUMENT,91.12836157603806
0.47346792499899015,0.47243445333862427,0.6635587993462859,31.488041266048192,210.1238823256903,0.2264502326683798,0.0,0.3667070930636608,0.0,0.24845662475864266,0.42468911214484273,2.0964608355663397,0.744893028353133,87.28088879912514,0.0,4,0.451127469983541,0.7731766837051919,2,FORGED_DOCUMENT,93.8365281264613
0.7188078537660398,0.40064458767310307,0.3550020449097586,32.237293845799535,237.53426333183552,0.3378367005006754,0.0,0.42135283507941723,0.0,0.21348867783406436,0.33358901226876486,2.037403731309113,0.5593187544576927,94.97874111670114,0.0,4,0.4036432066922614,0.78233213071224,2,FORGED_DOCUMENT,78.0
0.3997504535390263,0.3147200798264937,0.4228762497407891,18.937489742384596,210.83918814820797,0.24837591158960817,0.0,0.24530541043137888,1.0,0.24923068071388682,0.3778234475008667,2.067296220890527,0.5378819306384154,87.46560321171442,0.0,0,0.6690818276670352,0.8183086039491657,2,FORGED_DOCUMENT,95.78064520646629
0.7268565991263611,0.4915280511742702,0.5766083697370508,18.28518520430555,116.94635463994095,0.3243918341606292,0.0,0.23703031527136012,0.0,0.16967857645536344,0.3404813254533588,1.744216588069714,0.483339337058063,99.0,0.0,3,0.4010392978773436,0.5702054799002885,2,FORGED_DOCUMENT,97.7639992284786
0.4032589580307809,0.5709021908797679,0.7020677230012294,13.409518149612325,120.44469296894462,0.16446229437946075,0.0,0.5349695576508606,0.0,0.06702689811647057,0.2853530124072396,3.2396045960545705,0.741281113748329,65.08658860872927,0.0,2,0.2396711837862491,0.7282968427206145,2,FORGED_DOCUMENT,91.39146215753385
0.4717701459999807,0.24739948508747492,0.28,27.905319344315537,172.20104471758177,0.35979553277391174,1.0,0.4041971386069756,0.0,0.21651509282103826,0.4596595247968779,1.45,0.597531211281465,97.33255347806072,1.0,3,0.34254176209200404,0.7376758221799505,2,FORGED_DOCUMENT,87.93571002662796
0.9187740478694629,0.7607505984569125,0.11909516885258062,3.1723313119536964,17.50995583180195,0.06165367033967363,1.0,0.9678188357280008,1.0,0.022986544482594906,0.07280626830005217,1.25,0.8065313035422911,1.1135564152725568,1.0,4,1.0,0.9558940509257298,0,GENUINE,4.660331932556361
0.2711750624251045,0.5490355057184608,0.48,3.0880449465941213,20.36973982872075,0.0767985428195804,1.0,0.9340701348216128,1.0,0.04474238588378511,0.07633157268519479,1.076289656296525,0.9090088048492144,2.437758123342156,1.0,1,0.8091462950352106,0.8650112281818836,1,IMPERSONATION,84.3183620045499
0.9179269660761027,0.7814863346497123,0.1675945533953218,3.959336837916986,28.710177251200765,0.06766290001744549,1.0,0.9711587970227549,1.0,0.018280683096354795,0.07530394503247398,1.0759359208728332,0.9032293928152905,6.0,1.0,3,0.9940591371789402,0.9685653864089321,0,GENUINE,2.7507477213159315
0.8625835273486809,0.8687174619850332,0.16608489030980067,2.9982914556283413,24.452254097219136,0.03650080486609183,1.0,0.9373276452152146,1.0,0.020281811573691282,0.04981762006711593,1.1285895565831578,0.9437349116439977,2.462459561882284,1.0,4,0.9727106519680114,0.9614766971468929,0,GENUINE,3.910944712606362
0.42488560629110306,0.4597576790822886,0.4167390603807639,22.454390235903364,115.59742088216673,0.2598684089507234,0.0,0.5491622276983906,0.0,0.14859899732014553,0.3761732091350635,1.7590399653930746,0.7069544099062665,94.4261792115212,0.0,2,0.6510254379857136,0.5407273615037598,2,FORGED_DOCUMENT,89.08295068662368
0.4431137627953591,0.6022593551886456,0.39454545905441074,17.722314811036796,207.87243940355438,0.38750571436385006,0.0,0.12973142705519639,0.0,0.19064110444864454,0.4208682770545187,2.241190525999636,0.7915918355583703,72.65067089782038,0.0,3,0.3185620342758658,0.8214753601864647,2,FORGED_DOCUMENT,91.16394085209996
0.8176732663324239,0.75,0.5644279802015949,38.633646293981776,207.7355621527739,0.31169321528225447,0.0,0.377132164529756,0.0,0.2605428775850709,0.19414715914012054,3.857913549688349,0.8636763393713414,70.34932807063443,0.0,0,0.5474811760402092,0.7009692924087852,2,FORGED_DOCUMENT,93.61578809205851
0.2391852212923793,0.3778351170238904,0.6464247199102476,2.572287685256501,20.775330135922758,0.07251987904981319,1.0,1.0,1.0,0.03286779492720917,0.08264376985195904,1.3317083400678893,1.0,4.562170261951899,1.0,1,0.8776994483693588,0.8695820316207689,1,IMPERSONATION,89.49504127343002
0.8114286036866196,0.7344145453303179,0.3902241823380096,11.383639129284099,93.12163094638547,0.186380036654796,0.0,0.630159127997135,0.0,0.09986637200288988,0.23334227364775764,1.2794698863900613,0.7560713943789333,57.032262970998566,1.0,2,0.45473713799144805,0.21056259326650528,3,SYNTHETIC_DEEPFAKE,84.75298541928699
0.8378094144924467,0.8475508056652127,0.2385400317817755,3.047639530654679,29.374691347981575,0.05415503870910951,1.0,0.943125996723172,1.0,0.026218099622171965,0.018595505602190872,0.9472862824175131,0.9076240682224248,2.3883498563499304,1.0,2,0.9648268839020271,0.9826679407085428,0,GENUINE,5.746654899274831
0.9495409146938294,0.8584782598836044,0.12575164812505144,4.730534564915711,5.0,0.011177347602867944,1.0,0.9447463397991076,1.0,0.01884827072230058,0.03838444422992057,1.105371304568283,0.9266068360667991,4.495925553264383,1.0,0,0.9374371879948601,0.9263889806656086,0,GENUINE,7.901420138854721
0.7055018996114153,0.7661334633997955,0.43613238891585726,16.270130576563464,115.46795291990342,0.1907353258378925,1.0,0.5185972346176717,1.0,0.17677055427288776,0.2792673300394355,1.7495351484084642,0.8261744393253302,48.61329954523124,0.0,3,0.46944886885652987,0.2599139172317106,3,SYNTHETIC_DEEPFAKE,83.14864366157259
0.5274065346210108,0.5801389040644922,0.41558084610887075,15.373276720136335,197.83170649572193,0.29297008745195974,1.0,0.24689332597027444,1.0,0.2048927422097208,0.4864875977648068,2.696204002108418,0.32266926718843786,98.33950088612842,0.0,2,0.7187228904735121,0.4,2,FORGED_DOCUMENT,84.82146987988938
0.837438982723836,0.874069137618701,0.18844486816122366,4.809791245365028,11.507343978679883,0.06103900811656532,1.0,0.9306313426167818,1.0,0.028107036553499935,0.06070346942098198,1.1018630661779898,0.8597498239450486,3.3818946141015873,1.0,3,0.9834237470563268,0.9867899045731195,0,GENUINE,4.484799070251925
0.286993752933468,0.5313107104699528,0.6291469165580157,1.210595526479736,16.336325034944018,0.10855135430673937,1.0,0.9009377761359916,0.0,0.01969121417128085,0.08106412485014254,1.2316594631839353,0.8733680007426273,4.6826951638172805,1.0,0,0.8986440261437916,0.8757925003850269,1,IMPERSONATION,84.911321630046
0.8275954219547315,0.7616981616441423,0.10674803868255034,3.873338731240865,21.46371123196232,0.059228433707350855,1.0,0.9052582785929778,1.0,0.01794712908511899,0.09668327160254081,1.0491861762000014,0.9649732485574123,5.44103690824157,1.0,4,0.9850943297269903,0.9533913145857583,0,GENUINE,3.9883686453789307
0.48520372671974815,0.5674188608002002,0.44750340558980595,17.765100738131974,237.40091116304956,0.26734484961422406,0.0,0.28580613006176986,0.0,0.22943773615163965,0.2673238521815267,2.2715386633769663,0.49527819906477644,84.50609587222942,0.0,0,0.41924762584956893,0.8543181532636779,2,FORGED_DOCUMENT,90.77894243141888
0.6690890667931862,0.6176593002969382,0.2913676500680865,14.213597744651205,112.50504716118864,0.2182347980035107,0.0,0.6803255863851622,1.0,0.10872856931474745,0.2125508586209495,2.0794809572814272,0.598293280711,69.47330047654397,0.0,3,0.5198306072806115,0.19411978644600217,3,SYNTHETIC_DEEPFAKE,92.16948886546834
0.4183872970810667,0.15,0.7094602640619498,3.9395172381174492,31.850821276945346,0.058944742070823584,1.0,0.8640384047881478,1.0,0.05496325622536785,0.02,1.0757681759597053,0.7679522903795044,3.3801470047919504,1.0,3,0.8569646230102993,0.9100159455919596,1,IMPERSONATION,85.79151385701381
0.7498823366082966,0.389780516520712,0.4310821397166315,11.79602919326208,104.8950769118001,0.15930804069709092,1.0,0.6116217770368989,1.0,0.13715977423211603,0.2604969368102145,1.8738194816529024,0.7872347058992523,68.28281017317934,0.0,3,0.3415334875760098,0.08125205328089444,3,SYNTHETIC_DEEPFAKE,91.27225352067208
0.675861344905508,0.33795829572435887,0.6065533494249271,19.622996726150085,122.30842621789503,0.19479332938800498,1.0,0.23129255622075523,0.0,0.18780172380506907,0.5788210895685195,3.9546216377162526,0.571722179313395,91.93187421426236,0.0,0,0.32954675133821487,0.7964805603672575,2,FORGED_DOCUMENT,94.91628092022704
0.2959414679148972,0.42932545744270206,0.7118878443366975,5.555281025705252,18.900069480756528,0.08137513326276483,1.0,0.8280192399645362,1.0,0.01,0.12038343871564774,0.8528139736412166,0.9019231072519442,2.968151611855134,1.0,4,0.9697521755428379,1.0,1,IMPERSONATION,84.33298729182373
0.49107999106433164,0.2052950191421398,0.6018051660899262,6.437914588742461,8.0,0.02,1.0,0.8907015327973106,1.0,0.026294681701392836,0.05567043407741843,1.1267084906544642,0.917567718663552,4.382479644340543,0.0,1,0.8993208275229193,0.7631439720257296,1,IMPERSONATION,76.53549607080885
0.5487304967979192,0.5628795076104799,0.3238477218339578,12.500988659482914,97.58739760210496,0.2121636916611965,0.0,0.33052835253814433,0.0,0.1797203161710462,0.15541563299749492,1.7367623852563236,0.7962007841344227,75.78269375802012,0.0,2,0.5190983946672267,0.37038036670812424,3,SYNTHETIC_DEEPFAKE,90.23340156688548
0.8440944438793864,0.8660003569262528,0.24010824042157228,4.259720254487864,21.381827918079793,0.028612325997037454,1.0,0.9795135027760842,1.0,0.00496919698240182,0.06940786779693703,1.1003365048821163,0.9216663962832902,1.0657346752755292,1.0,3,0.9380557242050873,0.9679445241327265,0,GENUINE,3.312981624539449
0.399864412772702,0.4915680342826783,0.7386678367423787,3.9068371893106737,26.37065364801401,0.05939280836107061,1.0,0.861314697425093,1.0,0.011883596411543147,0.04753785826094943,1.1930076689977038,0.8907031250292085,4.654386634375456,1.0,3,0.8362589238068089,0.8879313438203865,1,IMPERSONATION,71.23021165039668
0.9113324221894575,0.4295100023679226,0.26491686763060945,12.705676091190636,72.59124194498023,0.09077113736069599,0.0,0.5182655456439615,0.0,0.09627619146280952,0.21824770397475265,1.9422708980499022,0.7680665881976936,74.96970841753283,1.0,0,0.6602510807968318,0.35243043678812713,3,SYNTHETIC_DEEPFAKE,94.24894416265107
0.6541154200734198,0.7806605318478154,0.4202812260280123,11.229277706300817,113.84770669836696,0.1875333560701582,1.0,0.38546995175043486,0.0,0.11645830462373724,0.1449753674332409,1.3013810063360356,0.6645984889535621,68.75653007205379,0.0,4,0.4375033356700345,0.317302030263963,3,SYNTHETIC_DEEPFAKE,88.7204367878381
0.7020606108031516,0.5766528475825531,0.43629171860410954,18.824452986545726,82.9017968717652,0.3133780606115512,0.0,0.8,0.0,0.1364893113130148,0.11600026991850627,1.8451229551685853,0.7909495740085323,52.7838130201859,0.0,0,0.5566911159197782,0.05,3,SYNTHETIC_DEEPFAKE,81.41636241925005
0.8122203473661955,0.6099725419837784,0.20870028443339117,13.338093385420517,93.82336160276063,0.2937116680945332,0.0,0.5124459921632919,0.0,0.13089610796033152,0.14097778049482104,1.525180023779851,0.8528784430719372,58.42867682675684,0.0,0,0.5858178374118737,0.3437366360195615,3,SYNTHETIC_DEEPFAKE,83.37394327801795
0.18434001938560865,0.40411710409144935,0.6942810115737013,4.154708538086915,24.991003121947514,0.1023570730112958,1.0,0.8258275552201966,1.0,0.01911172029865055,0.1193435429579277,1.095999465498768,0.7881448513584608,5.1109157271417835,1.0,3,0.9526179147172621,0.8980282210893363,1,IMPERSONATION,78.080414347085
0.8107917817125598,0.42842122727084136,0.313070371857128,25.016932846464414,112.04870829042542,0.11905241416743506,0.0,0.3521282770540225,0.0,0.12499196485339503,0.19277120025376812,1.2937067042052224,0.5742481684290339,48.69922713462782,0.0,2,0.5290906324563476,0.2834360563077075,3,SYNTHETIC_DEEPFAKE,85.05888228662062
0.334500436297056,0.549085159196998,0.6688654546875362,5.314698269787302,20.817469879393833,0.09212738830123762,1.0,0.9142272642775653,1.0,0.0351786085645138,0.06378795756786629,1.153044095914452,0.8275675168316314,3.881265191262422,1.0,1,0.8950846324848615,0.9422903296911014,1,IMPERSONATION,89.1266948996862
0.6934042206509139,0.6232862843262689,0.3215453984577506,16.145486319547803,56.33517112456275,0.19156032217394123,0.0,0.246055924410508,0.0,0.08414856959151067,0.3410607727020575,1.7606799519935121,0.6965633931653041,92.0,0.0,0,0.6256529838649126,0.23997400223902277,3,SYNTHETIC_DEEPFAKE,94.33614847084161
0.8708715739961937,0.8149804776296503,0.02042293713124227,2.842035341151546,10.607492547179408,0.03919207697467129,1.0,0.9223893224861174,1.0,0.0196884324141188,0.030319645674725167,1.0486400376181533,1.0,4.873720943986841,1.0,4,0.883756852270503,0.8922727510612705,0,GENUINE,0.0
0.3420878124645874,0.553088390101647,0.47897035533540055,16.778886341290246,187.42067950313293,0.21279620846543254,0.0,0.15573567558810883,1.0,0.09964049734971694,0.47169425945384635,3.3744191014266085,0.3243230638462714,77.59547196888063,0.0,4,0.25693330338303366,0.5985174175031429,2,FORGED_DOCUMENT,85.0339432253425
0.28990717383517217,0.38654204915864876,0.6438849817073327,6.062140275427307,22.19813791852056,0.02,1.0,0.9689919795118045,1.0,0.0346510072688065,0.048804599517491665,1.0436323890814354,0.92022960075946,5.76358013195785,1.0,2,0.9367600167358243,0.937156110857091,1,IMPERSONATION,75.52426321856419
0.6917725580180161,0.5883718470952545,0.5608553508375512,25.368498541427783,225.85888650288138,0.30724909309051585,1.0,0.40219653681694983,0.0,0.08550427820292898,0.21403242793118138,2.239238220839189,0.6019245604240607,64.95234838887544,0.0,1,0.3549117276784699,0.9488447716465682,2,FORGED_DOCUMENT,90.01594438451187
0.2845823423014372,0.551076525357342,0.6750517645896817,4.953510022513938,17.01799091096649,0.06772671575569396,1.0,1.0,1.0,0.01,0.16746170020703158,0.8481083727158938,0.8411598525211593,1.8281656304408296,1.0,3,0.8936523410939654,0.9194261101217324,1,IMPERSONATION,84.58122105699218
0.92,0.6795444645217205,0.450443303211732,15.241403114490145,130.21762116437583,0.12224404609546301,0.0,0.5877049076291683,0.0,0.14584773427626913,0.3426531658225029,1.1,0.7061313235515028,33.519139845206595,0.0,3,0.4824618997790288,0.19651142728018992,3,SYNTHETIC_DEEPFAKE,75.81530201125065
0.3366115364748464,0.35256655765759337,0.6901206937959757,3.9664071219978854,19.17977062007002,0.06835477870312912,1.0,0.9668659905758906,1.0,0.04038860821028381,0.028645444719737186,1.2264816712730713,1.0,3.3238086186749087,1.0,2,0.8997282754777582,0.8255651850118777,1,IMPERSONATION,89.14056096859966
0.6423241934215097,0.6942936390002833,0.6106554056645156,33.379855386070325,228.83533107051642,0.3466504262718676,1.0,0.302708523171974,0.0,0.1898637614870863,0.2821442591789581,2.329491060716505,0.6302250650579879,88.48992612210637,0.0,2,0.5307988057818148,0.7471152491523434,2,FORGED_DOCUMENT,94.94268617509667
0.6066997478855971,0.38742459039377325,0.4484026704526011,31.852750190091083,253.59730562914189,0.20827093848030398,1.0,0.33361655632808146,0.0,0.25911843463144213,0.3062942040390999,3.499473834025492,0.8001466296268472,68.89077577112178,0.0,3,0.48801989298436876,0.4,2,FORGED_DOCUMENT,81.480552329374
0.9462965153338583,0.7,0.12425257346864281,2.881028023929546,18.292869201012135,0.01,1.0,0.9995890698673116,1.0,0.022230912250598943,0.07524979789753901,0.85,0.9256160582734907,4.21926739105729,1.0,1,0.9360805421311723,0.9521366992363817,0,GENUINE,0.9162771707734381
0.7821455937942624,0.6919293908647478,0.39615302490868354,10.710540170497815,117.92810877332624,0.2043399881696975,0.0,0.2,0.0,0.07845510848508613,0.30029673549017166,1.7651463413729944,0.6832109200691645,65.12025899510259,0.0,0,0.5702104482189072,0.2259340400997758,3,SYNTHETIC_DEEPFAKE,88.8759421669677
0.3742226092654127,0.49440636798727283,0.5883017038639939,3.8583435313145484,14.479872543009968,0.04841661671741575,1.0,0.9809132535088584,1.0,0.03386812734379434,0.08238767522318945,1.0959274379160324,0.8289753045712052,3.3843267752448125,0.0,4,0.9776672816266988,0.8777197545055138,1,IMPERSONATION,75.32882580759951
0.851885864632108,0.7328560640226719,0.11716576049449444,2.320476375211004,12.4809210144632,0.04239901360317485,1.0,0.9479650738316646,1.0,0.013911160621896613,0.0316636431651897,1.1582641935664193,1.0,0.0,1.0,3,0.943714304958868,0.9896503463276835,0,GENUINE,6.795944136912873
0.6551416266537832,0.7531642438878815,0.3761162393512596,15.186996788810916,50.0,0.19436691527661745,0.0,0.45514251260744154,1.0,0.08660608147046905,0.15418607820158098,1.3750572801335688,0.6049712883439603,68.0194103011965,0.0,1,0.5591321349285737,0.15106774296765835,3,SYNTHETIC_DEEPFAKE,82.70511180971693
0.965638321857353,0.8206395673139014,0.1878244177158049,1.503127915295039,22.45670744668167,0.02392103170545038,1.0,0.949346350335285,1.0,0.024148244820358745,0.07640828019567669,0.9325564351660082,0.9513803148780916,2.0807388050551996,1.0,0,0.8766725068412121,0.9545790383918198,0,GENUINE,8.133530368814615
0.40707656172118867,0.5823293764865498,0.6282491493318118,20.069483276561733,220.0943537793857,0.2689472301708822,0.0,0.26354890871356057,0.0,0.15881778835997548,0.2487392477630799,2.666124734745393,0.7039667742179937,80.54429563862215,0.0,3,0.2858934562883606,0.95,2,FORGED_DOCUMENT,91.58947036381672
0.5168257204078196,0.37523807581705476,0.614103411998268,30.04816072509449,214.33251794760736,0.34638326512855366,0.0,0.21395814156428125,0.0,0.2049363186007348,0.32505505308204063,2.311458987042164,0.8101848192756329,53.71392536449285,0.0,4,0.5152887555382734,0.9463297650584453,2,FORGED_DOCUMENT,78.0
0.3023174194750495,0.21663353297106167,0.5320890550403032,5.7977488485449165,42.0,0.10092856361241381,1.0,0.8297705354600157,1.0,0.01905780980833391,0.09859434972356737,1.052280938251113,0.7868728328337115,0.0,1.0,0,0.8631757236442824,0.9082262333410668,1,IMPERSONATION,80.19757899654184
0.8410970681837473,0.6396437155313835,0.41535889418252697,20.47126229532685,104.20649122735857,0.2512566899594262,0.0,0.5384934013080592,0.0,0.15637234142635772,0.2849317110908226,2.006646377962728,0.6226865288910158,51.2528455182038,0.0,3,0.5695902457384637,0.36095178052845595,3,SYNTHETIC_DEEPFAKE,92.87195121931758
0.5765402513694534,0.588808490556111,0.20912407888809625,19.561482172599064,103.20603366462669,0.21584884424184492,0.0,0.2838914002895747,0.0,0.15872816521912295,0.2494360136714033,1.7242228889895284,0.7502823882726609,51.79099185094192,0.0,2,0.7813274647661076,0.1892831838372128,3,SYNTHETIC_DEEPFAKE,88.77003416321763
0.8733094703714234,0.7936523463403207,0.13061500417957195,3.3036612012444286,15.634126504375969,0.014897292560532103,1.0,0.9685858427714407,1.0,0.0,0.07177539308433345,0.9823699275075004,0.92094095248703,0.7425184790236572,1.0,4,0.9822217840852789,1.0,0,GENUINE,2.9124793091107706
0.2517352111784168,0.3654147089916527,0.8372108647941757,1.1103276461848668,8.349913440242883,0.07325801061265552,1.0,0.78,1.0,0.017719236769011777,0.16784358237187263,0.9247845332919651,0.8545214560903616,4.581261452357172,0.0,0,0.9879765114765283,0.9061379775143805,1,IMPERSONATION,89.11416893603091
0.8967418255277524,0.8932620097688534,0.1570518327911282,4.407127803840469,24.44212046622504,0.01,1.0,0.988303915255961,1.0,0.028024708823196888,0.04203358187952077,0.9938033563681448,0.8946160108767169,2.953598266357337,1.0,3,0.9085858742995179,0.9918768051060004,0,GENUINE,5.624875763353456
0.24265056318842204,0.5358517490352683,0.8261459369842332,1.2736492998159288,22.739051671991756,0.04800910527492028,1.0,0.9194481701569445,1.0,0.03568847480903943,0.11099744428433897,1.3828798879066897,0.9522142514159398,4.147264945025955,1.0,4,1.0,0.858921012433307,1,IMPERSONATION,69.5000873579831
0.5448296253184939,0.47460230597208886,0.5098953989868914,30.048164097111822,166.87377254613986,0.29706799420105057,0.0,0.31842388306512703,0.0,0.2132687685480275,0.33030375425665165,2.5763866678550063,0.5951618747785945,70.13282119496941,0.0,2,0.5353421431132973,0.7372120243942129,2,FORGED_DOCUMENT,90.73703554502579
0.5029431162796794,0.6110821073965931,0.5238368783926378,32.655747178546775,166.85807619209316,0.3722520701158408,0.0,0.16217026328407208,0.0,0.22199127944200198,0.310255545317689,3.195177607682877,0.5581409316989999,63.763786568473655,0.0,4,0.5408019417417689,0.5413780600137306,2,FORGED_DOCUMENT,90.83262594836548
0.47554964425097,0.42551296232421265,0.7018205162572237,4.302310173904255,28.543936794058695,0.02,1.0,0.9251206373312306,1.0,0.02624596788251926,0.0384506226334932,1.081102601237955,0.7933727576905325,0.0,0.0,1,0.9536273488891296,0.940534310088627,1,IMPERSONATION,85.53609113595823
0.760531950476585,0.755252120303115,0.4880393180005729,19.109020397570163,133.49879898450303,0.15759437762479644,0.0,0.4421865796411168,1.0,0.06737870198786637,0.1796818163690306,1.4237181910876888,0.8385514879855327,45.79636378539372,0.0,2,0.7665291228370223,0.1648674995094919,3,SYNTHETIC_DEEPFAKE,89.20177938878373
0.5611117222368671,0.75,0.6166854823409832,16.599747080773888,184.17137387680745,0.30987668908382254,0.0,0.3087610741525588,0.0,0.1445541784556867,0.3094406406758635,2.5935611223372517,0.5920173543491178,51.49397889299185,0.0,4,0.5505402146238947,0.8019098283441721,2,FORGED_DOCUMENT,91.69112618250921
0.6220345452878532,0.3067335780558804,0.40003083380257515,38.34404277580513,211.06233241301456,0.2786499995420518,0.0,0.32022343719728336,0.0,0.15986079783096183,0.3573632959636852,2.5745868471329176,0.7803440871477003,66.3639798496475,0.0,1,0.6107714036909822,0.6028005346995929,2,FORGED_DOCUMENT,91.59976465129846
0.4078253202461436,0.4443448842395089,0.6851035983955339,4.918271359826603,21.782286940977144,0.02,1.0,0.8347463608865935,1.0,0.0470196535701353,0.1102921689509899,1.1707699523638424,0.8575773829538256,0.738695659779721,1.0,2,0.9347242682239615,0.9042952144445469,1,IMPERSONATION,78.4147256450362
0.7950839684845488,0.8652973829687661,0.20047358942979843,2.7860702736878045,9.505904237249592,0.0381631047133009,1.0,0.9334752456016869,1.0,0.0,0.08711006629588526,1.0424234744535292,0.902678674699655,0.08264896134575839,1.0,3,0.9148665540481506,0.9459876143602979,0,GENUINE,4.123899171243084
0.769995228125792,0.6704170385718344,0.46196681182829463,17.530014264857076,101.19398788288248,0.1636828126892589,0.0,0.3782605416975198,0.0,0.09338409292688166,0.2790455937747339,1.7656917516514694,0.6629616145896635,65.92973696984248,0.0,1,0.7907199844306415,0.17717857233630485,3,SYNTHETIC_DEEPFAKE,93.17500733789181
0.8693312809321967,0.7103615877579317,0.09857375071604138,2.7493905852234057,22.27261147454427,0.03285257807166808,1.0,0.9154327178968957,1.0,0.036581702066941585,0.05981782424283143,0.9722475911062131,0.9363935909116645,1.2915793858840598,1.0,1,0.9350045245859973,0.9506279118383103,0,GENUINE,4.746648266893245
0.813928534295172,0.38,0.4662479374873105,17.30512030718602,69.52021574931108,0.18850383298634232,1.0,0.5678705945453414,0.0,0.1496603677981221,0.4152820751832922,2.386091867978002,0.9645322363767614,58.59361473683387,0.0,0,0.7591053000025233,0.324818085159582,3,SYNTHETIC_DEEPFAKE,81.73666935969987
0.6304757078246608,0.5437334677757075,0.5190121162516588,24.887966090412473,181.33021422095996,0.17622307686669816,1.0,0.5238759070881142,0.0,0.30892757690925976,0.26494429672233094,2.57526465669236,0.7471456722604141,65.19665790396675,0.0,0,0.28329592018029814,0.8164915426188817,2,FORGED_DOCUMENT,88.37593070493669
0.34207122631048126,0.48446056484781874,0.5256415987535715,5.2164556528873325,21.93860749052397,0.08555787212372527,0.0,0.974892067885871,1.0,0.045593923643589884,0.07759382002379489,0.9490822569708537,0.8063878214833852,0.5456711673752368,0.0,1,0.8793825304262163,0.985261596330375,1,IMPERSONATION,89.22537708248547
0.39203662646058113,0.5968719265781371,0.572969620918957,20.61601186803862,127.918753274552,0.2599462123132145,0.0,0.2761986559370655,0.0,0.3546058795287262,0.34680562030656925,2.7033857427142793,0.7548253480075906,75.65102306036053,1.0,2,0.3987497491858004,0.5076678899795842,2,FORGED_DOCUMENT,100.0
0.7400620327737419,0.6756677968418735,0.4303442608733187,21.104409496147102,74.20133353961886,0.17383036100221239,0.0,0.722005462159761,0.0,0.1303039998683488,0.20608219173943015,2.077348596883432,0.7630935385765465,75.60291696114047,0.0,0,0.5329392610508331,0.17688702667115136,3,SYNTHETIC_DEEPFAKE,80.01658690287911
0.8747515489164657,0.98,0.15842046716363486,2.148244572660074,11.7805108657845,0.04000609338697456,1.0,0.9469372014732459,1.0,0.01955775770617658,0.0819138746699343,0.9283910292877904,0.8991136097045914,4.888924583643448,1.0,4,0.9531434483172243,0.9014336497986135,0,GENUINE,4.393181569184151
0.5456378217898624,0.8489643961014299,0.3498911030688213,18.390398799045386,113.08346980151437,0.2198335686918683,0.0,0.2,0.0,0.21715339116937976,0.21083879668420807,1.7002965721112933,0.897305706418686,69.0516497591056,1.0,0,0.6041492601571843,0.17151446567228826,3,SYNTHETIC_DEEPFAKE,81.28126074798732
0.30687400103250295,0.27380641688537855,0.6821551744204336,6.280439835409921,30.28732967545627,0.08563313253421667,1.0,0.9132463682512293,1.0,0.05105100989196679,0.07056514141865292,1.2373191659506861,0.9047512353967856,6.724623055807097,1.0,1,0.802292248202808,0.9969902663759037,1,IMPERSONATION,91.33600395099984
0.6922272833591195,0.5803161672908698,0.5070989559523633,11.238803262018454,133.8916068510087,0.16949381182975964,0.0,0.4915855770455899,0.0,0.11026422324531775,0.1,1.3799629534480558,0.7947412654729639,58.038266635560596,0.0,0,0.30183244324531067,0.10919914111969417,3,SYNTHETIC_DEEPFAKE,99.0
0.29822723071365526,0.2907483649014884,0.7481776225287754,5.679350092913403,22.452124435869518,0.043266645604617696,1.0,0.90640026777656,1.0,0.042982954421408405,0.1587778152532792,0.9698199272477953,0.7777361588921066,1.1992666052732677,1.0,1,0.8434234379258182,0.7823036175799315,1,IMPERSONATION,82.44565488273552
0.3954359497639494,0.3627039968768593,0.6746966280929254,4.92862072118319,38.855521458105486,0.08665340791075662,1.0,0.9146836336190834,0.0,0.030063959812305766,0.05900562158702262,0.9375006444720457,0.8357799370346942,1.955702072576115,1.0,2,0.9492021030277532,0.8939258315634937,1,IMPERSONATION,81.88493442806484
0.32648660529228085,0.46474113219814694,0.6597299895475153,6.607035944821549,18.94489085232537,0.02,1.0,0.8666377840265089,1.0,0.027549715203103887,0.04054455714813646,1.0827628779279812,0.8788499509504283,3.4507018613126728,0.0,0,0.9422602070921139,0.9088457439533634,1,IMPERSONATION,74.58950238683404
0.16795238094677828,0.5116575440308218,0.6557317382982645,3.8975131309504856,40.49985524412863,0.08878328126989762,1.0,0.8798983234296609,1.0,0.017794881992710464,0.09039204842379457,1.1956094870270662,1.0,0.2838012824223548,1.0,4,0.953621158441245,0.9889933407709569,1,IMPERSONATION,83.25044752654864
0.4402172160929353,0.2,0.5556127008501082,29.930263261889344,135.9848978657032,0.2792968382301778,1.0,0.35634669247266115,1.0,0.1718246936136914,0.27097733415922587,3.1597810486953968,0.6421953320949144,66.1937635936935,0.0,3,0.6341393253042159,0.8587483193911589,2,FORGED_DOCUMENT,97.94887647660393
0.3201495857833329,0.3363348197590912,0.5214349409421674,5.689821191229134,12.904889894956822,0.08112547936000448,1.0,0.9139381292594525,1.0,0.03615452280217521,0.09559737545250353,1.0918825236630028,0.8837733658610704,4.072083185027375,0.0,4,0.9059028275341426,0.8815603455416348,1,IMPERSONATION,80.53524895146357
0.640371350234344,0.7374856818274069,0.23848025883547608,13.325356111473734,130.61570838658326,0.11050962193546413,1.0,0.5570178992860568,0.0,0.1922845305753224,0.2951337961520987,1.4222048273601244,0.6964048513184796,59.718210010572875,0.0,3,0.3576157689864582,0.11141729442307541,3,SYNTHETIC_DEEPFAKE,93.96500827780791
0.24856265002598518,0.43160156868889865,0.627089099391175,3.988332319801151,33.624408789098084,0.04943887993934274,1.0,0.8389061445846636,1.0,0.05301393393393047,0.02949428459837789,1.175618459989522,0.9859611677670809,2.783212320778213,1.0,4,0.9666686279319102,0.9288476443596067,1,IMPERSONATION,86.24080673041844
0.3438870666910341,0.3539993744477036,0.7737722892878711,4.357118967371476,25.56411629651346,0.042234796396942324,1.0,1.0,1.0,0.033741711502641804,0.0683380207197421,1.2186369006047097,0.9609254899071935,3.990897241709165,1.0,2,0.9134773101184703,0.7729886842916216,1,IMPERSONATION,87.31588011483232
0.8177099950078403,0.5837470950933856,0.39469371370561285,9.9264469286312,86.83447277863132,0.1585914690523723,0.0,0.4956340455147354,1.0,0.14384855522432566,0.20427762937929378,1.815619737258668,0.8384709777696866,30.0,0.0,0,0.6619028302376249,0.18865422780953658,3,SYNTHETIC_DEEPFAKE,81.95325367547358
0.4713761853072384,0.3240932851446628,0.6099499085648357,24.514405262918814,175.33874536759234,0.1795075780394091,0.0,0.3437637190057296,0.0,0.1844228568165429,0.3417723485889349,1.589744030086396,0.6537225105037212,63.919962221896405,0.0,4,0.3825036201249199,0.7257065626428887,2,FORGED_DOCUMENT,91.07739680287192
0.5747853410051411,0.805460909854095,0.4464008080660925,23.251404813164967,210.0,0.2758871812472713,0.0,0.6681067116652578,0.0,0.13800950921826108,0.10415390816643483,2.046175700516488,0.5451585920162888,80.43573416903385,1.0,4,0.5549619563292962,0.28228047875075096,3,SYNTHETIC_DEEPFAKE,89.3114643713388
0.9536682060070808,0.8378771312422678,0.13366686207749065,3.8685414086614096,20.20895167174182,0.02889110414269997,1.0,0.9606559722654666,1.0,0.0204278290212432,0.0598836042856159,1.0866706060858609,0.9168692090693539,1.7887284143827769,1.0,0,0.9475681321389694,1.0,0,GENUINE,5.945971085765223
0.8642718880305926,0.8377357883435324,0.4604503191216092,20.32636595751815,87.04258081275432,0.234221738323341,0.0,0.614739381689071,1.0,0.22658200958033503,0.3149951772539674,1.8866047932728047,0.9762148114622544,48.233901840390786,0.0,1,0.40288844092799697,0.24536970062510655,3,SYNTHETIC_DEEPFAKE,96.41092591443235
0.4040955270062178,0.3082396141037201,0.6383816804565041,25.318537276897814,194.67430413497382,0.21416410993101143,0.0,0.1451095655373831,0.0,0.24738295022981427,0.32378351332975075,2.9489790630316914,0.5621100310226654,75.18455019748399,0.0,3,0.5655957811944758,0.6150880941926813,2,FORGED_DOCUMENT,94.45059108279925
0.30247171889151514,0.3773714633629478,0.7405059886895533,2.042369746021841,15.354205895569411,0.08247680205740796,1.0,0.919870843028527,1.0,0.025007783753395404,0.1072378776626788,0.9954790321281503,0.9891250677486747,5.653769861605252,1.0,0,0.8889968257288737,0.8627486940562985,1,IMPERSONATION,82.74489533060581
0.9443949640555599,0.811723433729916,0.11202466692967757,2.934578531778253,8.197628309347706,0.040646604655911495,0.0,0.964928842961117,1.0,0.041962231421527996,0.0514376187143775,1.067143986649484,0.9728508141474068,2.7981918825082803,1.0,1,0.9097149261273579,0.9404915583141648,0,GENUINE,0.0
0.1865076513891913,0.4184763794332812,0.8798432559369072,3.937707546484978,20.366076082678624,0.08159329558433095,1.0,0.9625468633779971,1.0,0.033244464337976634,0.10872403155496083,1.0296666160273047,0.8708815848014377,3.4776016570804593,1.0,4,0.9976979264578743,0.8906890505551835,1,IMPERSONATION,87.57145459929698
0.92,0.6860352436322983,0.5279435525512984,11.112102211939794,50.0,0.20346438527181765,0.0,0.7120849756015881,1.0,0.03619143719035302,0.23748588671531798,1.7951758941466212,0.8470205368674408,53.9767859173506,0.0,1,0.5628746572585057,0.27025629984048594,3,SYNTHETIC_DEEPFAKE,89.29466963780072
0.6789026540675719,0.682334767063767,0.41922175487331736,10.491933955847529,79.99434506480414,0.23347937678159325,0.0,0.6013036948185382,0.0,0.14689435547952995,0.20681538982633021,1.8459397832327669,0.9625886811020121,92.0,0.0,3,0.6648334912039303,0.051798669591097274,3,SYNTHETIC_DEEPFAKE,87.90616046944014
0.5116290752128305,0.6113981157780227,0.2420493483470389,14.749951391667313,140.59985731072766,0.14548658678324544,1.0,0.2,0.0,0.1200811432440632,0.2211551351236759,1.8702020757117583,0.9089955972617962,55.967090361714604,0.0,4,0.6121136527879281,0.13535506261675861,3,SYNTHETIC_DEEPFAKE,84.73636139817044
0.719077252828225,0.6062065489642248,0.4110825484252172,29.084092365070376,235.00530116026238,0.34513362122431884,1.0,0.4744704146938017,0.0,0.16358058739719233,0.2571331429627754,3.0018507283211466,0.6479999710889686,90.03219733067179,0.0,3,0.3061467213539712,0.8660259537570935,2,FORGED_DOCUMENT,93.97915932255273
0.9087291248927846,0.8975702979612449,0.15747097367545984,3.453929359639641,17.780352358241164,0.05480814244754474,1.0,0.8946880486067144,1.0,0.021784766638853897,0.07911161636978709,1.1007461835612444,0.9146756058409726,1.8193112722538745,1.0,4,0.974797426097921,0.9946066709635605,0,GENUINE,4.697491284479832
0.5450455688245234,0.5227248396130164,0.3431257689977705,34.024436651933115,161.6158217692155,0.25001944248268454,0.0,0.471105218078124,0.0,0.1124378826636628,0.23561161319005003,1.7922718439573178,0.6400283762383042,74.7118879945668,0.0,4,0.3965641851224986,0.7137905967159084,2,FORGED_DOCUMENT,96.91605451472553
0.767533028350468,0.86,0.44760150482775873,19.820097408088238,168.49530397297823,0.1686132087505509,0.0,0.3991262847678316,0.0,0.03,0.23515525194996265,1.7312121313962447,0.7688903694438626,61.95531083740771,0.0,4,0.539129969965735,0.14007845480910835,3,SYNTHETIC_DEEPFAKE,92.84526597210366
0.18227487776631912,0.36653204112778626,0.5982347739639029,5.106161183158566,9.062624879635644,0.0703893813067466,1.0,0.8903479070502377,1.0,0.01,0.12338002121163702,1.076221697470578,0.930214433429958,6.82928364393255,0.0,1,0.8670430019563902,0.9659453158769651,1,IMPERSONATION,92.27571746854075
0.8645574077545993,0.7331991148285687,0.16996115613026397,4.576635127643289,15.600881226203756,0.07147973526580065,1.0,0.9131457941581358,1.0,0.040017371025301354,0.07157361666862591,1.0161491530499294,0.9113686350029591,3.8254899062300085,1.0,2,0.9044715697821101,0.8954784136579551,0,GENUINE,2.5187763171742903
0.38022740657613513,0.5680516619181468,0.5839400999313689,3.9680136920629403,21.518951815935583,0.0781851991930561,1.0,0.8756841450870493,1.0,0.01,0.09512790827913836,1.0250290128119899,0.8423442366559866,2.114382169277473,1.0,3,0.9174333254710446,0.8930895373881029,1,IMPERSONATION,87.87174510724648
0.6462829648586855,0.5449748959065505,0.39634536933149783,15.248240969174068,53.4052585627686,0.12845238490445554,0.0,0.5532851195010838,1.0,0.03,0.345528082195679,1.8622300451034228,0.6141955060369952,41.9756352911275,0.0,4,0.48114703901683026,0.15594409507601922,3,SYNTHETIC_DEEPFAKE,99.0
0.6921753496411913,0.6134668314992815,0.4709014145499184,12.147121134098457,86.95104050813129,0.2249002069767404,0.0,0.6482230918053412,0.0,0.12651820299809133,0.2860030725396923,1.693034877644581,0.7497755646186973,33.614235003539946,0.0,0,0.7250782339365067,0.05,3,SYNTHETIC_DEEPFAKE,87.71738975263872
0.6239814467078584,0.45049956635608945,0.29472446972077493,15.003585212009765,141.3458437056994,0.1927308017708741,0.0,0.5383173936421467,0.0,0.14539316536059724,0.23882304320822406,1.560533527728868,0.6413457059061587,88.43925034288205,0.0,2,0.7125065264799223,0.2765269047005173,3,SYNTHETIC_DEEPFAKE,78.65647196433167
0.6683537942232268,0.7826832481207662,0.5618956661797508,18.94049168467465,121.01776119918436,0.12077126532856618,0.0,0.5515197965483275,0.0,0.14800189464280905,0.2353913254929175,1.3367791364133506,0.7999783481275337,37.96306104492101,1.0,4,0.5559778816894804,0.10873554657798368,3,SYNTHETIC_DEEPFAKE,80.25999521057899
0.4304597567046592,0.1925159580143308,0.7748558262940357,3.6472445010869428,20.489336667178755,0.0597115356490907,1.0,0.9623385225953582,1.0,0.012394168820614466,0.053725630911220054,1.1550839507846473,0.7441456936499794,3.431666738219495,1.0,3,0.8621362197706007,0.8142125694449569,1,IMPERSONATION,83.37620925138633
0.4981781252423187,0.5642241701235696,0.6117167094823478,25.983469431525776,189.43873726563447,0.3775023926095277,0.0,0.19963884927488562,0.0,0.21750425272839286,0.2988473446777626,2.6648152263472915,0.5377687794597079,80.75792634638117,0.0,3,0.5625666986612722,0.7426919969705486,2,FORGED_DOCUMENT,95.31195287958843
0.6718210119273602,0.716373337218651,0.33235010404227067,15.227661200463277,97.44739960610292,0.22336986619304916,0.0,0.6359146525385472,0.0,0.14739225743213116,0.15785740299213374,2.0750713437905124,0.7827756920973928,30.0,0.0,3,0.47837024732471845,0.2445265853379515,3,SYNTHETIC_DEEPFAKE,86.20749499490898
0.16425445022428187,0.4629063289509412,0.6916544287606485,2.6169206679873995,36.39251387218923,0.049602462551435425,1.0,0.9031011570647042,1.0,0.04362079192089044,0.11304439346775481,0.9297567201764404,0.8869567761629735,2.4354765476568483,1.0,1,0.9522477908829565,0.9227772169486848,1,IMPERSONATION,85.51664480368292
0.4543341052675966,0.4543101711119659,0.44529930647623683,25.532589642284048,176.15411536044476,0.23039278869893826,0.0,0.3182818915420863,0.0,0.1428868615268196,0.3508336665569667,2.1264523784539144,0.809899685956369,94.69445560990403,0.0,3,0.6251831437175488,0.7386613770720124,2,FORGED_DOCUMENT,98.70734197889102
0.9016591649522249,0.7372181375778046,0.2557207417154397,4.250202816870162,21.588029326329377,0.03246324641006879,1.0,0.9158853134630625,1.0,0.007372302243014359,0.06354417042700367,0.9120449588360571,0.9338497260213563,4.536010700119261,1.0,2,0.9898618237292427,0.8860518855268426,0,GENUINE,0.40349182602286726
0.3903551769482882,0.47223956253151866,0.7542203353987562,2.825949382938604,17.170501825624022,0.10375972568812986,1.0,0.9693793155201993,1.0,0.030830836811277892,0.10096165749480834,0.9393195595257542,1.0,0.4988108257824946,1.0,3,0.9454994250361267,0.9585353698335949,1,IMPERSONATION,75.65443303039412
0.635578823584952,0.8363896624026506,0.496837452052695,23.481480523714595,131.86935139964453,0.18823131309868377,1.0,0.4098530684906862,0.0,0.2009869541192157,0.17030328167735898,1.5593953940920564,0.8375158393605728,49.80631690579724,0.0,1,0.5710691033069302,0.21967387309721076,3,SYNTHETIC_DEEPFAKE,84.03315608526316
0.5368921099643947,0.4143978414061333,0.541382712642618,30.1925049434463,179.2310791616531,0.22698607584523925,0.0,0.48889503896121156,0.0,0.17300716945134612,0.4176537636175754,3.1282836403671643,0.7997450658901912,70.77373528339885,0.0,2,0.41254588895088723,0.8219681915463195,2,FORGED_DOCUMENT,94.9187240427713
0.5618716687478333,0.43904173075210845,0.5279414598238124,23.855559430365105,110.43650949175723,0.40419842990280586,0.0,0.38440990243336665,0.0,0.06,0.3893432393018753,2.1095623373760977,0.5517648997842299,85.33415970354353,0.0,3,0.4180742212677866,0.7082218583591069,2,FORGED_DOCUMENT,83.13624797154256
0.7344164757678875,0.7,0.12520609139949251,5.116760225052451,9.106111810366421,0.01,1.0,0.9771353821865763,1.0,0.022436572237027143,0.02819583186401141,0.921446039927907,0.8715128140182663,2.66580297621091,1.0,2,0.9149473889526797,0.9170120055857283,0,GENUINE,7.533721248762669
0.4478243976740716,0.400577583177426,0.650973009280365,5.877252822560962,12.959066941048413,0.053239555988609764,0.0,0.8861383067863304,1.0,0.03365946720610523,0.024026278088565,1.1072216822818584,0.7737318566789706,3.8312302501934443,1.0,1,0.857036193008722,0.9266236314012737,1,IMPERSONATION,74.65693700016816
0.832266575923547,0.8797075756502709,0.21397593348800792,1.1398173927751225,21.51646884494489,0.01,1.0,0.9719534736857364,1.0,0.01171602545206351,0.038364359332158926,0.9026120035591028,0.9101031135507659,5.601859507245328,1.0,4,0.999897267327185,1.0,0,GENUINE,3.9414219392742904
0.635776172703572,0.38,0.3095601704053637,12.961270369746114,100.11248673481961,0.2614383342494227,0.0,0.5115614244500679,0.0,0.19050368690395064,0.16752274898851066,1.327229041533803,0.76718611627385,45.322555985067915,1.0,0,0.5678352270424754,0.14403757525500338,3,SYNTHETIC_DEEPFAKE,80.6851916726122
0.6013230182452629,0.5417638233945976,0.36342537144120235,22.270173777535874,101.99434786409876,0.15435258340206615,0.0,0.2382849098802166,1.0,0.19567707178011484,0.2855222516785168,2.1184039880023433,0.8857856857122313,59.364316339856586,0.0,0,0.611842688724655,0.18400522970768107,3,SYNTHETIC_DEEPFAKE,84.93994048798868
0.896954797029298,0.8325916211671517,0.23036727880099964,4.389169941965902,22.909266716298905,0.05325762537334826,1.0,0.9952042157245597,1.0,0.023996879517526416,0.036972862124163425,0.9671383318250243,0.9493182009377547,4.357424607150453,1.0,2,0.9408508630694424,0.9821378324946233,0,GENUINE,6.3304169706295825
0.7264496273390393,0.7222447195935118,0.3193914231314222,8.0,102.59443725530859,0.18015656750742967,1.0,0.45023665629108217,0.0,0.09596217466364831,0.3569760067237166,2.3622424097829327,0.9334968056820072,43.031118125788474,0.0,3,0.4542948629303656,0.24703662233291646,3,SYNTHETIC_DEEPFAKE,86.86897998660288
0.2737320076068892,0.4787421348814718,0.7930577695472314,5.981570076207683,15.472723718811576,0.02538881029108908,1.0,0.8750527354423385,1.0,0.05295132904289397,0.04532461660466133,1.0755466814571033,0.9189774555704342,5.034614725204974,1.0,1,1.0,0.9946570899152255,1,IMPERSONATION,73.25620788185219
0.8161103451765711,0.4982423273256186,0.4631867239077301,10.346796897336077,130.4347093138736,0.15110358674964025,1.0,0.4440472785592296,1.0,0.12981085556680905,0.2522736956403135,1.320151619343728,0.6813547231042133,50.34145374345948,0.0,1,0.615415062005886,0.1291585563848804,3,SYNTHETIC_DEEPFAKE,96.73404914475014
0.9059153526804364,0.9060286667659377,0.18771456649067872,5.226696045769572,22.749823083206383,0.04702896415083166,1.0,0.9921045071494928,1.0,0.01836933036056236,0.03510194710387102,0.9524821725025618,0.9127740664642241,1.3113701185000581,1.0,4,0.9276815388144384,0.9213633259696586,0,GENUINE,5.040400115690103
0.7596532245431425,0.6565671710132026,0.38835240914507857,14.825622509860404,155.38869979247562,0.23564468569812153,0.0,0.5229411252433632,1.0,0.14088107581858728,0.3599952074029049,1.2507809821339824,0.8525752234505956,80.02757818845815,1.0,4,0.39185941421326753,0.23188054530387966,3,SYNTHETIC_DEEPFAKE,83.6437885061021
0.25,0.45055653139620677,0.3908069975508365,20.94743212668797,195.63260422788727,0.23091908064703676,0.0,0.2834241780441788,0.0,0.18676040273655878,0.27441379435131596,1.8695778336448985,0.3617741529590679,83.21206097622107,0.0,2,0.41801944867445606,0.7673235696150692,2,FORGED_DOCUMENT,85.0602473571214
0.7486879519309346,0.7928005487737213,0.5232177930066206,15.71717725454754,111.39480524613707,0.2211718259509573,0.0,0.4777040929817976,0.0,0.17056841285950897,0.29783844104782586,2.1240911329209733,0.7574150590717703,92.0,1.0,1,0.6677476719331261,0.42,3,SYNTHETIC_DEEPFAKE,85.56610227232802
0.7770261387684847,0.523285917055271,0.3163168762907745,25.6681841620737,131.56446955497847,0.214212691535507,0.0,0.3956817602026081,0.0,0.06411896602991721,0.19579152669492367,1.3281173887200488,0.8311596872385096,67.85467141080544,0.0,2,0.716279941878997,0.3617674200660199,3,SYNTHETIC_DEEPFAKE,93.77552928390534
0.7278563634054065,0.7673223984347973,0.41636460270307757,24.540943553963334,172.80525113309247,0.2088230112415198,1.0,0.5140438559177417,0.0,0.12668724668273368,0.12463253538634235,1.51517049357905,0.8665135648441574,70.60887002295762,0.0,2,0.5821793706362474,0.2067369747415161,3,SYNTHETIC_DEEPFAKE,88.20052715462971
0.9049980363454186,0.6800653553988036,0.3382910377417283,10.249778346339706,70.62476613832797,0.21485601398748347,1.0,0.5331173021979504,1.0,0.16743681372138655,0.40343558889080244,1.6609649508220719,0.6742411111628184,68.11211528724421,0.0,4,0.5171021534662106,0.3052463555588454,3,SYNTHETIC_DEEPFAKE,83.89619009532367
0.5464578878282997,0.86,0.43451175900162736,15.97677969978549,104.72972648134639,0.12356801212846011,0.0,0.24823841296064286,0.0,0.09375685309354936,0.18382236111395367,1.320727698815491,0.7816837232330062,79.42256820264382,0.0,1,0.54525631405887,0.06538602129541213,3,SYNTHETIC_DEEPFAKE,88.31646510542853
0.99,0.8374982237744102,0.17471130411486663,3.8354338892093316,13.18208305777803,0.053788672400438456,1.0,0.9338209940965818,1.0,0.0248135399789341,0.0279100927978294,0.8994332745647877,0.933502931048149,1.9259036051073335,1.0,2,0.9195604331921708,0.847858016157764,0,GENUINE,3.7790376938178687
0.7219924648980879,0.31885111452053205,0.34020618288104165,40.411974989140646,177.02047454494826,0.3002314236552248,0.0,0.40157650750424595,0.0,0.10403130591220808,0.4766772269312991,2.2702904755324,0.5805676290446936,81.73968891788383,0.0,1,0.639209010519801,0.6127385572600806,2,FORGED_DOCUMENT,88.22747967076278
0.307549824618526,0.3384834258756637,0.92,5.560180909398598,25.30517980762098,0.05300374505380818,1.0,0.9159070224961258,1.0,0.026896387354953318,0.02,0.9844676416591565,0.8965711549422855,3.021453705696297,1.0,4,0.9291440995090969,0.75,1,IMPERSONATION,75.77503014184074
0.10202972024464901,0.25542201982217266,0.6390852312528562,5.46847706515067,20.590096399903782,0.06444363943017309,1.0,1.0,1.0,0.01,0.03427467995214968,1.0979759122696566,1.0,5.090534572998629,1.0,0,0.9337459090915075,0.907453341315338,1,IMPERSONATION,81.59607360995015
0.5810082087369467,0.7478646479743135,0.3432119981435682,20.07672837438063,108.19432230598116,0.23996632299079196,1.0,0.5905619855004332,0.0,0.0999638827395276,0.4291677189444375,1.478202909582385,0.741050327195655,59.95611977399931,0.0,3,0.5727315502320118,0.1670357422247418,3,SYNTHETIC_DEEPFAKE,91.62335807416966
0.4444951399500947,0.33613569269342536,0.6799633358436161,36.002754011265814,186.7267385426178,0.3280975882814471,0.0,0.5576175276947763,0.0,0.1890641479841704,0.2143062482282703,1.7537893257239312,0.5104476778628244,71.86210213615583,0.0,4,0.4639404777983408,0.44684858071889266,2,FORGED_DOCUMENT,94.47537554030522
0.4149597488643427,0.2212812701230117,0.6953055550255237,2.3755949432526977,15.301020301313208,0.02,1.0,0.9513415433174571,1.0,0.01,0.02,1.1248215535713828,0.9604712825415317,1.721889369889004,0.0,2,0.993235015358007,0.9295752538544777,1,IMPERSONATION,80.92909323066374
0.40874755023299403,0.4511094305396487,0.8880133104448592,4.0236023210128025,15.016133909195785,0.053409119273506514,0.0,0.9008014082389386,1.0,0.02863409705419721,0.04070047508402881,1.1976084057375536,0.9096664167468967,0.9722383418517779,1.0,4,0.9680815045522351,1.0,1,IMPERSONATION,75.43713535324675
0.8607877565595784,0.6528293974505505,0.25356411914681093,21.629603771738935,122.32350164827211,0.2068549105392667,1.0,0.6597640758964993,0.0,0.13732865338961595,0.28983429010976247,1.952570765187316,0.8692121412407885,63.6072369490118,0.0,4,0.46061774959053214,0.18898125689870532,3,SYNTHETIC_DEEPFAKE,86.16668003422421
0.5154913287139353,0.4871687542663333,0.5077361492051569,14.898896583504152,223.7923505750195,0.14,0.0,0.20550075192224848,0.0,0.2833920554720011,0.3316467531889154,2.081899901623817,0.6303005038887884,87.30819350892008,0.0,4,0.4227361497670843,0.8842014248458019,2,FORGED_DOCUMENT,86.2947326905591
0.4498569562830156,0.33546699125673207,0.7286640256999104,3.4465939206422043,25.83391871246104,0.07124416491820311,1.0,0.7963660073896353,1.0,0.01,0.0761662251717926,1.2312705434759426,0.9840197186580565,1.9351105726431368,1.0,0,0.9918643704128721,0.9081054339089026,1,IMPERSONATION,83.97178987287779
0.22200169348466223,0.3549910732564799,0.9144241061881422,4.793307231766364,8.0,0.0518012334788104,1.0,0.78,1.0,0.01,0.09247374528127603,0.9656787288845136,0.9676754866766357,2.015726314930477,1.0,2,0.9555872342171846,0.841233070938764,1,IMPERSONATION,91.41976355795194
0.7357052345860003,0.763569045556997,0.31312731608605127,17.575547155780416,98.44192883766685,0.18966318156694878,0.0,0.6915272071886642,0.0,0.1517351627866165,0.13705394961284734,1.2015191144289799,0.7147077426111307,62.17096964850625,0.0,4,0.49524789229298144,0.2759970453058754,3,SYNTHETIC_DEEPFAKE,89.18465185740317
0.7863636536034035,0.4012248120868237,0.5048630140147219,26.72136226648674,142.90540675435818,0.26499209429785286,0.0,0.30655443597399223,0.0,0.23969995075812353,0.42104941162100074,2.8136520111488026,0.5346757118665114,65.55828004478002,0.0,1,0.3588143392345503,0.6371397952982475,2,FORGED_DOCUMENT,83.46809792469588
0.331689829327184,0.46382327989049704,0.6882847181745633,3.076022087342651,10.78515253966478,0.07115049642859318,1.0,1.0,1.0,0.015423200824917814,0.020408287799976464,1.1505206515344455,0.7974418113468463,3.2070336529804253,0.0,4,0.9199803319570394,0.9865343484781718,1,IMPERSONATION,95.9546603039529
0.7725187305042333,0.5915633881951893,0.33388862776190376,10.877040971411727,99.55490134506496,0.272536562137132,0.0,0.30910122726907807,0.0,0.1661737237610578,0.18235675805600185,2.2654480350525565,0.732183334718686,43.61184668921085,1.0,2,0.8097636787408843,0.2167734765121739,3,SYNTHETIC_DEEPFAKE,87.81067000029603
0.3113253827316593,0.5161106772919959,0.6568047894572335,6.125031865932309,21.171296842823484,0.0342162082965595,1.0,0.9607623902344473,1.0,0.02390664332488688,0.10482003596396652,0.8,0.8804164209515957,2.5807894024850393,1.0,2,0.8462044788081233,1.0,1,IMPERSONATION,84.21013103950135
0.5163016399413767,0.5387011738611358,0.5519825979973841,22.73907992358091,114.71546427240061,0.24256610221334024,0.0,0.18948297708095588,1.0,0.20511153007976313,0.4802407476163165,2.1544264916029023,0.7361938452912726,82.78344034212971,0.0,2,0.6355197204767747,0.47877355589922754,2,FORGED_DOCUMENT,92.55630849833753
0.3630582565024528,0.5507190793975966,0.8395916550501594,1.414204633278208,42.0,0.06756427787193321,1.0,0.9667478733132513,1.0,0.01,0.14814608731701676,0.9767889997977992,0.8726485449021393,2.897272920750923,1.0,1,0.8487503388195544,0.9807218788918391,1,IMPERSONATION,80.50652659911675
0.5408400667808938,0.36697599389816066,0.5238590343478218,29.510072780541538,208.4180793230911,0.29252589991973893,0.0,0.47286840597643737,0.0,0.16070304746557998,0.29456372484067894,2.3359608954052025,0.5458903571209469,79.97944615393176,0.0,1,0.4793252898688487,0.6981735683757332,2,FORGED_DOCUMENT,83.78779001006579
0.99,0.8614146440719904,0.09687462122448495,3.6611642205011985,22.14539376272826,0.059913180228574045,1.0,0.9115490438361635,1.0,0.02253706719491813,0.03205490145003767,0.9633368075380558,0.9622919812121696,3.6193728091478485,1.0,2,0.9128739015520976,0.9862889447149823,0,GENUINE,7.378947694973465
0.8338262571300925,0.8883111872343882,0.21820409687325087,2.1454360344977284,17.31805611071411,0.027784361098282584,1.0,0.9597566039516474,1.0,0.021580892253231846,0.07749568197940458,0.9884899663981315,0.9663240937552608,2.8429945422050786,1.0,1,0.9534210490249885,0.9417813992148509,0,GENUINE,5.152919268726503
0.9132140963058174,0.8815529908198652,0.24286581003725802,5.294779477084367,21.890746204115622,0.03378546300111062,0.0,0.9990703417018696,1.0,0.011110396739623761,0.05701495394095313,0.8955371532841774,1.0,3.1146962696099223,1.0,0,0.9525456146963127,0.9766413829355943,0,GENUINE,5.881564402179881
0.7007925347962694,0.6444767399142215,0.708387205969083,32.15794858214781,169.8672034625452,0.40018552548595815,0.0,0.22494459349734824,0.0,0.20335093118381306,0.23739319165859957,1.7912292597168538,0.48259019251475177,73.41553468133421,0.0,0,0.48845834681238914,0.6710740266915672,2,FORGED_DOCUMENT,85.72407027684413
0.21618795189324963,0.5524307442115425,0.6367301094645857,5.9999703269219165,17.1891614634322,0.09505753845586243,1.0,0.9142911126153608,1.0,0.02223040186457038,0.05062896114842322,0.9820454136812918,0.8267360103918584,5.6303663602472795,0.0,1,0.8457409911637548,0.9723984738003011,1,IMPERSONATION,85.48283583128878
0.6418896546004422,0.6552594977222369,0.30847018977483154,14.52909593406166,88.28652602213442,0.23189305304822497,1.0,0.4404409376721196,0.0,0.11972308228933222,0.3566078782776996,1.5018034922721941,0.7000818904766914,58.06066437063221,0.0,0,0.5975385971906472,0.16567096408988496,3,SYNTHETIC_DEEPFAKE,84.50034757672874
0.30916557225889857,0.42939859889482446,0.7628644434310409,4.631654174347404,13.728886391815028,0.05588971336148074,1.0,0.8710363408297396,0.0,0.045695813086068404,0.07364537234368064,1.2378869455658397,0.8164703863269599,1.7515356616489757,1.0,1,0.9239820446959246,0.813059494884222,1,IMPERSONATION,87.89434083801817
0.6100098007742066,0.6749835106216513,0.436936585239171,36.00053980934746,201.420676760576,0.1402642856444286,0.0,0.42889130608640547,0.0,0.14778070508461916,0.31192971234926636,3.109611433169853,0.6361927472254036,78.67331535555746,0.0,4,0.43504061249912973,0.566715346005207,2,FORGED_DOCUMENT,98.99675435407003
0.26854007822515513,0.17594134701645864,0.6124387111653511,4.971565704920786,8.0,0.07911155518826275,1.0,0.9030655644846063,1.0,0.05101548580944226,0.06406073419470582,0.9112589967172524,0.853299311560749,5.312364314696598,1.0,2,0.981066084382354,0.8849736724823095,1,IMPERSONATION,92.6027031261882
0.8570567546805362,0.6657383246452966,0.3394399562457838,19.619354272767566,102.45040476527339,0.23305183098404075,0.0,0.3612368458995209,1.0,0.08835014838518537,0.31548800422356793,2.394160209428169,0.7761464910931866,30.0,1.0,3,0.5721331004348162,0.34700556206185323,3,SYNTHETIC_DEEPFAKE,92.44556615293882
0.5377351979679384,0.6080151246992954,0.4551066714828461,24.008147295975792,253.67324448342526,0.4033775538517131,0.0,0.2822369406434061,0.0,0.09834261656894794,0.2563407532752628,2.4272883762825392,0.624267760396284,78.00540128796456,0.0,1,0.5570969335887143,0.5419838299022526,2,FORGED_DOCUMENT,89.29865161022914
0.21858065184810516,0.4938290827726895,0.6587878655245855,4.851194137583884,32.11725525618033,0.07289508453144265,1.0,0.9544348996172103,1.0,0.01,0.029926281623009095,1.0843642010118444,0.9751434462631011,2.902460554869883,1.0,4,0.8713938959781834,0.8365947434978749,1,IMPERSONATION,79.2870135916387
0.7662421095215627,0.8619208853513676,0.20164819735764028,3.56606574988525,16.28701862244476,0.04803542565117147,1.0,0.9249024949286914,1.0,0.0,0.054113727499213685,0.982154594815354,0.8,2.2586426379262106,1.0,0,0.9541911392868079,0.906085505666031,0,GENUINE,5.18827365614621
0.7531133402253889,0.5546172694527125,0.43046863407904984,11.84888628012716,120.62265139611256,0.19463507162535232,0.0,0.6384237013732644,0.0,0.1736511422414828,0.29556544484711833,1.614540681107814,0.599371336320204,55.646022239786234,1.0,2,0.5149685334627274,0.126061765617411,3,SYNTHETIC_DEEPFAKE,93.95364837663922
0.780725753980629,0.6883430601863438,0.2693688483045168,14.052730821806525,108.49164452361721,0.08,0.0,0.6625047030536424,0.0,0.15451388980174027,0.337970790605684,2.0095038653554447,0.773311568185455,77.93209560939536,0.0,4,0.39137769678575623,0.22598833811663244,3,SYNTHETIC_DEEPFAKE,82.93447189154065
0.8426637866263602,0.7211813530643102,0.21640830269786665,3.194842381024852,14.853056644306253,0.01,1.0,1.0,1.0,0.029126203225404407,0.058434338660061945,1.0140345688007808,0.8349167070856293,1.285412746349074,1.0,2,0.9475120135217008,0.9211417246969653,0,GENUINE,5.569158205018709
0.8827575637671262,0.8262981122369508,0.16174576237597205,3.095573817978549,21.476554028461237,0.011348067404169177,1.0,0.95218498231781,1.0,0.015373753799483483,0.04535950979166724,1.123533468669221,0.8594799151988289,0.6931095281330046,1.0,2,0.9028146419129001,0.9204388536790706,0,GENUINE,5.8308258454417
0.8532207690859394,0.8359552490822197,0.16837552052703011,5.048517071173807,6.7697073780903025,0.032621211219370755,1.0,0.9664142638182318,1.0,0.01364590119771263,0.04917414625985435,1.075602209684229,0.8904357605599054,0.0,1.0,0,0.9228538189233386,0.9161426279416408,0,GENUINE,6.514180523756805
0.7003484983829609,0.86,0.2500588441387702,13.048170995992901,149.3308619478512,0.1336109901992577,0.0,0.4236923654971848,0.0,0.12673339699635114,0.22201145068013228,2.003544121431821,0.7510982321597183,62.09242682104738,0.0,4,0.5816976177325499,0.42,3,SYNTHETIC_DEEPFAKE,90.27221175944656
0.8075344364473989,0.9066378953511965,0.10751395392611518,3.220419288712591,21.684098738060285,0.02673127685561024,0.0,0.897864603522586,1.0,0.02993334501607768,0.013406363695838343,1.0815967006046838,0.9718590702824526,1.134269944702718,1.0,1,0.9677287040663481,0.868892909133166,0,GENUINE,1.9848993825540573
0.8181569498319086,0.846516344324564,0.16874889691698544,2.891120579722029,10.350372819659883,0.03367804263126946,1.0,0.9638431324473237,1.0,0.013189483425251192,0.03730789929413287,1.1195752236681356,0.9061550580101811,2.4619164304232695,1.0,1,1.0,0.9301653528797086,0,GENUINE,6.758803806164151
0.7335861498122281,0.4141156553670085,0.4085305916303789,32.66452499750819,189.62686585026808,0.3879090024909565,0.0,0.1844096563106429,0.0,0.1770981254431599,0.29105427671806383,1.8391923391046872,0.7195693448005867,73.01117650509238,0.0,0,0.5053756226868261,0.5931972804435778,2,FORGED_DOCUMENT,99.27115259139975
0.6753488449410847,0.5411913244035637,0.413721555628624,14.324565252502529,115.37113075448906,0.24566607346229055,0.0,0.4493266606702203,0.0,0.1397590309786678,0.29596532918812346,1.9610557991272048,0.7817888238158026,75.39421340348991,0.0,1,0.8252899802487599,0.20660298520551648,3,SYNTHETIC_DEEPFAKE,87.21966318137714
0.40339419026524803,0.3755567702269832,0.5804363963413434,24.724507963157045,177.4788762126724,0.2916988223217889,0.0,0.4327805425010862,0.0,0.30740243689372077,0.31807738648026707,2.1634010708279963,0.7120304193777782,62.480432572295314,0.0,2,0.3985555041466066,0.5508530558298745,2,FORGED_DOCUMENT,83.55098467317413
0.30604562070335317,0.39835517721858205,0.4954079760326513,5.620462201313259,21.05295939956696,0.08945751489806675,1.0,0.9226226238195191,1.0,0.054456158442668164,0.09152662030568345,0.8907165325909838,0.8762365241361215,6.408620203592982,0.0,1,0.8800356586593501,0.75,1,IMPERSONATION,78.9125709827923
0.21133585381030662,0.49758076202678436,0.5297638523049979,5.268279986440556,24.135968774861666,0.05147135316692383,1.0,0.9504567093765949,1.0,0.05200785784557459,0.08288552215406667,1.4,0.9431816822909365,3.5987946938307678,0.0,3,0.8285300846115904,0.9705847928233338,1,IMPERSONATION,83.82606942425424
0.3832078681478432,0.5704674185337821,0.7344905262641983,31.138837982203214,218.71163803064928,0.2531050072443086,0.0,0.37690559550487757,0.0,0.07829784062659703,0.21018762067011296,2.8279470234574133,0.7395149438740529,65.87860593345597,1.0,4,0.515230813675136,0.95,2,FORGED_DOCUMENT,78.0
0.9017869376646714,0.8717776993800237,0.055517535395192344,6.218330132552768,26.243866765535284,0.03205609367708025,1.0,0.9269319077863243,1.0,0.023556689485632294,0.0538315479238818,1.0706240989305926,0.9923652849695903,3.352154807692969,1.0,3,0.8980137800436023,1.0,0,GENUINE,1.3912649169010054
0.9521867587858482,0.7901728938520008,0.16675185626312336,3.809557139176796,24.522257142864067,0.08374977658748413,1.0,0.9212890654637149,1.0,0.008946466824472084,0.0656436521591152,1.104337262215706,0.9479724537997519,2.854872626314296,1.0,4,0.9947883511187912,0.9590520373928746,0,GENUINE,5.268639812487791
0.4704343446079993,0.4992219478901987,0.6778239658320989,2.9375090745435575,18.075459402869292,0.06687250535429279,1.0,0.9049020639988427,1.0,0.048473504265990425,0.033168861253334535,1.0915378503413045,0.8383709192130309,4.09588625149644,1.0,4,0.9062001156094696,0.7922065167924178,1,IMPERSONATION,81.9381161388155
0.6510619092152795,0.7131418498109664,0.5128996776392908,20.959957586916307,123.88634851055284,0.21264553946862458,1.0,0.5708158846518399,0.0,0.06994898174552971,0.25594295280971896,1.1,0.8601283116640421,73.86138724241351,0.0,0,0.7554430046047371,0.23039694972552924,3,SYNTHETIC_DEEPFAKE,78.6817784229253
0.9697661340055336,0.8166807978329542,0.10797645321570346,3.5303052553820184,11.703985688738623,0.046887115385759126,1.0,0.9747362299623599,1.0,0.016419706202530138,0.03812193655959396,1.0093778506157989,0.9241740562759926,1.7200373673887173,1.0,4,0.9123450201034425,0.9918053819353707,0,GENUINE,6.25827363026046
0.3329799581185402,0.25019836318962846,0.7727346224500095,6.787557884697025,25.957637344401785,0.08673870635366482,1.0,0.993246975042136,1.0,0.01,0.15457081471542689,1.2448221106015804,0.9191083760730342,3.249078921695659,1.0,2,0.8297654550448693,0.822694913467227,1,IMPERSONATION,82.04664276202523
0.13225744861153302,0.4675788266610479,0.518420382373664,5.882401582946374,28.00650994673453,0.0345143656286868,1.0,0.8938346202126644,1.0,0.02976922787751732,0.04311314730318649,1.1610780284023456,0.9302935825265755,0.6140771197065251,1.0,4,0.8606134595730692,0.8427394829994328,1,IMPERSONATION,92.43475145847046
0.39714172985774465,0.34548984046341674,0.6566312832534775,7.3465427835079895,26.778426934652153,0.04084493927168375,1.0,0.9238722837805834,1.0,0.03078921160928209,0.16831994613323872,0.8854900953869942,0.8774117797063444,1.9742891156068902,1.0,1,0.8803102836748226,0.9842919258414707,1,IMPERSONATION,79.92389130803392
0.7051636077517771,0.4213311976432964,0.47505476394290325,15.853834098993804,203.87538259748072,0.16566803849425255,1.0,0.5341725007066777,0.0,0.14732524768042068,0.15184800216090294,1.943419085551691,0.7838127575262904,57.1409889651706,0.0,4,0.764164554224021,0.27937241394225376,3,SYNTHETIC_DEEPFAKE,96.49003451694426
0.8422179485640933,0.9113728254966628,0.1775868505232537,2.9478464504870194,7.773970328409309,0.015588597914362911,1.0,0.976412921435101,1.0,0.01797807347566106,0.08105719551678651,0.9760482124525723,0.8996042323614353,2.8924345839587,1.0,3,0.9190724762565156,0.9879657195112399,0,GENUINE,3.6019380053256125
0.3327840030947491,0.3059804134789658,0.739655698371947,5.539782520810878,27.135152982869105,0.029109112811008184,0.0,0.890958972582675,1.0,0.04499490950876695,0.02,1.1301490581830256,0.8568014916450688,1.8229987672320955,1.0,4,0.865450793333824,0.9137779055385453,1,IMPERSONATION,78.27464979908764
0.5382165364677245,0.4613317901361706,0.5790674146057554,28.02415846934653,182.0557273268209,0.307741672232072,0.0,0.23815415426696168,0.0,0.2519935306433077,0.4495172325013411,2.5414340872386103,0.6296152658072698,53.444182184262985,0.0,2,0.6274161010842612,0.6199024558612918,2,FORGED_DOCUMENT,90.32744658530339
0.8426351463998856,0.8202570637558035,0.20290111940579064,4.029958354480867,25.691195762727126,0.05596119746704684,1.0,0.924699845127898,1.0,0.007778239348489877,0.05839421640717353,1.0160763526301255,0.8322605628938806,2.6794889567784,1.0,1,0.9065012793549386,0.9843394068767831,0,GENUINE,6.289020062799926
0.32013735156856665,0.33316629904167794,0.7578262339745098,2.2338899096276243,27.499028467801764,0.07259083173964967,1.0,0.9315333608328383,1.0,0.04962377655644876,0.11354684195540765,0.9357914736158542,0.9407047748012497,3.8776793990472407,0.0,4,0.892573511079331,0.931090161976108,1,IMPERSONATION,87.80240416323845
0.4441750867425731,0.3624820579125214,0.5177584918815981,39.401290811518905,219.5640694612503,0.19570457408499042,0.0,0.560040819162736,0.0,0.39987765008977316,0.38434520181041093,3.308559897585762,0.6759377834211264,78.58949784321325,0.0,0,0.6848102825668976,0.4,2,FORGED_DOCUMENT,93.22485646559691
0.7129961277246093,0.5720239609682447,0.4084470372938253,23.884590227190166,81.15673783604404,0.30469983312746635,0.0,0.7119195921160242,0.0,0.1785564887754947,0.15929349740394988,1.5327824368605953,0.8642395195312432,66.73352088358106,1.0,3,0.5792269038103123,0.26085632764309946,3,SYNTHETIC_DEEPFAKE,85.74949045020234
0.92,0.6838035096592825,0.5713797644773746,15.659107453856535,101.71796254422651,0.18555660780135558,0.0,0.8,1.0,0.08072459066041929,0.3243920574077891,2.7779925202665607,0.7322915802639876,56.357512210174804,0.0,0,0.598993495430208,0.16592457583444564,3,SYNTHETIC_DEEPFAKE,81.96175825405949
0.7516719811114411,0.98,0.2491996063842467,4.551939281039582,12.424291574521812,0.08779756544436648,1.0,0.9418675656560486,1.0,0.024515159420189697,0.06287605203408637,1.088396163747445,0.9127737957323048,3.5021514276350687,1.0,3,0.9324316936201729,0.945205963225376,0,GENUINE,4.484323650532452
0.46535039307992276,0.3504507615029248,0.6214762606320043,5.26941608917718,8.0,0.050479546336661386,1.0,0.9348950900961559,1.0,0.015937033401439305,0.08987790745009382,0.8472474432833884,0.8388650714927042,2.6908997501149474,1.0,1,0.8322149788555817,0.8460695007160027,1,IMPERSONATION,78.42085662430429
0.9401094912209162,0.8151700413130355,0.11089982537444815,2.8883562590236553,7.873588681471453,0.049430847608364116,1.0,0.9876003438001618,1.0,0.016986368795598145,0.01,1.0113930307209107,0.9124839769864065,2.009955680220454,1.0,0,0.900648243292367,0.9896319235340882,0,GENUINE,3.9691465925203695
0.3491759577737296,0.58,0.7449150316324143,3.427812450750515,21.973804967553413,0.10514826567345614,1.0,0.9669127905562473,1.0,0.015766769228473886,0.052118211945623105,1.0197020263295797,0.7949373592183605,4.09038612341684,1.0,1,0.9287432346046988,0.8369326617018136,1,IMPERSONATION,75.54335722138724
0.68326191253351,0.8183640113032239,0.5296248889205301,24.27740386265074,144.8838598776804,0.21797627558639426,1.0,0.29083430529070187,1.0,0.11062376485498251,0.412540359089895,1.6257513684989384,0.9465558922249503,62.88057310448872,0.0,4,0.3,0.2290657704015689,3,SYNTHETIC_DEEPFAKE,92.5076887215435
0.7144070631916082,0.35697677175710363,0.3940296755744912,32.65431702456261,121.87835986276059,0.25578918497142694,0.0,0.20990290799579792,0.0,0.16020162585155448,0.42293794256299777,1.9980769601446458,0.4704436851342627,89.2413519125041,0.0,1,0.20923033219799858,0.800947763090192,2,FORGED_DOCUMENT,84.86809864121757
0.9076264304547842,0.844900698306348,0.18920832221087794,6.105401144682849,19.32930278662664,0.053834421614153805,1.0,0.9840454295663102,1.0,0.029773153010514683,0.01,0.85,0.936650602355813,0.0,1.0,0,0.89560188651855,0.9958824551136172,0,GENUINE,4.557023481106459
0.92,0.6882258334330329,0.39255837221747353,15.916354091841182,67.05309104751944,0.19514955040078047,1.0,0.2,1.0,0.15659962158047827,0.24519463828581545,1.6169783274474168,0.6644037005383326,66.6283560320689,0.0,2,0.5536900649727003,0.20435433593099675,3,SYNTHETIC_DEEPFAKE,84.90708322939795
0.7264241254355897,0.4753476753566122,0.5501788860373362,20.080536579860905,221.60468353412432,0.18048663841450258,0.0,0.22972337918152835,0.0,0.16442847822714027,0.39532167225182296,2.3295965568508725,0.8437728100070427,75.12711600814137,0.0,2,0.3505617609058699,0.8366557885638254,2,FORGED_DOCUMENT,89.67843854161875
0.3391406614527606,0.5161808764435758,0.6433744625755463,4.874343991626814,28.267175330835983,0.07289685104114724,1.0,1.0,1.0,0.02188291160646569,0.060892405804396296,1.3040301764734519,0.8303830292405288,5.20565302503595,1.0,0,0.8467549748082396,0.7973702606695852,1,IMPERSONATION,94.78049694546125
0.9817287777630287,0.899285280654971,0.13903066818352985,3.8236423239597572,16.14462984002104,0.04422561448883104,1.0,0.9756845261398063,1.0,0.01653438962293133,0.032121152346429566,1.0724267096772635,0.876451417842698,1.4617737101368211,1.0,0,0.9240597232846994,0.9694468496586349,0,GENUINE,5.464654774601484
0.3987182011630236,0.31180757129613323,0.6193297750116946,2.7818049807414793,17.085163125715944,0.035957103736550845,1.0,0.8497261797816826,1.0,0.0646023174674237,0.09947549776444115,1.0745370564886576,0.8822858675966784,2.8867221234684504,1.0,2,0.9533383290269644,0.9144967326239654,1,IMPERSONATION,76.32009257420428
0.808668407233347,0.6019653822405092,0.32537615353800725,27.605396558727612,108.74195396800533,0.18029371692166984,0.0,0.5062115749146336,0.0,0.07627972184677616,0.2705381317430309,2.5054150009769414,0.7145442023080012,62.68933987523392,0.0,4,0.6945988512802732,0.2583850986599822,3,SYNTHETIC_DEEPFAKE,82.93419028295445
0.8678558806821194,0.8553867793157881,0.22503248948665208,4.890003393297313,13.884139853048392,0.034773418810970645,1.0,0.9343329829073016,1.0,0.00972063238926661,0.06761428776012968,1.1893550790715355,0.9065079729664092,2.065953362323257,1.0,2,0.9311324568000373,0.904025135591365,0,GENUINE,2.309191438428564
0.6764079419097414,0.7726787868942697,0.49998277119984674,20.864876213241853,155.89906565234276,0.14617870834117597,0.0,0.20172880340577376,0.0,0.15410539951819324,0.14343164114645957,1.7179942055632555,0.5067071105736105,60.8899619455989,0.0,3,0.7676900313126138,0.10257493660008625,3,SYNTHETIC_DEEPFAKE,97.30564779608176
0.8922157058161183,0.8824056183286086,0.15669192909036336,5.941340251531011,20.53852523274772,0.06271032581926075,1.0,0.9654479630728684,1.0,0.0,0.026151744932870334,0.9215122150693975,0.9075357071361998,5.617621358521586,1.0,0,0.954496458515018,0.8514774440061499,0,GENUINE,2.1960110806156594
0.8746249725683294,0.5454214318188034,0.35686424876364803,11.82610692951705,108.72985433760687,0.27008333322431055,0.0,0.5200981635289261,1.0,0.14903422468531546,0.19634573169995445,2.1400060477453917,0.773042238187513,74.20376499904911,1.0,2,0.7214925418642686,0.13563313421969658,3,SYNTHETIC_DEEPFAKE,83.89872913910008
0.9652769789771499,0.8383960161678982,0.09591262563505798,4.478824495603268,18.13561153768704,0.07102310089191408,1.0,0.8950085746975266,1.0,0.011869878782796276,0.06467978454837132,1.1497421421289704,0.9257173445651845,0.0,1.0,1,0.9282461185461157,0.9917805594497384,0,GENUINE,5.542946069064401
0.7413131737740168,0.49850592739896027,0.2609715861544513,12.550766375948827,110.06801734905332,0.21804277418360732,0.0,0.6122700834850495,0.0,0.14750233171585328,0.4441472075657884,1.6429549071662304,0.832792609187884,68.37457318640179,1.0,0,0.8043842935279705,0.2905953634033185,3,SYNTHETIC_DEEPFAKE,79.42728444075549
0.963793269384851,0.7683901662389205,0.14446817503622103,3.241703536838874,22.114672477456452,0.05156551596487104,1.0,0.940475579782738,1.0,0.012385698329012044,0.04239021834312216,0.9383202640048306,0.9194109318928837,0.2847337579562228,1.0,3,0.9922160970506066,0.886819783316509,0,GENUINE,1.603609234910289
0.813386596809424,0.8694588145319896,0.22274053224958712,2.0601721214229127,11.862150912629948,0.030916208833769686,1.0,0.9353896852640791,1.0,0.011828145333910047,0.01,1.0789056947405868,0.9369360251434818,0.0,1.0,4,0.9982878303982498,0.9333522398907943,0,GENUINE,1.2480448433741524
0.3058620988694466,0.28007280309758376,0.6006249749069004,0.8,13.88806433767223,0.05486558131695392,1.0,0.78,1.0,0.01,0.10428207004303344,0.8681545283629781,0.8674213822154061,0.1932701952097471,0.0,1,0.9345662532592983,1.0,1,IMPERSONATION,86.26725600624
0.393495093827123,0.48889413833964934,0.6840689690801733,5.368614641090481,23.315213969250493,0.07173960515805677,1.0,1.0,1.0,0.026051616449647173,0.06757896977430906,1.040280959736808,0.9562753941002372,5.761182795328059,1.0,4,0.9036618854381562,0.8887970458788519,1,IMPERSONATION,86.89315891449682
0.8300586656137463,0.8829990889470483,0.12238884778595144,4.559518181306613,19.717538125107797,0.01,1.0,0.9347966976424998,1.0,0.021646978274371405,0.03774422619031228,0.9812298440064016,0.9342932695362453,3.0016851849805377,1.0,4,0.903758568219909,0.9889940113878452,0,GENUINE,3.6113581944882656
0.7163555767667806,0.636965384253259,0.3329747892305464,15.244166592818074,82.68709414068817,0.281436748549797,0.0,0.4675118923643298,1.0,0.09760122661152079,0.2419713253310357,1.7591063160467952,0.7294593570587269,57.46438413513101,0.0,3,0.5327050346878756,0.272460216532287,3,SYNTHETIC_DEEPFAKE,85.69292757072641
0.8629074703978198,0.8320674173253234,0.13792512770646106,3.725882960167845,21.376649108516382,0.05749034148265045,1.0,0.9405070431945519,1.0,0.01512797078805073,0.04296157364366982,0.9430003933802543,0.8551941667875054,1.8158187587887178,1.0,3,0.9472570648045588,0.9334800871142626,0,GENUINE,1.8832542278817233
0.6442423069412039,0.5656208351373375,0.46901908206838927,17.559459436667773,151.34976321265844,0.19329868505300093,0.0,0.4764434628792687,0.0,0.06,0.2724991401550515,2.296904576079443,0.3927659751385555,83.88393595518895,1.0,2,0.3798285744789699,0.7088386685283626,2,FORGED_DOCUMENT,79.108701895575
0.5982843658583576,0.4294270921929393,0.3387109853300427,14.470998233257177,135.20170901776152,0.19101485303059623,0.0,0.36020385140101135,0.0,0.07907711633429791,0.30543055733659763,2.0296656833455406,0.5903946083585088,75.68002615536356,0.0,0,0.49124208915787493,0.1459494794812189,3,SYNTHETIC_DEEPFAKE,90.74560713263368
0.6143345694015069,0.3926631523965933,0.29228292577766596,19.09926418622811,59.67965357117277,0.1388888643217748,0.0,0.350297982014962,0.0,0.054518626322338254,0.3131488969502378,1.5675881023621752,0.9385329679201265,67.58484529984628,0.0,0,0.45811331612854406,0.18557348461597772,3,SYNTHETIC_DEEPFAKE,86.08989317377088
0.7749697837685248,0.6661760490173777,0.6435828215054998,21.683967391271466,125.92065565319807,0.32474376715139575,0.0,0.3975096222768786,0.0,0.24833170797961518,0.35830345266013164,1.7854646743195146,0.6009530759887799,59.68841217656865,0.0,4,0.4889107702423591,0.7782734843620728,2,FORGED_DOCUMENT,100.0
0.7674718613608689,0.3378253694871657,0.4991533613598909,15.551676459682898,141.3589621150023,0.2814812938554246,1.0,0.38181064633981276,0.0,0.29461901635559984,0.37014544251648657,2.4079729319758307,0.4939405491484574,75.08516597975574,0.0,4,0.5456700531680864,0.687736593758946,2,FORGED_DOCUMENT,89.87006325244356
0.5743581975519274,0.6001983437844116,0.4172013900695227,18.88740166784142,153.4924058656646,0.12432724149286,1.0,0.28007386416423874,1.0,0.048189209821405316,0.2693289795435217,2.1085577739561265,0.6756810482716158,49.051585289804166,1.0,3,0.6722456080964752,0.3012704670464014,3,SYNTHETIC_DEEPFAKE,77.96188271433448
0.92,0.646532445482159,0.3314516544686558,23.522037409756745,135.46018792858075,0.19491815227983017,0.0,0.7122500192245331,1.0,0.15009489228115397,0.2861433990340765,1.8114920119551405,0.6270042350005292,46.98784794082806,0.0,4,0.43419067560267577,0.2353934456653944,3,SYNTHETIC_DEEPFAKE,98.99142295765094
0.18232389696540527,0.2562344672881288,0.6868314595078238,7.184434979678911,30.061184220684904,0.06481559290810252,1.0,0.9877005120396871,1.0,0.03515791677855438,0.11911591582865924,1.247170879582191,0.9699258088490049,1.445978525791777,1.0,2,0.9805030943956344,0.824013456513863,1,IMPERSONATION,73.80965400863668
0.7802424206649187,0.7516325566458684,0.14821051570308516,5.212648157662699,22.32412209725237,0.04920511727020253,1.0,0.9992743316075279,1.0,0.014796178797976046,0.04457088529095853,0.9193730645674515,0.9028011964283102,2.4584266506319015,1.0,0,0.9251411400055379,1.0,0,GENUINE,5.938007250209998
0.7968941836972752,0.7078970091890318,0.35572893102033043,9.650721578868543,98.77889961992723,0.22169646345973557,0.0,0.23509326692406202,0.0,0.13162580687646622,0.2858144047520555,2.125964215746463,0.8317314273820418,92.0,0.0,0,0.5507918475274786,0.21397785985790785,3,SYNTHETIC_DEEPFAKE,85.89107202123724
0.621735939008097,0.760626806577876,0.476221649246687,15.043146911397802,160.43603063714096,0.18154218788124996,0.0,0.311921535375965,0.0,0.16973112096374976,0.17889210698128327,1.3058546898506835,0.7414674276751598,92.0,0.0,1,0.4352366151395822,0.29553217531384657,3,SYNTHETIC_DEEPFAKE,80.44007029478215
0.5863399474223049,0.6442567492673502,0.3009966016680437,25.526478510043994,99.73790620687421,0.11814043775578778,0.0,0.3101193503206424,0.0,0.1690160673345852,0.23698244296892138,1.7241038765424197,0.752086569336332,62.995749367442194,0.0,0,0.5962743337254414,0.1580707816385155,3,SYNTHETIC_DEEPFAKE,93.29241398393908
0.2958163788875629,0.468887646392612,0.7383525624199997,3.2386812954279396,14.180150961718185,0.02,1.0,0.9186342096993025,1.0,0.027019315389049458,0.0728532893738073,1.038226039761141,0.8922161359534971,3.2326710887202457,1.0,0,0.9663452353309597,0.8970787281290808,1,IMPERSONATION,76.37814046592788
0.5836965751211429,0.3337829509876308,0.33491005553335973,24.447858946073136,192.312432961209,0.2721102316532674,1.0,0.411339120099804,0.0,0.12465805452081113,0.3277113000476544,2.183056779067936,0.582246576384642,82.2577761179407,0.0,0,0.6071565864773225,0.7214315663953844,2,FORGED_DOCUMENT,93.43807683638953
0.7758702500711279,0.5961604867655842,0.6830739941520539,20.907349954049117,203.7435595121827,0.29578947697877533,0.0,0.19922955552402852,0.0,0.2294265893850316,0.48016956983789205,2.7557930885295767,0.5287344437913287,84.19158993573373,0.0,4,0.47674462749193364,0.5574817603401722,2,FORGED_DOCUMENT,95.14544426207227
0.8351526607625073,0.8303648562611867,0.07985669213960726,3.6702332115302996,25.17260371532803,0.05370580169421936,1.0,1.0,1.0,0.018066957735520302,0.07943170165139789,1.0178143252557876,0.9553615686902138,4.7126685464647835,1.0,3,0.9322628948567517,0.9708152166026991,0,GENUINE,4.020748012064602
0.4407624679654253,0.5861005262017704,0.6148580354178133,21.418361799258808,191.85165602409975,0.2780154633977814,0.0,0.5901106578435181,1.0,0.1610706086059801,0.22574013784292551,2.238097539978386,0.6303239705318089,66.12991893018324,0.0,2,0.5526869953010066,0.5863025386978564,2,FORGED_DOCUMENT,100.0
0.26958883378400644,0.46694328925028666,0.7307769035838549,2.730701835104541,32.25876336188074,0.14,1.0,0.9147156710541793,1.0,0.020869564764637805,0.05513618297794297,1.0657671365710388,0.9019124800385458,2.1053341228249476,1.0,0,0.8893203228422789,0.9008655566595573,1,IMPERSONATION,83.17029192170236
0.5820097536916369,0.6424154558657316,0.3231321855666795,19.999979767137994,123.10353465227514,0.26054885340493805,0.0,0.34351051773903774,0.0,0.24258563124986454,0.41180265062239885,1.599082931969169,0.8755819218512957,54.089662910675756,0.0,4,0.6563770448763768,0.14728371304953336,3,SYNTHETIC_DEEPFAKE,92.43801273956939
0.5177142937528119,0.6021441192765646,0.4924864365771048,17.968947397825673,72.76252671898632,0.29001542539898767,0.0,0.3032589644501925,0.0,0.03132748047240454,0.20188908743610554,1.2376012618461358,0.9352756220733529,48.89389643395192,0.0,2,0.5561322726914012,0.16681168103180039,3,SYNTHETIC_DEEPFAKE,81.57501843871147
0.8313120320927625,0.86923165852899,0.11154002302893243,4.092995065504241,20.089070907169713,0.030597512122512424,1.0,0.9305021076924017,1.0,0.018604817661001385,0.05168209379565633,0.9599454134540167,0.8616967062031102,3.390143333272806,1.0,3,0.9650916480514184,0.9944679414257642,0,GENUINE,1.6390065634895539
0.5669741224548531,0.4078933063035511,0.29771889962681486,26.180182458674356,208.8720409338443,0.1540105910020278,0.0,0.35966381128870994,0.0,0.1465339428861825,0.3505227517587083,1.9051439794493676,0.5338902929647943,52.789156260014025,0.0,1,0.5450711269498261,0.7151055025385267,2,FORGED_DOCUMENT,97.4479680981238
0.7679530126544264,0.6389699813516629,0.34059384387985875,11.69183341996925,81.18301269461023,0.22710261523040198,1.0,0.6610661837454476,1.0,0.07731759766928983,0.31494560348594064,1.812398307862363,0.8204691077259991,67.7355220814954,0.0,1,0.5569217731252488,0.21421035450200243,3,SYNTHETIC_DEEPFAKE,85.7798520071821
0.1312880467254825,0.3596664603284417,0.6889454680605287,2.961968014557141,27.877988765928066,0.02,1.0,0.9069903769866714,1.0,0.024144841624550904,0.06817249130169857,1.1862194790742921,0.8670656058228403,3.0598929852566106,1.0,0,0.8400967751588996,0.9427342722864537,1,IMPERSONATION,75.45528703074358
0.3171037416183269,0.3936108454932731,0.7042587330264208,3.821823734283823,29.113447684043816,0.02,1.0,1.0,1.0,0.017179923949526082,0.03244174644727047,0.9071790103889725,0.8139706108782742,5.715027285970285,1.0,3,0.9746225526593256,1.0,1,IMPERSONATION,70.82275968098722
0.5534476383979516,0.3268812738400805,0.4690306732154791,30.639832549614916,138.68916448647627,0.23965503731965468,1.0,0.3600283787486637,0.0,0.235080204811461,0.3731407070706252,3.0769211323989367,0.607759711347941,71.3205366676112,0.0,2,0.39808415735854535,0.7872777291755297,2,FORGED_DOCUMENT,95.501465701907
0.8960335533615796,0.6528955670009068,0.2606966674082329,19.76465712267008,87.22869990474356,0.19562720294028,0.0,0.38808545543787165,0.0,0.1086742942109718,0.25530780265131875,2.154136593375696,0.7592282264739886,75.65984596130959,0.0,0,0.4879016032163267,0.30453337775417,3,SYNTHETIC_DEEPFAKE,92.02226394573994
0.23023603663258227,0.58,0.6421889320455296,1.0822065851990685,17.205244155467994,0.02,1.0,0.8287567082219529,1.0,0.03768320355934955,0.02391179638652751,1.0805982840766684,0.9687504133613153,3.3611318630413405,0.0,1,0.9238428593515694,0.9334089306810297,1,IMPERSONATION,78.57442840203339
0.7663452811549848,0.5832921082407274,0.3123835741380858,13.487880327607908,107.53753552923177,0.125967749208029,0.0,0.38937842052155813,0.0,0.18821880470986108,0.336101283456852,1.9080241439563597,0.98,81.43742740700479,0.0,2,0.6608587699039642,0.3767133299265875,3,SYNTHETIC_DEEPFAKE,85.04430979836508
0.20976008782013955,0.30291913236194534,0.6893355439113972,4.35073206963963,22.928709346494113,0.08502657704773603,1.0,0.8049292082869421,1.0,0.023489882643847965,0.08756545681652293,1.2333316714033753,0.8849777479992292,7.775569880983893,1.0,2,0.967053234030553,0.8887100196437199,1,IMPERSONATION,91.41981293740274
0.83341005157042,0.8609989543293658,0.15880949112513462,2.9997815396581236,19.687500004052453,0.027850554247593855,1.0,0.9478691402192992,1.0,0.02145836470215384,0.06170598873032676,1.0714883596076372,0.9609962626317617,2.9865103150223025,1.0,4,0.9186909800713238,0.9404691584877499,0,GENUINE,1.0973946969909
0.43894445194472287,0.42991791468791163,0.33650865197051993,26.979128332988754,172.33180793283026,0.156512464924637,1.0,0.3405400701095893,0.0,0.06,0.3461716226506781,1.752797836844258,0.75338255240718,70.72424618177124,0.0,2,0.5913142668738345,0.7284812873374736,2,FORGED_DOCUMENT,90.7878067149765
0.23750251759728078,0.3677510157375938,0.6610859956228213,2.7747368068953078,24.156829552505954,0.12787706425005954,1.0,0.8897170722898909,1.0,0.0188236741652641,0.1067585792687273,0.972218593983144,1.0,4.189549945184589,1.0,0,0.8727986230553973,0.890455334823382,1,IMPERSONATION,85.4840203802654
0.3895260093870039,0.4662047382302007,0.45668867688482234,32.56625053548906,153.3970968239407,0.3277903455672768,0.0,0.24392229543587368,0.0,0.1993907842095817,0.3580303980139419,2.142066480932247,0.635052138762703,73.252993346166,0.0,1,0.4263867084436632,0.8977480908816766,2,FORGED_DOCUMENT,89.2843344347015
0.6935756808281083,0.3705490682962949,0.28650093593846016,24.48079677899277,177.03824565989018,0.2589160636729783,0.0,0.43539981380527903,0.0,0.19859783433727068,0.29725556498152134,2.7285707285935583,0.39954603859925564,87.14282188357174,0.0,0,0.5139625377724714,0.517893401982606,2,FORGED_DOCUMENT,94.89162762072755
0.7885943417723705,0.7523016999218627,0.4459720217239955,25.695485642259968,124.2369136084413,0.21688040598851577,0.0,0.512016782676073,1.0,0.11087389998907468,0.3302624584285573,1.179697659171162,0.9335821996173906,57.19640297145321,1.0,0,0.7599531947305802,0.26268159945139175,3,SYNTHETIC_DEEPFAKE,92.05856863192554
0.830894060805764,0.8507663471442931,0.20234613698279424,2.23553044276992,13.715932666166125,0.021054498299163827,1.0,0.968043001019557,1.0,0.04650988427871934,0.03151558565449632,1.1205402774829984,0.9081515862214373,2.6960109086160964,1.0,4,0.9828878686375394,0.9904889769381533,0,GENUINE,0.0
0.2985122658142909,0.5214140457797847,0.674864483771196,4.412393680109824,25.802068837738492,0.0951198488795298,1.0,0.8206865172686341,1.0,0.03333275790623677,0.12239800679049506,0.9008720022882235,0.7989884446845529,0.0,1.0,4,0.8770504634941735,0.931814219330832,1,IMPERSONATION,77.496370198597
0.671666609005101,0.5690390654379837,0.38041446932375217,16.591794974467692,165.4711278043244,0.2212978865728863,0.0,0.3689109197783179,1.0,0.10961498813001035,0.35326673665607444,2.0061976277060007,0.6650981907249036,43.186083774126736,0.0,0,0.6483121038523868,0.19267977672515454,3,SYNTHETIC_DEEPFAKE,94.83691726750786
0.30494768857347443,0.49491328592429473,0.6247761285435793,4.541308430844362,10.442726626533666,0.044870400930623076,1.0,0.8565178844685114,1.0,0.054415052065094754,0.14955193443803477,1.026794708350209,0.8181569454079127,0.8721110065800599,1.0,2,0.9258724825661241,0.8578399551732113,1,IMPERSONATION,78.93334378123626
0.9262461283861083,0.8534208428313607,0.05802992079066353,0.5,19.759493203900945,0.03472529924737304,1.0,0.9609447468678598,1.0,0.026900736763366125,0.0410610454483467,1.0537363066346865,0.8985662601559348,2.639395351170981,1.0,2,0.9416491700377961,0.982196844161884,0,GENUINE,3.7633276497226555
0.5349875660162015,0.2,0.5165118568421421,22.85333957602272,224.55634546071028,0.3779708231145811,0.0,0.65,0.0,0.14036967187654265,0.22559530447018578,2.9528149469194114,0.6158822304476045,84.44882771686515,0.0,4,0.4822283554459628,0.6510578242622896,2,FORGED_DOCUMENT,93.30022695441778
0.40133818590235404,0.15721604375794965,0.7552972173111182,6.193857374104844,20.32126609384905,0.05776983168066956,1.0,0.8777781472282795,1.0,0.04281901216666794,0.03130232377522532,1.1243986089974805,0.8778650414964372,0.057991377658039855,1.0,2,0.9356777575931581,1.0,1,IMPERSONATION,93.15516735882139
0.8818285848352377,0.787192289568712,0.11735249220839594,3.14025276843436,16.608401996502465,0.04536100855179507,1.0,0.9224905925112206,1.0,0.02210815077959191,0.014891242053785801,0.9504850641923128,0.9436572726633894,1.4456328429406489,0.0,4,0.9516184089054576,0.9465299748502972,0,GENUINE,7.035618927184696
0.8290566708056758,0.7083080007424453,0.3118712308230719,20.389316124666973,146.64151023783586,0.14773546510633917,0.0,0.41216357370558904,1.0,0.11509214210930514,0.40979867285496707,1.186363932019626,0.6842318948693218,62.19240935667108,0.0,2,0.6931015907405705,0.14417296496334464,3,SYNTHETIC_DEEPFAKE,92.997032414723
0.99,0.7331980518785263,0.20293642649419394,3.5926379151242425,23.13152092902005,0.048826143033984915,1.0,0.9380053140867001,1.0,0.02603247500571394,0.05596316931981052,1.0838660168643102,0.9729059162543575,3.0514297603145666,1.0,4,0.945923576791931,0.9147572665335483,0,GENUINE,2.419448090877373
0.92,0.6739731466202113,0.3975886924423867,17.006933255219113,64.39895977908246,0.10319256077020812,0.0,0.4141031849018093,0.0,0.10228888511096823,0.19622603166849856,1.7449372486109291,0.9672318727511805,59.580841828846054,0.0,2,0.5993040605993875,0.08384123914915448,3,SYNTHETIC_DEEPFAKE,85.03475770683967
0.4039759945148887,0.38698960950170314,0.7432928445286353,1.5393373016962224,8.0,0.0685136408351424,1.0,0.9592414384538889,1.0,0.014941892091441205,0.09599986211774425,1.104878854019801,0.9469592923706939,4.2369951736780775,1.0,4,1.0,0.9393036706927448,1,IMPERSONATION,95.34512177165308
0.7753358319853718,0.44877284676967233,0.6317214225842925,27.853199185068835,228.0137272936241,0.21521915667200542,0.0,0.23724376619081866,1.0,0.18141903244856017,0.18210003914837197,2.3016426663635885,0.65793149862735,99.0,0.0,1,0.5283261827123786,0.7580897858090421,2,FORGED_DOCUMENT,95.43785801400023
0.7065039399348447,0.6152983568730834,0.33121656367470126,15.214342155591693,93.6277934649986,0.12243159232273454,0.0,0.2,0.0,0.13774470531077365,0.31750503150792314,1.9760214043215412,0.7637171358300759,65.46544682379077,1.0,0,0.5391119371513708,0.16503306371764745,3,SYNTHETIC_DEEPFAKE,95.13583011515689
0.7778858661988999,0.8107063402490455,0.1335255349891007,5.809831607496878,16.85118617148387,0.01,1.0,0.9940941152510111,1.0,0.010874922256059648,0.05335140211601981,1.1362259597505666,0.8930204389631434,3.842365834040238,1.0,0,0.8957766116394416,0.9846778466364234,0,GENUINE,3.275427278638719
0.92,0.7171691210981048,0.4780183610296103,18.14407566330273,143.7998054473123,0.16092170717585638,0.0,0.3812263668426436,1.0,0.16077864298073635,0.37192152266635736,1.5579388177552984,0.98,58.4389930774627,1.0,3,0.6027316067574929,0.2485466918068688,3,SYNTHETIC_DEEPFAKE,83.96056061120235
0.30875705642087914,0.35632840440838015,0.7829058296434598,4.425203480934305,27.699854115470437,0.09094141575831993,1.0,0.943291147739284,1.0,0.0329756126961461,0.07314974780700262,1.0931087143380183,0.8787156768601131,8.667147320333134,1.0,1,0.8301864246615197,0.8662990536814553,1,IMPERSONATION,76.57351621710598
0.6805287108095044,0.4819894418759038,0.4142203066935883,19.615496102596733,64.15768564139029,0.2428589824144598,0.0,0.661076150516451,0.0,0.08967166368803689,0.28547120133548576,1.9751941689422212,0.6782584677583485,87.99335967009368,0.0,4,0.5019901647744248,0.20571421305680154,3,SYNTHETIC_DEEPFAKE,93.42500748768775
0.30655879442034967,0.46781445605912514,0.6587566185601813,4.167710781466775,18.74614894787856,0.055090624835549135,1.0,0.9602574543257487,1.0,0.01,0.07434095186137613,1.087446564535128,0.8625878487371946,2.393442854263859,1.0,3,0.8360585497407195,0.848235437288447,1,IMPERSONATION,88.0918032600647
0.7743254452818014,0.8681393558559037,0.125766637063328,3.056053163223658,14.986268989005634,0.011517551766841244,1.0,0.9463079045147967,1.0,0.036923297206772177,0.01,0.9730870340675912,0.8997994284682601,2.2382732400744625,1.0,2,0.980061216974976,0.96924024815817,0,GENUINE,1.63253593652008
0.7735298641524359,0.7625731230764717,0.5568344247493924,15.55407703232096,199.84482506492418,0.20276019737020928,0.0,0.6718664100304574,1.0,0.08944686427174663,0.36954511837045456,2.216684079417052,0.9418596432824797,62.87207074838328,0.0,3,0.4242415409863394,0.19310513571024385,3,SYNTHETIC_DEEPFAKE,89.1464826197935
0.840621436526184,0.7945114002469745,0.1873050493434662,1.84995683690371,19.053077057818925,0.03366883295474976,1.0,0.9803147913619736,1.0,0.01634637009227269,0.03694084017484378,1.1413381399904994,0.9231589613778258,4.465577053254957,1.0,4,0.91708511641849,0.8833355883540033,0,GENUINE,5.925592000950681
0.5849429466504137,0.4608676857797033,0.5223044105158657,14.182673748109684,215.0309878004605,0.2944889831111544,0.0,0.33378152187124455,0.0,0.24867974075001792,0.3020063069193425,2.8585968179884795,0.30945896832299075,79.07651323728508,0.0,3,0.5508144443065226,0.46534466512086087,2,FORGED_DOCUMENT,90.46931737648735
0.38902891382420335,0.4902014332387684,0.7160452661176494,0.8,30.740948730054612,0.0618236304995995,1.0,0.9411931509098478,1.0,0.0408076809554733,0.15745108450578255,0.9980664473300842,0.838367760780844,1.7979309565808652,1.0,0,0.845803446916293,0.8188860864761136,1,IMPERSONATION,76.94374557807393
0.8332501852291523,0.9575004903562174,0.19653618553505844,4.974513057808808,17.00043237871465,0.01,1.0,0.914161271713777,1.0,0.013622987056073683,0.056902967474572484,1.1213659829859493,0.8849386465701625,0.5415854715157331,1.0,3,0.9129011529808909,0.9279765173199717,0,GENUINE,5.474223078061641
0.7111672601487584,0.71654854101817,0.3586583805912615,8.0,142.4199416917283,0.25844607060720426,1.0,0.4674108099417455,1.0,0.11792031549365851,0.19095304335721736,2.5378334152744246,0.9124495869183689,49.00498831796534,0.0,4,0.6847043960926852,0.15228445001472618,3,SYNTHETIC_DEEPFAKE,87.17180681518823
0.8899665486362731,0.8992923985736795,0.20605574399745588,3.844773409594594,15.501948050312116,0.052945349728809765,1.0,0.9042381788671898,1.0,0.01759772133727551,0.06832102646236622,0.9784490483610309,0.9523704439287402,4.208363131111622,1.0,1,0.9444013236019002,0.9765881098133243,0,GENUINE,2.817697906581745
0.9668552154707457,0.8574322478822551,0.13378819945758996,4.763508762896792,5.0,0.018896430557936834,0.0,0.9489831302900851,1.0,0.0016382553556750223,0.03465964946196,1.1677681877937678,0.8,1.8749460996484992,1.0,4,0.9790326687737883,0.9867381777576965,0,GENUINE,1.085706558884039
0.48,0.4756734916961111,0.3005348123901287,11.665307350034155,92.55837425867887,0.12747593058813367,0.0,0.7613017198035448,0.0,0.07971102725208479,0.18574843628864832,1.1,0.7402989789689818,44.004303071559136,0.0,4,0.7261109592704745,0.16354143696645568,3,SYNTHETIC_DEEPFAKE,87.47595843454135
0.6748979711419327,0.2,0.4794401558023386,15.978127301490714,252.21946173625946,0.3440477490431567,1.0,0.2878492257626187,1.0,0.1915082480880389,0.35811750614558513,1.923020605155798,0.662199031992256,76.77426317347022,0.0,0,0.5656114831220571,0.8302681102536936,2,FORGED_DOCUMENT,86.70229589328943
0.5326240035840221,0.479864772387894,0.4666455246671517,19.938475613052635,185.379101181266,0.3319837594294539,0.0,0.27879709923688323,0.0,0.25519757766897144,0.4094364214653222,2.805716779788885,0.6968995817545756,92.74791570906201,1.0,1,0.43882079201509067,0.8143634595161737,2,FORGED_DOCUMENT,82.18591888911892
0.7629043614357881,0.6361537110005402,0.4887592400874296,27.950612889646294,88.71396669653294,0.18418739636863998,0.0,0.6922871187145043,0.0,0.05083702572384599,0.3013374626096224,2.807733116497447,0.7167771718471846,48.647351161076735,0.0,2,0.42680391705228227,0.21042891785112697,3,SYNTHETIC_DEEPFAKE,90.66959154080442
0.32353299579233896,0.538462638974546,0.6796412208987663,37.33744111811875,199.90502419369443,0.320544207564198,0.0,0.1625844161836294,0.0,0.1687170333246478,0.2970314479004338,3.2814203778019873,0.9,80.25572151266182,0.0,4,0.3554645432378179,0.9267441139103607,2,FORGED_DOCUMENT,87.88936259821806
0.299535558393643,0.34585395068229324,0.5949538443516735,2.9927612773724457,27.484594165927003,0.05988526527743787,1.0,0.9962366474441325,1.0,0.051771364279882846,0.07642502314503781,1.0146746965723237,0.9280081497342438,4.585347570715097,1.0,2,0.9503654072319654,0.8174999050660878,1,IMPERSONATION,91.62805583296719
0.7297444296578376,0.3465635656173349,0.4590769625939936,23.33996987942753,203.3338115593389,0.331154243375404,0.0,0.47499767760470146,0.0,0.23710974570549614,0.3427634483791813,2.6787574624816752,0.456386942626663,67.98562470453369,0.0,4,0.5874552268409798,0.8041409624021417,2,FORGED_DOCUMENT,92.129144747439
0.6208210101362619,0.6065338684497447,0.4292829650421986,26.98979637656664,162.19831207053926,0.26488150043899006,0.0,0.37249700144508663,0.0,0.17953249988631295,0.38620102084723146,2.717897607513577,0.39377461859417334,59.49047510108381,0.0,2,0.43563399782888484,0.6908488206542146,2,FORGED_DOCUMENT,88.31826986521739
0.8215190997863607,0.9050959222619717,0.2079297789503702,2.815181217977947,24.28025677546593,0.048255618538729964,1.0,0.9339707673006187,1.0,0.021458618524283095,0.03220971140748954,0.9384189715034562,0.9161449145292948,3.011727962224966,1.0,2,0.862544951600616,0.9161056988754942,0,GENUINE,7.611083618300796
0.6248507077069033,0.6181704651343315,0.557027098976757,33.207469153792815,215.2372859279787,0.26816827167161794,0.0,0.3985272049465835,0.0,0.20620944560619164,0.2331012149431802,1.822206972852624,0.5890124453257994,82.88172480043737,0.0,0,0.6295595773289933,0.5582988103640136,2,FORGED_DOCUMENT,79.00918452374552
0.7964824971428961,0.9692871454641383,0.14424451530383803,3.384896805143395,23.834922948726835,0.01756497794288224,1.0,0.9841909627397313,1.0,0.013994889818148361,0.034662719239908955,1.026807226924862,0.9714384495711741,3.2525275677531824,1.0,2,1.0,0.9757716610504501,0,GENUINE,5.841735649161073
0.7859914945324958,0.7668296133267932,0.1535916453853332,3.948684656036018,17.092254215726875,0.01,1.0,0.9854546798291337,1.0,0.013551823784711528,0.06964988678281153,1.1496083449079435,0.896652886212309,3.8206752911584703,1.0,2,0.886858212875344,0.9644410058057101,0,GENUINE,6.620256659441357
0.36187031144242326,0.5422317367238051,0.7003551186065187,3.8475332517669916,21.278488000603872,0.09061476599824747,1.0,0.898693611589084,1.0,0.025510865939968555,0.04133235537277233,1.1587963971284947,0.7,4.458525467656113,1.0,1,0.9878378520355328,0.8944436701985782,1,IMPERSONATION,83.89401123853908
0.5679445266938951,0.6066991844848822,0.363887988308313,25.246323128673875,164.27329383529747,0.21188387361198358,0.0,0.5473297337179134,0.0,0.14518849458426997,0.4045146731966805,1.9809169845691956,0.4767521969804652,76.4413761538415,1.0,0,0.5363169350903874,0.6180418743573621,2,FORGED_DOCUMENT,92.9536068796155
0.8573022835443272,0.8207554141797754,0.19711190757486807,3.3581296697106904,15.741615611754638,0.02115868196875267,1.0,0.973620414051503,1.0,0.01290621292442139,0.08752346826455423,0.85,0.9446586001600861,4.437105322324012,1.0,3,0.82,0.9382413220934327,0,GENUINE,4.021001870354833
0.9862423390440279,0.7297303756736775,0.08985984026773333,4.594644000735425,11.866246989713359,0.010868240534812727,1.0,1.0,1.0,0.019406325487685956,0.07618273283926555,0.85,0.9407737575753125,1.1644344126098831,1.0,1,0.9651044485036979,0.9122116716291037,0,GENUINE,5.228894793134106
0.28819144618404763,0.5867270830372391,0.2925104627904908,24.599738134262076,154.7728854405163,0.3263047287827645,0.0,0.05,0.0,0.21631907460580782,0.3399438216323067,3.0276550963687705,0.6361849547401154,78.25161431679871,0.0,0,0.35141052713787624,0.647503773231386,2,FORGED_DOCUMENT,94.87713665878428
0.3175912938985666,0.2891369592826294,0.6251943645359488,3.318938827952663,13.653290387651188,0.0835263391032707,1.0,0.8304858522384125,1.0,0.014985736762387366,0.0469470214873864,0.9162021967677801,0.9053876804602728,5.653019022246712,0.0,0,0.8908613018596868,0.8025004120402189,1,IMPERSONATION,73.94494364091804
0.6372330897868801,0.38,0.33963117254894715,13.197666374596032,102.18556906587813,0.22341791163963695,0.0,0.3308994132598002,1.0,0.08702770249246791,0.24520054819220283,2.0150938993122955,0.7814918625912541,79.60191405406368,0.0,1,0.46724049830348846,0.23065236225372923,3,SYNTHETIC_DEEPFAKE,98.41794285309933
0.8506191549808748,0.8577436281967233,0.2950957383233806,17.022818947391723,145.14823454071416,0.15878709844631478,1.0,0.5062398511947883,0.0,0.056059740147364034,0.3352321590740279,1.2870197041325508,0.6584965708355581,66.47262670308498,0.0,4,0.5629580489922893,0.24061461259108952,3,SYNTHETIC_DEEPFAKE,95.63627567348597
0.4163929983250403,0.5342633910963681,0.6253258132918762,7.025001164503507,9.063911322014818,0.03569905444111325,1.0,0.9734897674229641,1.0,0.044681104100065386,0.0796152368601859,0.9121311281879533,0.7902561581121857,2.0486325974835546,1.0,3,0.8452995182907967,0.8607264403584413,1,IMPERSONATION,80.869581133227
0.2543885849767053,0.320764708255507,0.8268296361618439,3.931336273719292,21.236734545866817,0.07529627948720279,1.0,0.9942332985730631,1.0,0.01,0.06814512424987001,1.1651390046913443,0.8508607614358977,7.019625846347354,0.0,1,0.9169721031457486,0.941374061418314,1,IMPERSONATION,91.226860526643
0.7664474848551158,0.6558556854056755,0.46143399072074553,14.038837706141253,71.0118207122936,0.2115631646392302,0.0,0.44359522352020747,0.0,0.15274066021824112,0.15885463626153695,1.8573545052919285,0.7030810471877692,42.47402155078048,0.0,1,0.47944489707005783,0.16485154782154585,3,SYNTHETIC_DEEPFAKE,83.86922103767209
0.8957170209604788,0.7621424575520355,0.13244018990981174,7.0,11.10038704221874,0.053214467889274975,1.0,1.0,1.0,0.00832220448732065,0.024169487964635975,1.0490852800176707,0.8745674852129282,1.427427725550062,1.0,1,0.9485381207711924,0.9831483774087967,0,GENUINE,8.102374497747668
0.6798645787640806,0.6266875034436842,0.22872986515466454,10.613326113267707,124.03348796246831,0.2503740805162294,0.0,0.6295847071672056,1.0,0.15254094983714744,0.23481868344322346,1.6373171938535152,0.8117784657921934,75.14253316960438,0.0,3,0.6006807156907028,0.2579800773070108,3,SYNTHETIC_DEEPFAKE,92.90110973541829
0.34923034346991033,0.43279337152631064,0.5893524511225721,4.452345811775542,8.0,0.07447601129463555,1.0,0.9377254476200457,0.0,0.03371433378737929,0.0641981259132173,1.1263570252536053,0.9939163076432933,6.3275392965825175,1.0,2,0.78,0.7614240164534919,1,IMPERSONATION,78.07860495523003
0.4862785962332033,0.7136941225219747,0.5241158409007132,24.405081614477044,187.66876247792212,0.22557449622497702,0.0,0.41251085352142747,1.0,0.1341302926151396,0.3770585253912881,1.45,0.39507058916974175,69.99424300990141,0.0,1,0.6492696478527868,0.6207204172711986,2,FORGED_DOCUMENT,90.1558390091024
0.8926874652320341,0.9280826678166648,0.11672730334845516,6.2125779615098935,12.555829274335403,0.05980389512979692,1.0,0.9727426854339708,1.0,0.043070209169536106,0.04642449832434189,1.0876647939299282,0.9922243744473251,1.5930068987571766,1.0,0,0.9730290545178871,0.9673908025822756,0,GENUINE,5.388576706316559
0.9123081862457267,0.6941582951805391,0.4724428290777757,10.256995221674877,93.89339093143329,0.08,1.0,0.6314902447102422,0.0,0.1375892401244677,0.23501013705957766,2.6728098193899785,0.9747781887284743,68.18201649320311,0.0,1,0.6503568946043865,0.2878928761737778,3,SYNTHETIC_DEEPFAKE,82.26099826195588
0.5995151126247468,0.5731745942032546,0.4704736864966283,12.785487125355584,209.03283303426284,0.27339277396667905,0.0,0.64808182073739,0.0,0.19024141821781487,0.3338468805986149,2.0698331592148858,0.5917374729636911,84.31928721554048,0.0,3,0.6019027822791573,0.5146152467985794,2,FORGED_DOCUMENT,91.04268807589584
0.2704650808688068,0.35732348366898214,0.8274458804236704,5.09528424529404,23.98658915886551,0.03740267372749448,1.0,0.9340838181445845,1.0,0.061313792340521846,0.02,1.1716615074556462,0.9101555357393031,2.794392882728279,0.0,1,0.8942729104863978,0.8916475366733522,1,IMPERSONATION,77.37067204594229
0.8573409483199266,0.8488520856620948,0.12971875043939668,3.7191305171381672,21.74521533488808,0.05769502109526628,1.0,0.9611659668614568,1.0,0.021543158316335864,0.061387188923448764,1.2434478901349308,0.8811759095970179,5.636927353636878,1.0,4,0.9035718470774107,0.9536745898259397,0,GENUINE,0.0
0.8475921553823669,0.621112140590711,0.4096972932491168,17.334864678141415,82.52826879214527,0.20890545659294224,0.0,0.7180337113839469,0.0,0.10329333805783192,0.25220553989927474,1.8826835664043424,0.7486868994521203,72.83041980310972,1.0,0,0.5047908116243017,0.155328500479693,3,SYNTHETIC_DEEPFAKE,99.0
0.31994127121126825,0.308881895819889,0.7111895924383084,3.886711425671061,35.31451697139449,0.022141479233174187,1.0,0.9201724622507573,1.0,0.03728030882927924,0.05427013641227885,1.1041590909619352,0.7811489741210118,7.317919482530822,0.0,0,0.9387518321965624,0.9465954993408737,1,IMPERSONATION,78.68169190712153
0.8781136497775134,0.7906099956066429,0.17865639066206002,1.6569602096790663,16.342221965285226,0.046022146783834844,1.0,0.92502985229134,1.0,0.02018041648634099,0.04809071505821854,0.85,0.915970012535162,1.250415914498862,1.0,0,0.9001463327130478,0.9893247053190619,0,GENUINE,1.335853572086613
0.3830998212318629,0.15,0.6661002317667106,3.2742312809839023,18.35962703466064,0.05691376061621764,1.0,0.9883102183756218,1.0,0.01,0.12089743727712637,0.8332512996762639,0.8342441887532098,5.179154749623662,1.0,2,0.9064942874047388,0.8774873638728289,1,IMPERSONATION,91.1916515813075
0.840126652067171,0.7614586414340182,0.5063383389391081,27.323964160089467,123.37680433891163,0.26659942436522327,1.0,0.8,0.0,0.1327451683536784,0.3674583650400393,2.525272380765106,0.796122222657821,59.35814127402108,1.0,1,0.42159381854734,0.11516007872540353,3,SYNTHETIC_DEEPFAKE,87.68896861612374
0.2645535906197309,0.557874941697385,0.610661768077591,5.9150422953087425,23.478869232482918,0.0675658456270286,1.0,0.801781485118916,1.0,0.034938121268332234,0.03499208689049107,0.9166959884285487,0.9249178103860907,4.625708960914261,1.0,3,0.9017355363767244,0.8750845558039121,1,IMPERSONATION,93.21120443759388
0.92,0.6977073564046141,0.35909433454083894,21.594178907034518,93.29469925162199,0.26841785281792846,0.0,0.3317989203287286,1.0,0.09279777802017687,0.18106144902051155,1.6052596865253752,0.7214436133551353,54.494762635399304,0.0,2,0.8007884093254193,0.2811997755142335,3,SYNTHETIC_DEEPFAKE,87.4279597466402
0.39425435717204893,0.3010385289267897,0.7540294977118378,3.581502034951416,14.319780118521667,0.028395943800139073,1.0,0.9372576836957336,1.0,0.02134718660140827,0.02,0.9840973803781806,0.7798373297407728,6.237138686510336,0.0,3,0.8860909685523344,0.9737185016766662,1,IMPERSONATION,79.28576317020264
0.724349463687793,0.46390476177237655,0.45978411682794557,19.350796227559968,107.42744970489065,0.374116176088385,0.0,0.27398340105191826,0.0,0.20061182181113804,0.2914841102799594,2.1747032702792026,0.5574709743932371,72.74979554031549,0.0,1,0.5548819326520119,0.6046919848314758,2,FORGED_DOCUMENT,95.14989424439491
0.32264441173976016,0.3355118362276998,0.7027114274312739,4.98225667410405,20.261698052184844,0.025156541700419054,1.0,0.9638304971038859,1.0,0.016131803637953433,0.045236441019771936,1.1013990922734076,0.7257070064595463,4.281752066294106,0.0,3,0.9217457202330513,0.75,1,IMPERSONATION,78.08662774798964
0.25,0.47021042530369145,0.6388463483933623,25.217405098614698,247.63980641507013,0.34644402322641077,0.0,0.4923977508947147,1.0,0.3099645239644525,0.24181907760671245,2.3231391071225733,0.629274750802718,77.31129747050504,0.0,1,0.3878534159750481,0.5616955882517378,2,FORGED_DOCUMENT,87.14475284244043
0.817971131789155,0.8508733934534827,0.1268338817581697,2.55841085547568,18.76117886454867,0.07216610944110771,1.0,0.9094589791804252,1.0,0.0,0.05018088416397929,1.230373191781631,0.9139460019295479,2.5552182186481,1.0,0,0.9622235473867574,1.0,0,GENUINE,3.709982916320774
0.9471028769266349,0.7542035900092348,0.16642164952907745,5.068614955537319,15.8059782777708,0.053472727314172463,1.0,0.9518889990971648,1.0,0.01972615679596256,0.0696808290580896,1.1929289675723977,0.9442857920676999,4.913070824573342,1.0,0,0.9786770445544826,1.0,0,GENUINE,0.488411198787996
0.273445501968315,0.3249806367924045,0.5910179253037768,2.949293081419038,14.224690562157134,0.07720231481685703,1.0,0.9177862344144372,1.0,0.035308453624959546,0.12475107261013185,1.0409954738268343,0.8925731747952211,4.842272462921565,0.0,4,0.8813478077384833,0.8260311513278469,1,IMPERSONATION,76.70345709833747
0.605032683269607,0.8003781681022736,0.4239121476915097,10.646999456670324,53.493392122413006,0.15249747192399601,0.0,0.22378260672161293,0.0,0.0401521962150414,0.2251179469435028,2.3247706301325004,0.8623996644130105,59.62014856321379,0.0,3,0.5795111861764524,0.21315110459233189,3,SYNTHETIC_DEEPFAKE,76.45960103377583
0.32807365364165036,0.4157172621905795,0.680622750363973,3.6646097193077223,12.897074602769726,0.040975696641830435,1.0,0.9026571274363309,1.0,0.022555629807064152,0.05244140976586005,1.0286168221875946,0.9334982200721024,5.082971854570456,1.0,4,1.0,0.9069338414106795,1,IMPERSONATION,88.32629802706577
0.92,0.7496306986741421,0.29286780737420426,18.440803786737447,135.3783799045888,0.1419283436965401,1.0,0.27709618587202745,0.0,0.09445292121647064,0.17693594119637543,1.246758348508707,0.8161388350190462,56.58059385595641,0.0,4,0.38358748531441367,0.23038205858620955,3,SYNTHETIC_DEEPFAKE,91.23425554637566
0.24704081998711946,0.2767041541927832,0.6729882758301814,5.615552451599762,34.05222909049813,0.03822245742018664,1.0,0.9172279117334621,1.0,0.021521046758504206,0.12334194093311479,0.9717455318976836,0.8103261384103991,2.0104876864312224,1.0,1,0.9501920822742893,0.8339210489256479,1,IMPERSONATION,76.06721463117675
0.585042094173735,0.47939156702595787,0.4339273430201358,22.852789816728787,178.7523241323741,0.25705134923091966,0.0,0.4882908255956204,0.0,0.1656540469747919,0.3840834756433201,1.7840943867724242,0.8085119343704502,62.39515760482448,0.0,4,0.7708798409283124,0.24414310646377468,3,SYNTHETIC_DEEPFAKE,86.22316252099773
0.33967863185020974,0.2853815538974212,0.7390384561741359,3.70002795792711,16.881988945489944,0.09905897962184695,1.0,0.8196651206690013,1.0,0.013051036302011345,0.14559722625425447,1.046663839423148,1.0,1.7233147324284852,1.0,2,0.9111620396492388,0.9407911390829294,1,IMPERSONATION,70.76380634909619
0.4598723587548359,0.23431719093452033,0.45374559380977464,13.408029514534904,152.93381768174086,0.3062520312563568,0.0,0.49830764230886976,0.0,0.22874165440806826,0.2949632257384988,1.7465409202636193,0.7378409360991911,93.78828301609713,0.0,1,0.5671108333978082,0.928965392644965,2,FORGED_DOCUMENT,95.54444518184644
0.7843430413348984,0.5139382360834615,0.5044001104422051,16.386624612937048,153.30106575693884,0.11898505819491871,0.0,0.3311980263365585,0.0,0.07015821936849635,0.3331256501061355,1.4751550038708532,0.7779361999596817,53.336257377418036,0.0,1,0.706078051582917,0.12408759695712877,3,SYNTHETIC_DEEPFAKE,89.44644741992113
0.6938126815888005,0.6646698822827432,0.28,33.24940582893357,158.34542654102614,0.16588799795467735,0.0,0.49829173929307646,0.0,0.1328730163485931,0.29512805292866273,1.912929409804141,0.6424850785281037,89.65890960058721,0.0,3,0.27236693714153803,0.7024755111587192,2,FORGED_DOCUMENT,100.0
0.37311215529144504,0.30943364598041695,0.5174174806500812,19.075024230617952,245.5742098599473,0.23592959654360035,0.0,0.20603495051437637,0.0,0.3701867124037189,0.15,2.564271233445547,0.692841887022428,78.8895203987887,0.0,0,0.4365599353211395,0.7394772766415303,2,FORGED_DOCUMENT,92.93527332315081
0.5201829880829705,0.44667376642909096,0.5932527999180219,22.260104099454708,266.822541668427,0.29537537995669566,0.0,0.222915006922145,0.0,0.1069729613577931,0.2884393945707263,2.1817985095757813,0.5212737088794344,99.0,0.0,2,0.5511025211713046,0.8082151193817225,2,FORGED_DOCUMENT,90.70696462108764
0.8821251935069461,0.8259114084406017,0.1458391564883004,5.179508827638351,11.671514234260925,0.03449986537697097,1.0,0.9341162689277908,1.0,0.025592636894286355,0.027548281220995133,1.0017408122218956,0.9564003923917014,3.4951421789816455,1.0,4,0.9620781259198313,0.9637118568770863,0,GENUINE,8.149332693819726
0.5455524204155411,0.5498770919101572,0.4323590518990431,22.863944216295625,176.1043778273625,0.2584256030620383,0.0,0.3067352364013567,0.0,0.2247535622970396,0.5468114849018422,2.1557348110744954,0.6526532456277377,85.62013448021101,0.0,2,0.6110323777644171,0.6960360326661851,2,FORGED_DOCUMENT,91.85352741377254
0.6453758724269182,0.6086221382770624,0.6284285670442722,31.404594352211653,95.0,0.18624632538265082,0.0,0.27797306636152724,0.0,0.242269457254001,0.3296222791492945,2.3747314393085768,0.5861656282428553,72.89807307005798,0.0,4,0.45096796448394044,0.8984227273577293,2,FORGED_DOCUMENT,100.0
0.9495874747173584,0.8236160042210272,0.17712319307501184,5.305228242287255,20.95007098636867,0.039906011911196554,1.0,0.9348675605521871,1.0,0.02610809833754775,0.056141290331404865,1.0068597093977762,0.878844096932596,2.2537308825692426,1.0,0,0.8993671272408641,0.9524671939939188,0,GENUINE,5.272041250826432
0.8549114179594437,0.7598086834169873,0.1550408711127026,1.8444884168284073,21.811181931857003,0.08011148091279907,1.0,0.9815277473937914,1.0,0.03620533445165877,0.08140989270522278,0.919624210843663,0.9455148194791162,2.262847764894702,1.0,1,0.9722637299165474,0.8758085678336277,0,GENUINE,1.7260423560631502
0.9408951389473095,0.8504535638954501,0.21764205873466363,3.553822125202558,15.677546644811473,0.04054108081377903,1.0,0.9630558211913955,1.0,0.0077312446548621055,0.04130709820419611,1.0876310059997578,0.9131322913046929,4.013597944070993,1.0,2,0.932582821293877,0.9230550743586639,0,GENUINE,3.6165817780911635
0.34981816639784186,0.510719432085734,0.5599276589308645,18.602865862826587,201.07750611935325,0.33426845679245065,0.0,0.32274075396708307,0.0,0.18852493450150815,0.39567851687296063,1.5170010163137158,0.7810056978521764,99.0,0.0,1,0.3581516043139713,0.752038889133427,2,FORGED_DOCUMENT,97.75978652699229
0.6020042675531423,0.4910824969180701,0.49853057894556874,26.071194761977484,172.6577086876564,0.2540894207295154,0.0,0.5911174347381836,0.0,0.2840305927600341,0.2102237954306287,1.45,0.7721400481954861,96.14097154638247,0.0,3,0.5563971181439417,0.651957863523945,2,FORGED_DOCUMENT,92.98534513259136
0.7755087572751449,0.5929842700207173,0.38253574816210106,10.321269852054678,88.0551170338619,0.20866278787033155,0.0,0.8,0.0,0.16221860392980575,0.25403029970569907,1.881329248439897,0.98,54.2342459703888,0.0,0,0.6739077570175449,0.3914692786193934,3,SYNTHETIC_DEEPFAKE,83.16528461815665
0.7974649964062943,0.5512566301090234,0.49640841874666547,11.816291961998816,89.60877766253114,0.15626204890630713,0.0,0.6390119137013013,0.0,0.07975318164146133,0.1,2.235215534304685,0.7311175086383882,44.90387788556901,0.0,4,0.4943198025516444,0.37834511508515745,3,SYNTHETIC_DEEPFAKE,93.63534522741173
0.45836412264906834,0.5219081519645858,0.4170766398480903,22.787962128198828,211.40905711362512,0.3153190431408282,0.0,0.41370631319391105,0.0,0.30756749827859786,0.29528705790040644,3.1691220526774577,0.9,90.58699120446592,0.0,4,0.272213161203953,0.8063538310234033,2,FORGED_DOCUMENT,97.74393811420083
0.8147008307782568,0.7604440652903008,0.14457035146437777,2.8407818559487925,13.578938725723846,0.014972435071452149,1.0,0.9792143938560247,1.0,0.018094968940021886,0.02809198193981527,1.0498391846566304,0.9172400882856312,3.227318022298198,1.0,1,0.9505719128790173,0.9790079789069274,0,GENUINE,2.2099598369603064
0.9205887201263825,0.8311453526691269,0.11018366773352412,4.001375893610947,27.98878234089997,0.033806803756286224,1.0,0.9891617089721916,1.0,0.019866953646213648,0.06754701013479394,1.0003219051123018,0.9354918796599961,3.4916541665217595,1.0,1,0.8586423753244601,0.89474460501791,0,GENUINE,8.91497583970705
0.6900433670505737,0.48718531659484665,0.4327616759593279,25.04075512451192,118.17277145775769,0.2284829906441922,1.0,0.3335463738250637,0.0,0.07567925641632856,0.2751828410510754,1.960557358446456,0.7476443173467197,61.79625350244773,0.0,1,0.85,0.1275698760405624,3,SYNTHETIC_DEEPFAKE,89.49491475083815
0.3512766232314742,0.58,0.7478177675990615,3.1519545971117875,21.850340037783823,0.06393806613514516,1.0,0.9599214072586972,1.0,0.025466271425976607,0.02,1.1121792854245878,0.8447099840643114,0.49193801970231066,0.0,4,0.8677885610999732,0.8749128422275876,1,IMPERSONATION,89.90872740562816
0.9199162903774056,0.77852559012552,0.13406918788863803,2.052665484225238,22.517735794281705,0.05330044938887947,1.0,0.9751667355964502,1.0,0.02436235704801055,0.03492216942890617,0.9294034858682301,0.8838557399461918,1.9760567976921684,1.0,2,0.9752366067613297,0.9461461347402282,0,GENUINE,4.96674593414859
0.23286842619329062,0.44791714940200567,0.6193927184396115,5.531705903368273,33.18787194455457,0.08343526008862798,1.0,0.9070767026683955,1.0,0.032822289934111855,0.02,1.0599330941218141,0.8111649225546533,4.888652762298598,1.0,3,1.0,0.9916619358057279,1,IMPERSONATION,89.62815312924543
0.48886499753731016,0.5372354501525183,0.28950051975506763,14.697040972559206,69.14636068833472,0.23150402019991304,0.0,0.5248757739968432,0.0,0.13315435032675102,0.22208993453860199,1.4714634499723096,0.8787266219708403,66.32723508183359,0.0,0,0.6306287781078888,0.1638524378102756,3,SYNTHETIC_DEEPFAKE,89.80778246983938
0.7036558166513855,0.5724080446952855,0.573771925007108,13.829544874421632,95.36201989764893,0.29526336161637023,0.0,0.5897296890954438,0.0,0.14621016306085333,0.3008483606127229,1.7042259586980042,0.760990198350332,49.113874395241965,0.0,1,0.6212509748001717,0.17777063321007344,3,SYNTHETIC_DEEPFAKE,92.97173926757416
0.28529969180337633,0.40100161049306166,0.6896430796763812,3.8636385666777207,20.31332225076336,0.12706282304270883,1.0,0.9685586542358781,1.0,0.02830066806223705,0.026714969388934105,0.9585649796865643,1.0,2.455931420316487,1.0,3,1.0,0.8761138145283606,1,IMPERSONATION,82.08562550908535
0.6781741708414641,0.6443265221659313,0.5701210120782352,34.57074834799895,201.99378073039884,0.26247531295803134,1.0,0.5427767975768356,0.0,0.12380265789581048,0.3466665828953301,2.502106161708099,0.678241138238965,99.0,0.0,1,0.3143314779063604,0.6874361066190319,2,FORGED_DOCUMENT,92.22759221663681
0.48575631337319214,0.2,0.587879405267821,19.466395128634257,162.50853460899174,0.28725281064913394,1.0,0.07408788574695085,0.0,0.18434407852937773,0.37834218890306676,2.5458107382974893,0.5609224195815316,79.0761437696443,0.0,4,0.47094091542643957,0.6624833202798966,2,FORGED_DOCUMENT,92.15763915150237
0.48,0.7032079014209508,0.24358342405269834,21.95581135851615,99.3537660692734,0.22356767908547376,0.0,0.5506189512062948,0.0,0.17796967573018488,0.2894903890453766,1.6864892939921095,0.8333911416311088,78.45737173639105,1.0,1,0.5459570642315187,0.193051332056842,3,SYNTHETIC_DEEPFAKE,85.6483125568344
0.328399811248198,0.16759282239418558,0.6575579169701186,6.669548370971415,32.54885468810479,0.07384254974359386,1.0,0.9232679326898113,1.0,0.015141853344375431,0.11093923333542102,1.2210808790443897,0.9050096244516663,5.2100793654353,0.0,0,0.7952000649910642,0.9433928931636363,1,IMPERSONATION,95.50069999725467
0.8969220531525606,0.9655401074262994,0.11853939252352788,3.7615430070035436,18.701148214331525,0.01,1.0,0.924954665164494,1.0,0.02872153105684055,0.05648072885413067,1.1024102896855705,0.9117925293639113,4.302897504309315,0.0,1,0.9403515377052828,0.9269964885282845,0,GENUINE,6.988779228571818
0.8441778075744397,0.899346307471519,0.21435460518952376,3.7456702310387793,12.233620628786579,0.06108072621701777,0.0,0.9810169102468013,1.0,0.033065395843025494,0.05580418236842614,0.9679403084203108,0.945844424269779,2.9894938351623725,1.0,4,0.9170050523261586,0.9079363442687524,0,GENUINE,1.3189435515975232
0.821206145519033,0.4355330182769872,0.5512365603280015,15.559630515806289,68.4036079585988,0.08,0.0,0.41686518812364376,0.0,0.08701849990431679,0.14160817223296618,2.342446066269505,0.6092174596428563,63.78096710455969,1.0,1,0.5821464503646561,0.22122056032618523,3,SYNTHETIC_DEEPFAKE,85.6340921151143
0.7562862085631544,0.7803911251247417,0.3686878441763643,22.129446828721655,79.19585190485398,0.24889493995583528,0.0,0.4824747851971071,1.0,0.2183683055545747,0.27384978938814564,1.5529620076187338,0.7901416608246504,30.0,0.0,2,0.3,0.295442907143991,3,SYNTHETIC_DEEPFAKE,89.25255468020374
0.698055395630231,0.22547163416816834,0.42975027604545857,12.0,192.43412407110532,0.40999048624384077,0.0,0.6068347239716607,0.0,0.25431674587847336,0.4588815366206189,3.0600096818737565,0.541079624346329,52.53119526869047,0.0,0,0.4747010286250478,0.506548432091221,2,FORGED_DOCUMENT,94.92688354690118
0.21903360400866767,0.4566696813215464,0.7190414064517109,1.9383053331162143,34.0498658831751,0.07019714788997161,1.0,0.8851786998288361,1.0,0.06894656973808566,0.10900640533613609,0.8084935316207973,0.9115012993843233,6.96497001539125,1.0,0,1.0,0.916719818254056,1,IMPERSONATION,78.48289500505395
0.6374588626724077,0.4426926754836397,0.3933893314324475,24.551905148128867,126.99157853958407,0.36,1.0,0.6413835480950124,0.0,0.0842943116667959,0.1,1.9711789762354113,0.798553453602122,55.48126082872741,0.0,1,0.5280862238930418,0.27846792249959673,3,SYNTHETIC_DEEPFAKE,88.96859281178287
0.600119589724174,0.6548363119398298,0.30967860785863127,8.0,81.78527385119577,0.15833586574792896,1.0,0.33509678251311237,0.0,0.14392131004172282,0.1413344210905348,2.1636875684330157,0.6395869220666859,30.0,0.0,1,0.7732167619228518,0.24980874003051695,3,SYNTHETIC_DEEPFAKE,74.0
0.19449244059210713,0.3755959071726791,0.8179711288024265,3.7352326479538904,28.281012683680437,0.08531854201556793,1.0,0.9029788267443697,1.0,0.01,0.04337470814566161,0.9570427465698916,0.9069010360948716,4.080075606107804,1.0,4,0.9336394343305005,0.9097642077115519,1,IMPERSONATION,69.57614763098019
0.9210338658605625,0.9120131626177845,0.18655542655062818,3.2269940631002867,8.676315563578427,0.029577292084138965,1.0,0.9527230145390656,1.0,0.022319131825624474,0.038978208556815545,1.0190910833216573,0.9446281088929377,1.8120085492365003,1.0,0,0.9454638958235501,0.9510154111188909,0,GENUINE,2.4085662789397375
0.3889135494017466,0.16683855484844753,0.645705489390881,8.0,29.094047303702297,0.08677391007683087,1.0,0.9251123817173382,1.0,0.01,0.13601196274759075,0.8625303586586947,0.7872892542181141,3.4359439329915524,0.0,1,0.8610778252514465,0.843673991575011,1,IMPERSONATION,82.18129724020382
0.9582002119722034,0.8577224954178182,0.15379455192603875,4.547195832734176,20.233818533059925,0.0380106578999303,1.0,0.965496391451065,1.0,0.014408424428771278,0.055845532831378206,1.0955161135095972,0.9334865353581406,2.3690059533945957,1.0,0,0.8737447789143589,0.9295073075816361,0,GENUINE,6.616360626301531
0.7879568413320245,0.6248622542299538,0.4616314567131785,10.822508108571302,123.87213055924265,0.21125536189649693,0.0,0.45276739408477285,0.0,0.18040737806325252,0.24679421498742984,2.255072274668977,0.871742278261943,42.07004323665109,0.0,3,0.5883174374033691,0.19735827155688573,3,SYNTHETIC_DEEPFAKE,87.94566241826212
0.872640600561214,0.45614996668776053,0.3090041076259539,22.048381684392616,86.60502935695783,0.18658515019538943,0.0,0.37579956797300496,0.0,0.03,0.32406536486693627,2.568024671826623,0.7480327806802594,61.2501950101948,0.0,2,0.547749454887267,0.18116371028914457,3,SYNTHETIC_DEEPFAKE,78.5992122550901
0.757052566812784,0.9069918638332646,0.11422415903708394,2.922148916456411,17.009851841527254,0.011508327205378161,1.0,0.9732835657596556,1.0,0.028870310221329062,0.08029564092388308,0.9836288950912453,0.9438675319868237,2.939482312502469,1.0,4,0.9551045802531575,0.9316129252604282,0,GENUINE,0.38566024199079507
0.9226065544218373,0.8564735210085768,0.1815037469300504,5.915524966763874,19.885722337670796,0.023821262172192777,1.0,0.9617462615533799,1.0,0.00857029702169377,0.06744894315320907,1.1266198544097739,0.8720495951786611,4.573006906257914,1.0,1,0.9521779647948341,0.9602882996392043,0,GENUINE,4.259829536164593
0.859023100597867,0.7660098194474281,0.135387239227808,3.9837223915211903,24.60894348589251,0.04028488328027424,1.0,0.9127094487330168,1.0,0.023535478631986767,0.044881388766604934,1.1570409693983867,0.9914728901022004,4.69668146840095,1.0,4,0.9175364825850688,0.9304524947939596,0,GENUINE,7.572815870421016
0.8222680630407001,0.8727737507182494,0.15319265825141112,2.4339423337331025,25.75969555135227,0.06204578749858304,1.0,0.9781236151795422,1.0,0.014523418946286159,0.05989450360907993,1.0244407212786357,0.9336928640199563,0.5685517053316997,1.0,0,0.9128382726976564,0.8886997490427871,0,GENUINE,4.26740289046588
0.6160729062654472,0.35126525293225924,0.386305210521559,18.42456249323598,187.90312674027246,0.2861749208652631,0.0,0.1254837996191759,0.0,0.1947905697012595,0.3637819636764076,2.7396689709848134,0.5900609096883367,99.0,0.0,1,0.4243139248484015,0.6541513208926655,2,FORGED_DOCUMENT,93.25303917707859
0.2907055443665669,0.31340065182844257,0.5702370780916367,28.193591290409127,113.70104923203016,0.3301151800363151,0.0,0.37714900676375074,0.0,0.18442355226951587,0.361402527660493,2.709550728345779,0.6566098565739705,77.30213421572599,1.0,4,0.3289012269431075,0.8682948819558859,2,FORGED_DOCUMENT,91.51725968855243
0.6558406279834204,0.6800686986889846,0.30572565093234183,8.0,66.33790211675966,0.16309057414801412,0.0,0.6637274993929677,0.0,0.03,0.34160689181440757,1.8894718785982225,0.7668640563118624,80.11876975982233,0.0,1,0.7746495412995583,0.2039256431030625,3,SYNTHETIC_DEEPFAKE,76.9144950130021
0.9079350409924619,0.9440011949064588,0.1698315002299677,2.223366250427147,13.689277083745992,0.01,0.0,0.9395714677257974,1.0,0.010982184132991794,0.049425828195755445,1.004626242767278,0.9943863517829133,2.627921976948608,1.0,1,0.9454287436219199,0.9565964057370623,0,GENUINE,2.46410507316655
0.3387133710497001,0.4756818499091773,0.8010958776571828,6.721394748398549,25.92757350096217,0.03400358743076787,0.0,0.9096450639482934,1.0,0.015196915539928966,0.08698002276841642,0.9325038542838404,0.7858079607461925,0.11112833708328873,0.0,4,0.9388202016901249,0.9491356418333678,1,IMPERSONATION,76.6470231431986
0.3964267483983517,0.42948599792220477,0.5179139068548814,22.85493633550043,100.5489350897956,0.4177354089708114,0.0,0.311633561555997,0.0,0.06,0.2739475515279459,2.2370854995311076,0.5695534931824033,76.07118773000467,0.0,2,0.6536561758133813,0.6023684407978317,2,FORGED_DOCUMENT,89.97755383166785
0.38225797732022504,0.31008892345834405,0.28,30.792631649930893,180.26710384541005,0.2803377695806873,0.0,0.05,0.0,0.06,0.32397799265134314,2.4134214000836844,0.5502047241693104,96.80671911290676,1.0,1,0.608121273593751,0.95,2,FORGED_DOCUMENT,84.93536262161876
0.6154223781812835,0.25741499318408867,0.44724152977146914,17.06380093754268,266.5560331629272,0.15795360598528949,0.0,0.6025108034802537,0.0,0.2490758904525927,0.3766544740399632,1.7535775346141225,0.6162135412004774,97.75795747676266,0.0,0,0.4308115772646595,0.6725231002006554,2,FORGED_DOCUMENT,80.73441013982956
0.52,0.32676172264393916,0.7429291194804788,1.7885380342152049,19.763098240762584,0.05618401848052671,0.0,0.9274864092746694,1.0,0.026594309363483976,0.09891260279711331,0.8,0.8932912490462664,1.2005170892642143,0.0,3,0.8583820094685032,0.8688166524088337,1,IMPERSONATION,85.41448365949819
0.8997987676574114,0.7794530270883798,0.09414629287691269,3.9195269078257287,8.541466487131624,0.01,1.0,0.975984999023904,1.0,0.013319293479022295,0.0701107045194912,0.905446178200108,0.8518313687639422,3.5614546355627312,1.0,4,0.9403615274604923,0.9310120892145176,0,GENUINE,6.7827962884996005
0.813055412301808,0.7428424998899285,0.318586436324329,19.538504941335905,122.0298162731713,0.2555197013984709,0.0,0.2,0.0,0.13455857798080004,0.3051397282725373,2.2187395149356983,0.8686932877671528,42.690718087092655,0.0,0,0.7997862020005868,0.1502127771759763,3,SYNTHETIC_DEEPFAKE,84.664519022116
0.48,0.5887611844760832,0.2928197448485061,15.94236794514216,108.30082241262808,0.21068447726602266,0.0,0.3908493017542537,0.0,0.1364133522728575,0.3082105781365722,1.1364124168429415,0.863309988432977,64.28836653995025,0.0,4,0.6856311024736208,0.3146114961531389,3,SYNTHETIC_DEEPFAKE,99.0
0.8487481800909487,0.7393474427883391,0.14694490431243168,3.137530397867118,28.607478476101395,0.07687797384003901,1.0,0.9396407081611768,1.0,0.0168176247225738,0.05434833151373427,0.9873376510914432,0.9340266170277629,4.02414028247045,1.0,3,0.9583006596050698,0.9844105188560478,0,GENUINE,1.9053689202601571
0.38430947853171554,0.41399598819147165,0.6920547694656812,3.2824603174473026,18.024990981267774,0.06221660808373662,1.0,0.8464506938790967,1.0,0.038697726807271696,0.060329335493751884,1.4,0.848059468324323,5.31374106922057,1.0,1,0.8534054342413734,0.835218132633066,1,IMPERSONATION,86.20435907687717
0.4285928677823788,0.31183999336918894,0.6006816803909532,8.0,26.320193575913947,0.07702540383868839,1.0,0.9557136663100522,1.0,0.04632443745114384,0.037657268869739094,1.2275885305866678,0.8610591553569967,4.843484964383745,1.0,1,0.8070928027183183,0.9384264563627952,1,IMPERSONATION,89.2716603195488
0.963547356488984,0.8970605385628281,0.0749761725418499,2.025467451384457,28.533595424585165,0.02525240193004083,1.0,0.9349744545380213,1.0,0.01772280385164247,0.0643098619353897,0.8800921571815524,0.8439856603879695,3.1764439521647154,1.0,0,0.9802692028490826,0.9106529684949368,0,GENUINE,1.0691986003329466
0.6278024059971585,0.752511336082834,0.3451351812725221,16.903599854926124,109.77518657399085,0.23052416631449413,1.0,0.5929993395571415,0.0,0.11446277707927074,0.15121604705144465,1.4782910733088508,0.8383552681551898,66.78990337648287,0.0,0,0.46475510495908634,0.1957247571383184,3,SYNTHETIC_DEEPFAKE,84.78121721570561
0.9809835361841639,0.9163892553954796,0.1262498380691478,3.893091571733995,6.714354201111526,0.06128380621097702,1.0,0.9511214496602483,1.0,0.0287091204844941,0.08227605430072307,1.0220425518918088,0.8708974329003554,0.3688754654813473,1.0,0,0.9965845847256443,0.8742895128963979,0,GENUINE,4.9787271469944745
0.6376619900938022,0.47314074696121466,0.5050886275054852,28.96133989488456,167.72055853557595,0.28826163110341085,1.0,0.5055545459052659,0.0,0.1256120487625692,0.3443878309826777,2.93474158438365,0.6900407078844686,96.43656979093245,0.0,1,0.4656189500070606,0.4831779241325932,2,FORGED_DOCUMENT,88.96610331194988
0.5027066318991794,0.6196859840743947,0.698788729834007,26.434228300652258,135.2172369018392,0.18360337889461026,1.0,0.5521652729930238,0.0,0.27131073270774825,0.2787082115272857,3.7806700860622757,0.5213801459929873,71.53697884509664,0.0,3,0.5620925989121689,0.7388416598737145,2,FORGED_DOCUMENT,97.55740409480147
0.3876009071702433,0.1720713783644112,0.7536977659026596,5.384739105626529,33.32006451428689,0.041283723844252954,1.0,0.9465381293681204,1.0,0.01,0.0690780366993937,0.8,0.886028415988453,5.815693702919149,1.0,2,0.9687342731477094,0.9590845658425413,1,IMPERSONATION,76.28027649230275
0.8696748983736142,0.68488504753666,0.260662184815038,22.00216896948621,131.78394696790238,0.22655436472959195,0.0,0.4143426774354029,0.0,0.09712122099314265,0.26302497072689834,2.1807483939426167,0.8424983834757664,33.20111825009492,0.0,0,0.7245017367010843,0.1335866579107891,3,SYNTHETIC_DEEPFAKE,95.0284074412757
0.8606584869492855,0.7,0.21757514517280604,4.894118387410403,8.099696827670515,0.01,1.0,0.901523061505042,1.0,0.026451691253728184,0.06489982839228164,0.9276666055631212,0.9449630015691399,2.7383156814867284,1.0,0,0.9253092117258312,0.9366488451664444,0,GENUINE,1.669316607907462
0.7273580290020624,0.35130867404510163,0.461616247492895,31.526433200370064,173.81049423956264,0.23951917686371443,0.0,0.1806048959865953,0.0,0.17196478248558147,0.38502265198182406,1.9856178152056336,0.6277254079959981,72.27782124930164,0.0,4,0.2645768366433894,0.5934984309075572,2,FORGED_DOCUMENT,90.31596219260071
0.3239412483076798,0.5464565189294384,0.7498773426774588,3.0138499301174253,28.987164291338267,0.022694529830277234,0.0,0.8768988176701614,1.0,0.032369190974784405,0.03472454485869607,1.2396988275612215,1.0,2.9109558183747257,0.0,1,0.8708987848785279,0.9993885986375852,1,IMPERSONATION,95.69791633968295
0.4019849963455528,0.557427598765236,0.7456313254379678,4.075242342098071,33.018680236226736,0.02,1.0,0.8346659299095877,1.0,0.042110273022483304,0.08257630089727769,1.1656418541905809,0.8148477743205448,4.6409721721593815,1.0,4,0.9696648716924551,0.917086891045167,1,IMPERSONATION,84.28042206450667
0.35826729263330825,0.3095337087137427,0.5349338209908274,4.234582782719745,12.856048233787225,0.09347486999486646,1.0,0.9586322186222548,1.0,0.019036828757772944,0.07791231465687716,1.0737492817391443,0.853149558041215,5.161359755069899,1.0,3,0.8428501778086339,1.0,1,IMPERSONATION,85.7057719751842
0.31968638442043074,0.4260825888278497,0.78,24.160212222488376,182.44012327058476,0.37433165729885404,0.0,0.5248118055445493,0.0,0.30290533804730885,0.2621224280791079,2.2451630308294312,0.6243228070292539,88.22082852169984,0.0,1,0.3086801987438883,0.7115219090439249,2,FORGED_DOCUMENT,90.08137772159775
0.92,0.6531408186357008,0.46239108479156316,8.0,135.70857492340645,0.23591854698745587,1.0,0.557433510502804,0.0,0.03,0.1822250161912465,1.3905028563743875,0.9079143763979625,42.74598149870492,1.0,4,0.6775820671843632,0.19683013782820744,3,SYNTHETIC_DEEPFAKE,94.49770711312293
0.9434273335731349,0.8740532802697922,0.0618479922318633,4.188900763273754,16.1895063175021,0.026461559993880827,0.0,0.978350288665226,1.0,0.03030999522495951,0.06862560238232397,0.9360782476777362,0.9045393812074393,2.996895147105346,1.0,4,0.9790218050848943,0.9825010328957678,0,GENUINE,7.590600071427057
0.5467279124195297,0.4906584684262332,0.5197655201359065,15.763227956930889,166.60598790475325,0.2976780294629739,0.0,0.2898057895887155,0.0,0.22524043325841916,0.18469940057004633,1.4861685699278298,0.7425599805097464,58.34422569580707,0.0,3,0.6237290323952605,0.7692603201225205,2,FORGED_DOCUMENT,83.56823349046714
0.3858936103449262,0.49080347932205887,0.6821046693192657,2.9033599419964204,34.7161842888309,0.037487696167360314,1.0,0.7902780620043537,1.0,0.04977217586998349,0.06475449213306325,1.1705569860816294,0.9921200277241726,1.0822822707585562,1.0,2,0.8760437721464557,0.8981714129510466,1,IMPERSONATION,74.89324889270895
0.9891339119320195,0.9324029474229037,0.15683733236996153,1.0349456768672396,16.333944660484583,0.09,1.0,0.9530801500008087,1.0,0.031032175720536584,0.07883884803905201,1.0418963915855974,0.8779089184065925,0.0,1.0,0,0.9673665283443581,0.9508007187319691,0,GENUINE,9.200480458805437
0.9164853797200577,0.8993486917932905,0.16804616887955676,2.039638537784569,23.855776829036973,0.03789485731997641,1.0,0.9313396066584688,1.0,0.016559194586886813,0.06501571771178842,0.9872374816721997,0.8769200972875836,2.112722802195491,1.0,0,0.9584382246168117,0.961844811082583,0,GENUINE,4.852638180449723
0.8945729207890165,0.7042530907767709,0.17765745781896045,3.1421596421998728,30.04067476894972,0.02450770059962836,1.0,0.9733057121538724,1.0,0.0029787129346161186,0.01,1.022845758118316,0.8161094090071902,2.0195532931950373,1.0,1,0.9455319246719964,0.9298311614431136,0,GENUINE,3.7429317234917656
0.5008685122210796,0.1631898108880098,0.6749677848150626,2.3246198971194842,22.110384621867464,0.03651425992253726,1.0,0.9047049668380046,1.0,0.05147788340366992,0.06509060850271123,1.2945933308592816,0.9635165446407296,7.568138037913666,1.0,2,0.9346814207234457,0.8105679814382195,1,IMPERSONATION,92.75291065557224
0.6947316068119701,0.7242944250595069,0.6652930626321756,24.12542366860386,236.5099770774052,0.3239233449078186,0.0,0.4249915671893464,0.0,0.10285408046567542,0.477661659536354,2.902438453485507,0.7994926604007231,73.20528840849792,0.0,0,0.44338052400684214,0.8157192810563492,2,FORGED_DOCUMENT,93.27344475976818
0.9227799058103433,0.8331772221289305,0.13125895962252013,4.653151961844189,21.16557986891624,0.0327806766836184,1.0,0.9947798941009274,1.0,0.02593101257968384,0.0438090712137202,1.052613302224212,0.8574443211807349,3.8860405288103514,1.0,3,0.9326039145422804,0.9902040864919862,0,GENUINE,2.9314067852300445
0.2283075322168358,0.29038457814385626,0.639019181916922,3.6692115557698446,39.32417161765245,0.09163861885461955,1.0,0.8499147828735292,1.0,0.050273341717336745,0.035725188338637734,1.2801759200006757,0.8362246568894007,0.9972876355214262,1.0,1,0.8180877687888456,0.7968266289348338,1,IMPERSONATION,82.31077277265916
0.8481007705199504,0.8450498466953942,0.22973203206081572,3.7967357658690646,23.347739294956646,0.02765087394566542,1.0,0.9599256050663052,1.0,0.031161880644338485,0.04059393714792076,0.8575218640602738,0.9295746425836587,1.1597102725700177,1.0,1,0.8451336255656443,1.0,0,GENUINE,4.938199851552171
0.9435688318104003,0.8858726561333271,0.14629364467849781,3.509420929011283,17.02214146779916,0.05395553802022425,1.0,0.9738098961953944,1.0,0.0065045115182563035,0.02043705824396676,0.9068586388736392,0.9064689710236032,3.838884275671528,1.0,4,0.9210328337368141,1.0,0,GENUINE,0.00772881507686396
0.7904958666593019,0.640815687287792,0.2715024255850336,24.378157484018317,89.9365192393076,0.24565549127045283,0.0,0.34008376480745195,1.0,0.2003716275472649,0.17074827643373466,2.4905825487514752,0.7579806799521638,76.23598468502509,0.0,0,0.7272057101233799,0.2832933739404559,3,SYNTHETIC_DEEPFAKE,85.97668754554648
0.6023205225734614,0.49146457948819144,0.35111744824418645,13.595218559630643,54.58148353014869,0.27229797889170404,0.0,0.44098189425726586,0.0,0.08477945363132927,0.2092227426732547,1.236146763564578,0.8248358641258712,63.00027036057665,1.0,3,0.6681778590722408,0.2739155512280248,3,SYNTHETIC_DEEPFAKE,93.19241962001344
0.26520545367842085,0.3124218741401483,0.6941882684181642,2.4343462370368285,30.027905336194607,0.027547936386365872,1.0,1.0,1.0,0.027203917648068055,0.08484992668765873,1.119347720622359,0.8152511014199466,5.097501222469542,1.0,4,0.9973396241885732,0.8729905775089767,1,IMPERSONATION,70.41400759348804
0.5669756650138172,0.5487000459370822,0.4029927129495505,26.385370001689907,174.89830304914574,0.35904394516906735,0.0,0.1547616681343494,0.0,0.18704728521692537,0.33933191134813734,2.244843591684272,0.7368216152791834,58.535449389561194,0.0,2,0.5759015360606151,0.6595812582784819,2,FORGED_DOCUMENT,85.24507909538087
0.82,0.3564293044693474,0.6081420094862109,26.387300439407124,166.38790954210137,0.2872193583193358,0.0,0.4247125128551583,0.0,0.06,0.2290871826646221,2.4334307088127263,0.7198234720030378,79.85052434485274,0.0,1,0.4617370197374834,0.8794938545708604,2,FORGED_DOCUMENT,89.46774099994406
0.5081868453188423,0.3317743642917046,0.36287272654800673,18.325656153188778,200.638647231202,0.3215906345414358,0.0,0.43444745022821585,0.0,0.1081756718375325,0.35613193708260754,2.713492380523599,0.44417404294603424,92.05241450074887,0.0,3,0.72,0.610257525023107,2,FORGED_DOCUMENT,90.71661610621105
0.8571554931831047,0.86,0.43937785532283097,16.98660676228277,150.52812845790788,0.27014380056310267,0.0,0.45611993826454156,0.0,0.15073942244075209,0.1562423491759894,1.8963102243979877,0.6952685750374219,62.581712823652595,0.0,4,0.6284931927590424,0.1414431532888421,3,SYNTHETIC_DEEPFAKE,91.57806400476245
0.8432875840052906,0.4939343205611583,0.26251783240693866,17.361014593532293,77.55608593721709,0.2697393031048926,0.0,0.5782407812062167,0.0,0.10557329454077619,0.19457369908649957,1.9981162221549582,0.7715584096105995,80.69401974299552,0.0,0,0.6885108614185043,0.08529755041579354,3,SYNTHETIC_DEEPFAKE,81.96625088982685
0.37262561820282847,0.46456338409430037,0.5145021649357009,5.310734400615799,12.053854330885688,0.05538106858090651,1.0,0.9954492594553673,1.0,0.01,0.04722838857694323,0.9955798436193002,0.8682847537028245,3.9334022896131358,1.0,0,0.9866352970584454,0.9048359634906991,1,IMPERSONATION,68.0
0.7233731100282824,0.6066397535970146,0.3778068941753741,26.006423003589465,134.06093525290026,0.13398548489797665,1.0,0.5244966246243365,0.0,0.157956831117128,0.1745752962284517,1.1956216930639716,0.7883746909223757,60.68550624815432,0.0,3,0.5998569336916227,0.3046110107665587,3,SYNTHETIC_DEEPFAKE,89.56742315596128
0.39774449558196945,0.5669060139675521,0.6171599990895353,4.714434401182959,16.82379359761075,0.060603717089871216,1.0,0.8311771767604605,1.0,0.01,0.10459323870710757,0.9785776421922425,0.7259570892234762,0.0,1.0,1,0.9978076807932006,1.0,1,IMPERSONATION,81.44950730539695
0.7429055929770609,0.7002824419127669,0.5214834597180594,14.713631598602115,96.12092549857064,0.2755946696291381,1.0,0.27053970804515187,1.0,0.07778445500362617,0.28227062223347293,1.5719574548419315,0.7915887360210602,47.07724916877088,0.0,2,0.6399659373238223,0.21920300127674264,3,SYNTHETIC_DEEPFAKE,80.87682613548381
0.7152688222103287,0.5827157352541732,0.4816329672912998,20.17313841143601,110.51373415704677,0.17753902803522575,0.0,0.7945231983467304,0.0,0.1415558981241133,0.1480856327197752,1.8179201201977189,0.9128982058884739,31.09920114810109,0.0,2,0.539705482010695,0.3114367789534624,3,SYNTHETIC_DEEPFAKE,87.86622927247763
0.8522685570491304,0.73810527159412,0.07023377292822108,3.5587182242903808,19.118249394628332,0.059112585460974795,1.0,0.9672130894561083,1.0,0.03338115411771703,0.07023020982864704,1.021273790663095,0.8554756983610027,0.23732151703366444,1.0,3,0.9505011204929329,0.8818253316681494,0,GENUINE,0.0
0.8624746473813395,0.8313302993081121,0.16664997406164328,3.563598221868389,20.297098787065096,0.030995671711231958,1.0,0.9644975596044562,1.0,0.021201202827186585,0.046187081281026617,0.8677674084606894,0.9652248320691311,1.139775930102356,1.0,1,0.936619107639315,0.8749202641819565,0,GENUINE,8.04936389353611
0.3810217923920293,0.45350345798797514,0.7836834828482357,4.293077023234492,29.13216974724664,0.052525822612813154,1.0,0.9131862461125729,1.0,0.02888295634694378,0.02234391250498307,1.0137961812727723,0.9049190701645651,3.0837358078314896,1.0,3,0.9377859482754379,0.9306788053086781,1,IMPERSONATION,86.03656083419067
0.839420010913345,0.7166544955807479,0.1628766576564492,3.0961652082888365,17.38468738356262,0.025402608270748153,1.0,1.0,1.0,0.004419272641464866,0.10666991223788547,0.9809363469248649,0.9291723288109068,1.6378053735932743,1.0,2,0.9153346576057818,0.9566602816173911,0,GENUINE,2.0019882638717057
0.7584978671342855,0.45666490812328475,0.36776836880154745,13.910800839997467,152.78811076599004,0.13929344380709474,0.0,0.35704489565407305,0.0,0.20429084931884922,0.17139254184576516,1.56201357787358,0.8276611954838318,30.0,0.0,2,0.6061936883513126,0.11178829481173096,3,SYNTHETIC_DEEPFAKE,95.91021072799694
0.6966527150497459,0.2299718162553393,0.45174817774397,23.160861194513988,143.28689154529448,0.2356149238722236,0.0,0.5454602760693735,0.0,0.25288486566434654,0.26416666217582524,1.7774377660133096,0.4988598728041207,69.27375086107779,0.0,3,0.4068582039687102,0.6846351979179703,2,FORGED_DOCUMENT,88.18710798675109
0.46792622328224315,0.7399758287118486,0.5558948067203611,28.66380914455245,176.2095288051668,0.22235230310404563,0.0,0.30196268020025896,1.0,0.21719481798933515,0.15,3.509106771730731,0.7306737685179879,73.16512372833482,0.0,0,0.5495398485120774,0.6830107001007888,2,FORGED_DOCUMENT,90.98261395149032
0.604750647494462,0.7200360973116064,0.40059425878650623,16.336563861222107,93.3810120452568,0.24304902951294077,0.0,0.425817278031703,1.0,0.08623473928374553,0.2294167037480607,2.171552880590914,0.6307960708123534,45.76259798097523,0.0,4,0.48525871510204743,0.3034197306273074,3,SYNTHETIC_DEEPFAKE,88.26668751265304
0.2849358891691462,0.414182877490049,0.8168886716228692,4.3523780372595615,16.311705836358794,0.044852554731173166,1.0,1.0,1.0,0.060489187478533525,0.02,1.0331223181297704,0.8417387971473987,5.254897044151336,1.0,2,1.0,0.9631773072052727,1,IMPERSONATION,75.14586353412226
0.35123418118371835,0.3759737071035558,0.5782960247752073,5.497607234212444,15.444106090794648,0.03897226103494419,1.0,0.9459547593250909,1.0,0.025910006824603274,0.13652243374016168,0.9412454029142077,0.842815297583519,4.462343115158454,1.0,1,0.8507249299815389,0.9027132504043037,1,IMPERSONATION,78.04066654657743
0.2677333018499195,0.3796171066569478,0.666946967762442,4.017466971469096,25.264768468559556,0.03290120667662672,1.0,0.9474305318694219,1.0,0.04263270419641337,0.14225664142287067,1.2199343032790713,0.7,6.657890185435951,1.0,2,0.8393026591642938,0.868902561493661,1,IMPERSONATION,73.64386381550996
0.6252880854913867,0.7727461299882785,0.4836151719764753,13.78740976197155,126.3023669571424,0.13793487611875427,0.0,0.46517885711836965,0.0,0.1148543235118374,0.18624581403267576,1.7631879865642628,0.7563443946846091,48.76406305932697,0.0,0,0.6557971078653732,0.2850560173509734,3,SYNTHETIC_DEEPFAKE,90.64613690092915
0.5937051820632551,0.3829885388578929,0.5266489215194844,17.56580103945457,175.80607172062597,0.35429611775463665,1.0,0.48656893073324814,0.0,0.262093732799904,0.31085235298026304,2.2703021400547763,0.7306936371757019,94.83631147393969,0.0,4,0.49001280121101726,0.9226004159018374,2,FORGED_DOCUMENT,93.56884167200886
0.9050826309922356,0.6809653295477033,0.4857057429509769,17.15854456566643,109.778122318838,0.15134281441407438,0.0,0.5616217660003338,0.0,0.13356396799016146,0.31256977446342016,1.2101948997897305,0.6198975605218902,63.97456346634631,0.0,1,0.4989370051199384,0.18092748534822875,3,SYNTHETIC_DEEPFAKE,77.08250716325375
0.899194596739993,0.7706493218578918,0.25654147262409177,22.346245299554433,100.13394018528489,0.1432905060928991,0.0,0.6926844308394442,0.0,0.07735559780566245,0.10146739808218763,1.6878246875335434,0.866814474896652,47.16571223143131,0.0,2,0.4137859464080169,0.2359085716626099,3,SYNTHETIC_DEEPFAKE,99.0
0.3578796026538543,0.4380307401868849,0.76547761941883,5.792434720799819,16.487440526010893,0.06284906211167243,1.0,0.7938686269309077,1.0,0.01,0.07680154339570203,1.1005403857653977,0.8893215040939033,3.4076962755156806,1.0,2,0.9177383264687139,0.75,1,IMPERSONATION,88.97155822466252
0.837716293863347,0.7423690642485576,0.14275477104592843,3.2648675433666074,19.178842742318135,0.03273766677688867,1.0,0.8997762941776497,1.0,0.016116530616988416,0.043887617778633745,1.083366102477406,0.8850900162694475,5.0180120100588494,0.0,0,0.8635343779739296,0.8477472853011466,0,GENUINE,4.553601282308387
0.2529013222255741,0.37380350853684186,0.6698309363499223,23.511651861483376,163.4884694315713,0.2938375846364662,0.0,0.412492394266195,0.0,0.13518386531723903,0.2794076493246135,2.2145894093602143,0.5865241638540696,92.90825158457478,0.0,1,0.48457174872548403,0.8604724587358762,2,FORGED_DOCUMENT,86.58467612121117
0.6318446129095651,0.6750105832426649,0.39830238523577094,16.05844365893391,120.30747774063407,0.24436555742659366,0.0,0.2436327714133612,1.0,0.18197397218732264,0.15209281587648776,2.0191584927213273,0.9144016526704463,57.04539563914646,1.0,4,0.7162800522471412,0.19081204074265515,3,SYNTHETIC_DEEPFAKE,88.48353140346015
0.5378133513884105,0.2698500551337987,0.43905213285503586,16.17834486676247,125.61538698904484,0.15667500373440194,0.0,0.2610708062841477,0.0,0.22898904390651087,0.34677132333135174,2.322560146901516,0.9,75.13162299484668,1.0,1,0.57578524893643,0.724398446285317,2,FORGED_DOCUMENT,91.82549775746612
0.6987846600453448,0.3637757761426638,0.464761787584999,17.74417402656075,206.54776481036853,0.2945717074025333,1.0,0.23192185805762933,0.0,0.1823385474262481,0.3636227015214815,1.8709220412782077,0.500158438464005,89.91434520938178,0.0,0,0.35026825824753727,0.939114201685203,2,FORGED_DOCUMENT,94.1611068424275
0.8686661987329315,0.8887151293508335,0.1483156736545642,2.6595821802779183,13.276564302429463,0.02031455249414993,1.0,0.9653968245346043,1.0,0.033920022863445996,0.08029035125179163,1.0973083189177526,0.8898338217389145,0.11978242660736615,1.0,2,0.9183871126745005,0.9705416283265405,0,GENUINE,6.572349974593985
0.8621322306265624,0.8943257717080565,0.13061850836683767,1.4780430593114349,17.603831026102153,0.01,1.0,0.9706131189267416,1.0,0.03314074981524604,0.03102502609464,1.1261256258512118,0.8983305216656924,5.129792203098378,1.0,0,0.9253938954720714,0.9875503057000993,0,GENUINE,7.742737064006288
0.13043445646697907,0.4467475773053414,0.7324465663994107,6.575475834138576,25.319431272549675,0.07965674242279082,1.0,0.9151072186478386,1.0,0.033629444337172826,0.05915073768644999,1.046966064815772,0.9401490882586802,2.5174731874483385,1.0,0,0.9633439795702692,0.9130783430932666,1,IMPERSONATION,72.94748102395911
0.9783315991824372,0.8657664746963922,0.15832147679015807,4.769066757926515,24.04491429851321,0.05625712928476198,1.0,0.9378114369171194,1.0,0.013507527216662905,0.03255792469192882,0.9528976088849305,0.936797437142708,3.241613930874743,0.0,1,0.82,0.9392694775220194,0,GENUINE,2.9052193604859147
0.8025526680309645,0.8054198289149974,0.17098301224060328,2.8472759910741994,5.0,0.03355973645584327,1.0,0.9527702041843441,1.0,0.020535227978990454,0.05485874708851415,1.125553697364942,0.9205172007917881,5.704781117935153,1.0,1,0.8894516682408399,0.9513885499501025,0,GENUINE,0.0
0.6675418210135059,0.6028512058752612,0.38655574441721,8.28802798557956,96.95342604063286,0.18336285528707108,1.0,0.8,1.0,0.07398541746679321,0.30311036648993694,1.7992821609265663,0.6550850912306214,51.87294085201775,0.0,4,0.7212770106278812,0.13991792773906792,3,SYNTHETIC_DEEPFAKE,83.38785068928782
0.7153003663362899,0.5500464923821701,0.6149969037656856,22.91191952578115,210.39556773382276,0.266952879486337,0.0,0.22052237960802534,0.0,0.2592624951846422,0.2307018299433177,2.2204622462236796,0.48136426736539095,81.01332443413985,1.0,2,0.599672738773748,0.5609356068864283,2,FORGED_DOCUMENT,90.02329501770704
0.40163161673026887,0.4368430529688853,0.8302015250897705,3.0159053711696737,29.800273655630008,0.04731382993997686,1.0,0.8698537113605114,0.0,0.03661328570204285,0.07431967307945092,1.1117343090418434,0.9274602851422248,3.6227142827546484,1.0,1,0.9443482847067842,0.945567597514561,1,IMPERSONATION,81.73312288505204
0.5689123652970944,0.7058974097779525,0.5212577391811895,22.45189876914538,197.80523830964935,0.22267673954474182,0.0,0.24705662615408802,0.0,0.24340781879719284,0.36650124672553824,2.323257993836229,0.9,83.41869491492129,0.0,2,0.37596101111524427,0.5668839792904334,2,FORGED_DOCUMENT,94.30849965618631
0.52,0.21392212006681205,0.6591081872477911,3.0429041768349085,25.073407050701313,0.02,1.0,0.8752061988638054,1.0,0.038364301565323944,0.1086523940226406,1.1293059597937638,0.9561613236263447,3.2550943729245088,1.0,1,0.9480197212775445,0.8878190819271691,1,IMPERSONATION,84.89094825709283
0.9021746561612491,0.8752801339242808,0.1210459845760285,3.033987367828397,10.631763649474085,0.05546199883077743,1.0,0.9864664734740042,1.0,0.019367108788610365,0.09541730562071093,1.0745121747588933,0.8728292242495811,2.9556704642357583,1.0,2,0.8849323383744767,0.9288889254301624,0,GENUINE,6.12859747978956
0.7558191410577337,0.6193486816421762,0.45124119814500585,17.465793049082336,196.90871849745392,0.2966748358273672,0.0,0.4919517093708886,1.0,0.11665735712242416,0.18106942382402333,1.33027526540187,0.6176265134596041,56.26950518444142,0.0,2,0.5643847016075134,0.1885906848132612,3,SYNTHETIC_DEEPFAKE,85.97092805259001
0.882924349241726,0.7,0.14113532884050461,3.797118139701738,5.0,0.040483323041003806,1.0,0.9470905246606365,1.0,0.009943540136080507,0.08209015160330803,0.9142397799215072,0.886635763227186,1.4791256708999827,1.0,0,0.9634956679922404,1.0,0,GENUINE,5.318484842672439
0.82,0.3831665379140844,0.3784579052031386,25.399701340682036,284.3756718952942,0.14,0.0,0.36572457039463135,0.0,0.1778143928823291,0.25537702260449535,2.1201529847377407,0.5977366029261201,62.68156676936148,1.0,4,0.6185778143416317,0.8258634919425749,2,FORGED_DOCUMENT,90.63449982167916
0.7092025730481682,0.6643386327598267,0.3269591130286571,29.699486456974093,258.56653658712906,0.2967719199328817,0.0,0.4463503873342279,0.0,0.20684430450066738,0.15,2.383338862943789,0.592128168043315,88.49298026498478,0.0,1,0.621221561131793,0.762870195169389,2,FORGED_DOCUMENT,87.12025908612601
0.4948665291360034,0.4661981813594912,0.6039349701943966,1.4054297147662869,20.070780061906778,0.07874226079444514,1.0,0.9775370064470145,1.0,0.01,0.10917687753401345,1.2502029029891344,0.9286989516873497,4.331451019959574,1.0,4,0.9020313634718514,0.9408342864819065,1,IMPERSONATION,80.37360919685123
0.8437419038922416,0.6978724633000939,0.30547395260966115,17.68828515793858,50.0,0.2693805561224824,0.0,0.5979825365432213,0.0,0.1097019718755417,0.23418011212385723,1.3559488236070814,0.9046682792963622,35.02481278289199,0.0,2,0.4217606457371716,0.38608023217428944,3,SYNTHETIC_DEEPFAKE,85.42870370412854
0.4954960867448607,0.3968657697188484,0.6582337258996879,2.5916710272374472,23.275747315501242,0.09013470079109459,1.0,0.9278251464505587,1.0,0.023159359450693192,0.08996625766173816,1.150826215434361,0.8592131907119709,2.7127816029784797,1.0,3,0.8612872198679962,0.9498135213928921,1,IMPERSONATION,83.70093228312487
0.701157745686718,0.4370420896020352,0.5286449723183356,30.08442363382664,238.70607928462437,0.2074293080190116,0.0,0.4140361039908442,1.0,0.18972829566542987,0.33327973273166916,2.1078760890568704,0.6204639052512778,85.91621865633077,1.0,4,0.6678053057456873,0.6340616900780659,2,FORGED_DOCUMENT,89.4682233972811
0.794881233706215,0.5844865744322707,0.2988438470254407,19.830015708569523,82.58026816855585,0.1698358084467292,0.0,0.4613919256171795,0.0,0.042170242234448874,0.18198848556141253,1.491116534812964,0.7549165112080559,30.12424333544612,1.0,0,0.7587319887573611,0.28039786595766353,3,SYNTHETIC_DEEPFAKE,91.10520067457503
0.1,0.37610677823569105,0.6694942419575524,4.307772763808164,35.692463367920794,0.037091074010142736,1.0,0.8489294881892308,1.0,0.04117269766209639,0.08137287987324215,1.0456153495781746,0.7194455736815011,4.671725057234422,1.0,1,0.9523204349775152,0.8774472285166596,1,IMPERSONATION,79.78595056934518
0.8499259535325873,0.8186020014430497,0.16192774768868695,2.2513262936645377,17.640446507814843,0.06193094236460507,1.0,0.8942623844650416,1.0,0.015402353841695238,0.06086781655743619,1.0203147726906328,0.9814995184219342,3.9740247141549117,1.0,0,0.8839971710726796,0.9271199024694746,0,GENUINE,9.176690042974998
0.35281959134842955,0.2,0.773450719270349,25.958823848427627,143.3910191698386,0.3162099223984097,0.0,0.3765067650652232,0.0,0.15970551928824891,0.2408144624509112,2.905276367904555,0.7403499166826699,79.91030131369882,0.0,4,0.72,0.8986852223784965,2,FORGED_DOCUMENT,99.64607571638108
0.9004154394294561,0.8742646409446556,0.1528993192516851,3.960079585161523,30.030958334445124,0.01,1.0,0.9668645373293838,1.0,0.010038536958939503,0.05999371672276313,1.1459856190903124,0.911002164909836,3.4784898037423475,1.0,1,0.9393510752961624,0.9962733512414795,0,GENUINE,5.193492558648086
0.24765648273893864,0.29677855267574416,0.6991377071762881,2.564954176429816,24.151535701994167,0.1106428663084069,1.0,0.882207689163709,1.0,0.01,0.15575817294074112,1.1288167782414702,0.7994853354262583,3.11630843237589,1.0,1,1.0,0.8764418555153622,1,IMPERSONATION,80.4965964669546
0.8084105062306545,0.8213663668793247,0.1276629264513427,5.629089959426247,20.437998783669784,0.012131661182545925,1.0,0.9547114301422273,1.0,0.03200892771949528,0.05345387413051024,1.0524198767552733,0.9572929770912716,0.0,1.0,4,0.8808591203853029,0.9212062316642116,0,GENUINE,3.0484030726005313
0.8803068073985476,0.8335789006637397,0.07923146289747927,3.295225612681569,16.443712900839383,0.02395445461556762,1.0,0.9664481649028426,1.0,0.0,0.05515100781445529,1.0125554084233832,0.8240614392350479,2.4602291868261745,1.0,0,0.9223293590709595,0.9466333965927528,0,GENUINE,7.2925401823411535
0.8604392502509891,0.8773256336076762,0.1423047386512656,3.4155379286758465,7.823606416956675,0.02120064341699867,1.0,0.9742995312240167,1.0,0.023278110735741233,0.06904956313905611,0.938910606379975,0.9383407021642721,1.3892648405017622,1.0,2,0.9745929775396404,0.9837063084104428,0,GENUINE,4.879047298691552
0.4627420226969786,0.5121385378938791,0.7575505611727724,30.29413085113938,200.26486931070806,0.3880396600491199,0.0,0.27024742527737194,0.0,0.15467772727851964,0.46316445771705417,2.600515448321131,0.8310749458224557,77.06349238306505,0.0,0,0.6264963117288309,0.8241920767386236,2,FORGED_DOCUMENT,95.27998645153274
0.3366332750851024,0.4313924062110539,0.7942505651081234,3.675194395015594,16.84357654487208,0.06821375775858601,1.0,0.8878067747517784,1.0,0.024255876404334614,0.02,1.207112356972515,0.8449478795503371,4.6556645772798495,1.0,1,0.9750064782008732,0.8643492912419594,1,IMPERSONATION,88.12044125172733
0.3121721512135948,0.15,0.6130364143071334,1.8332903921105301,37.980000745437394,0.02,1.0,1.0,1.0,0.040285590653369646,0.05924531328187916,1.200954015093124,0.828438822467236,0.6809022391847837,1.0,4,0.9147442160925298,0.9036719387042381,1,IMPERSONATION,83.43232839053488
0.8776550132238455,0.9387864567726112,0.18181592225303256,4.4014039214330545,23.153878956762455,0.03398819450622764,1.0,0.9477075388039337,0.0,0.030176369254536733,0.07915842048237563,1.110210751874311,0.9324144125775428,2.6200434364031673,1.0,2,0.9313685149468711,0.9028895416803456,0,GENUINE,7.874460646968739
0.9061806770836776,0.5433270440330444,0.3757265151843393,16.9639157915425,102.58401792519709,0.20639523300322726,0.0,0.8,0.0,0.24135336977774563,0.3359390045287391,1.5099671308909637,0.98,58.084508221377156,0.0,0,0.7282919105772072,0.17389970333478638,3,SYNTHETIC_DEEPFAKE,83.33748272182126
0.8453349695107494,0.8077082677678902,0.0808268744085817,3.156593400051212,16.915773428033592,0.018774129365770366,1.0,0.9586360507161298,1.0,0.026627258265192667,0.03385720034041328,1.120338276421994,0.926090735288743,4.817885754632115,1.0,3,1.0,0.9401503151220513,0,GENUINE,5.689255625438787
0.5638181010695628,0.5257323978147891,0.272164703508763,21.746042585900184,54.447597565541756,0.22768589581284657,0.0,0.5775840892285202,1.0,0.03,0.2813900703343607,2.301702713872059,0.7172887123210255,52.13689159059986,0.0,4,0.8468927065944779,0.09508541922812942,3,SYNTHETIC_DEEPFAKE,86.17305127554805
0.9011775985323341,0.8931274657813825,0.12356380072501477,2.263650646117693,10.690380045548,0.04101685138272311,1.0,0.9453407974383575,1.0,0.007815103587134145,0.026793499494613886,1.0158373965713077,0.8749942170963043,2.6837582475092785,1.0,4,1.0,0.9572602791050924,0,GENUINE,2.261920515830781
0.4531007573311724,0.5394492729497228,0.5610508295525182,31.455072875200038,217.42013494651496,0.2949717935774427,0.0,0.3614317314681884,0.0,0.06718110906439634,0.5068903264065437,1.9999577267281323,0.9,65.29081283898464,0.0,3,0.3537279629047202,0.8527621834641455,2,FORGED_DOCUMENT,85.78668946846187
0.44899829502377125,0.5279589667477953,0.5275728545790429,15.441523108509873,202.92047531115225,0.42853378703341716,0.0,0.35453972458618055,1.0,0.06840721241922194,0.32272418039977574,1.7824582905647124,0.7495408260329431,85.8481098841518,0.0,2,0.4594907935830308,0.5463199072390532,2,FORGED_DOCUMENT,92.80462248194665
0.8843649213307879,0.86,0.5099819118610431,13.397956417373262,136.8628664022926,0.1499319758107218,0.0,0.48465126761926547,0.0,0.20218616896691954,0.16023490614370733,1.6414644310016129,0.9056648357024726,48.287675976974285,0.0,1,0.33156659344709166,0.17168878535959473,3,SYNTHETIC_DEEPFAKE,92.84846406156443
0.37257282476468007,0.39298370748746164,0.40741841785345095,26.92870558276864,144.68238483850496,0.30168274022889957,0.0,0.6001207973570228,0.0,0.15262651918146353,0.3665982034137957,2.079857029459109,0.5030683286960935,84.12053601874163,0.0,3,0.441707311225935,0.7508146521416974,2,FORGED_DOCUMENT,89.67259392534396
0.3711292049399535,0.3363978133988768,0.5814119432985393,2.9995904228622536,15.937681217424947,0.02,1.0,0.9211378362899515,1.0,0.030789193525107308,0.036032356359886455,1.3496020537736257,0.8966493341980913,3.3142054230878335,0.0,3,0.9851834926146349,0.8936829982991775,1,IMPERSONATION,90.14407140378509
0.691580894659114,0.5844411628698192,0.4162022572111942,25.734731007424514,210.9287749334525,0.2873569153806816,0.0,0.4038963938276938,0.0,0.18819408297103793,0.3653749319664654,2.115096718128719,0.3592816105735917,62.25682865309675,0.0,3,0.7048291672676563,0.5949213279825,2,FORGED_DOCUMENT,90.58580810787699
0.3199192583255243,0.4516400518048906,0.612340930390743,3.9608229630973244,19.736924005524994,0.0731321571614038,0.0,0.9918559135169711,1.0,0.032576171582548163,0.10195422000664882,1.1492768944417426,1.0,1.2381000675834501,1.0,1,0.9754283301434197,0.9731486346593237,1,IMPERSONATION,76.4033028425082
0.3004314848801418,0.283414880548774,0.6202928368164886,6.31588158154223,11.796011063520362,0.07472470212437864,1.0,0.9495415474985595,1.0,0.021535525344663523,0.06370097650488396,1.079132907379659,0.9706135402664035,5.1130397174986,1.0,2,0.8448573219465845,0.8833977230087582,1,IMPERSONATION,68.46016622591966
0.7804454587973004,0.5158061109254393,0.37579212163118747,25.43742394343456,193.39997536603698,0.2899836453996712,0.0,0.05,0.0,0.08421504800792422,0.3349777075478144,2.141537879938544,0.565439212809509,65.97087132905487,0.0,2,0.64551743337356,0.8895771695090218,2,FORGED_DOCUMENT,94.99252452307834
0.329318064563336,0.3942888391355883,0.6606767045582033,6.4015404958013296,21.925192166656867,0.04324752102417606,1.0,0.9566942930179855,1.0,0.047935949652106014,0.14426433254688564,1.1750398563074451,0.9717013196194519,2.981493614803415,1.0,1,0.8068223488800679,0.8770708403641715,1,IMPERSONATION,77.8262816262438
0.5657304758351398,0.3965600874641269,0.580165191488458,21.410495825513458,162.07666248589007,0.22749051738832193,0.0,0.4695528539146249,0.0,0.2014819723270716,0.45748403421798145,2.8075476504106063,0.5810077546894218,76.604741438533,0.0,4,0.6993446540608508,0.7367067581900956,2,FORGED_DOCUMENT,88.62068468431775
0.852781816744499,0.9708358581944943,0.10563352705721143,4.726155412682793,20.637516732236502,0.06523038505071033,1.0,0.9791971020295059,1.0,0.006841142576737614,0.01910125306646483,0.966069498553673,0.9393191326924031,3.7566463323198835,1.0,2,0.928491081042158,0.9552106647547609,0,GENUINE,4.84728186885694
0.9335695218579313,0.8105718971977746,0.2769628895605446,5.476152294524291,16.160537653941333,0.06299246157666165,1.0,0.9757563513807284,1.0,0.020540708742604864,0.05480702312154956,1.1023352516278966,1.0,2.8767924583295112,1.0,0,0.9218481334011137,0.9305314201582899,0,GENUINE,7.536114102160339
0.8637234640091298,0.8052946652529933,0.0650865163796482,3.219406706772713,14.755835010106264,0.04229781415670718,1.0,0.9362011700444586,1.0,0.02432844553850277,0.0474941496872309,0.9597580899339166,0.9573086819039522,2.675159649991897,1.0,2,0.9268463476649383,1.0,0,GENUINE,2.947289698193635
0.3705618347895019,0.40888956038189816,0.48,4.238499682580568,23.42512210025389,0.055202709772467204,1.0,0.988849954794711,0.0,0.01,0.11590125118727529,0.9283996873120167,0.7904650934270905,6.215880311301706,1.0,2,0.8622111628900984,0.796884704985477,1,IMPERSONATION,83.05780607711657
0.7880483594849608,0.9082079930396497,0.1603806344114032,3.6209730082895373,14.543519531293986,0.030472445980612654,1.0,0.9779191812439592,1.0,0.018717884739048892,0.039977200654428606,1.0668563493371523,0.9454094888746065,0.6262374080139284,1.0,3,0.9628592278630793,1.0,0,GENUINE,2.7731342656263096
0.8142326185157159,0.847480321161593,0.12931454161626907,5.085074277607538,15.651358127097751,0.01,1.0,0.9604296977463179,1.0,0.021561878229408776,0.028494708235473305,1.0529839953623343,1.0,0.0,1.0,4,0.9312337592114774,0.9991088350855671,0,GENUINE,1.541494983572623
0.8469569927128855,0.8068544199572362,0.16427779447701985,3.951274793604086,23.167920069848414,0.06603185996007986,1.0,0.9392576338717078,1.0,0.040737786828032835,0.03427391893723343,1.089063056975676,0.8656379830627667,2.271863670779802,1.0,1,1.0,0.9148439427412747,0,GENUINE,5.867319153393421
0.8143822632361963,0.8760491973765212,0.17394360819659177,3.7709876274822443,15.073971682162561,0.034733561947720724,1.0,0.9479013149408063,1.0,0.04402026281835456,0.04954793821110361,1.072488877866395,1.0,1.185521998038728,1.0,0,0.9415064093267175,0.9311556731078919,0,GENUINE,6.887810688043222
0.6792449627872086,0.5904855240087159,0.34932877813477975,36.85165988525782,236.42414142872653,0.25747691118740956,0.0,0.2392250658325405,1.0,0.2577312160932509,0.3646760897280826,2.844024065214474,0.7056281846172652,95.50366418806944,0.0,1,0.582712375044009,0.75060645096334,2,FORGED_DOCUMENT,91.03497973261362
0.8896699701682027,0.7,0.031106223261156543,4.548739930214563,26.302964913984834,0.02432343740152301,1.0,1.0,1.0,0.025394539423561315,0.06789060434777033,1.2089994897320515,0.9541067983372791,2.7818974784067234,1.0,3,0.966892047903466,0.8871990682768185,0,GENUINE,4.989633624868638
0.8890080780403731,0.8945010675310116,0.11465714329699017,3.74875544633206,23.594512702705224,0.07545582352873431,1.0,0.9656340764367326,1.0,0.0040628298464896705,0.06680019653491215,1.218157916481519,0.8864581981633253,3.444549779068875,1.0,1,0.8945143447785511,0.9124237686479792,0,GENUINE,4.253455527761765
0.8536913086776614,0.5868512390759556,0.2878065322681307,18.310155281495337,110.69257476294958,0.2788789909035245,0.0,0.6693347686731604,0.0,0.10235178846288978,0.21760055449537452,1.5695798156957572,0.8829468080165329,82.46378265057047,0.0,4,0.7593880605160002,0.3509463680915288,3,SYNTHETIC_DEEPFAKE,86.33024484905343
0.4443553864649418,0.545401602933766,0.5530112172332505,24.115758352317386,162.4209007473626,0.22895758674781008,0.0,0.38952937295715134,0.0,0.20010875503845546,0.31658767896805073,2.5041893136979634,0.5899332525984162,78.75161611115631,0.0,4,0.72,0.6536109932006074,2,FORGED_DOCUMENT,100.0
0.8625516351913577,0.8214523839752019,0.09216251648319719,1.9545832088853552,11.178095736705348,0.025626361491134404,1.0,0.9434781892773408,1.0,0.028131944068528973,0.05730601986043578,1.1602072147217843,0.8203034581865982,4.32750597337807,1.0,0,0.9432731743419025,0.9460444138723543,0,GENUINE,6.497691207469422
0.736793646487603,0.6867509631939476,0.3901589569337451,17.162918087883437,77.22729829518963,0.16764351057264182,0.0,0.3131632805288319,0.0,0.13775282879602357,0.22617807043839003,1.6926275291257036,0.98,65.9961793325027,0.0,0,0.6875864404430126,0.2885168550265147,3,SYNTHETIC_DEEPFAKE,80.39944601980838
0.5959333991725274,0.5771518258382136,0.4512753459217482,13.702738904569728,166.04106936201828,0.3364740930218336,0.0,0.6465259516489426,0.0,0.14260681441426776,0.34241407669495844,2.254804021155874,0.7805529557514446,81.8603384483976,0.0,4,0.4808706208363201,0.6950526409605021,2,FORGED_DOCUMENT,94.52815616902565
0.7649743082720636,0.6488103728699809,0.593684351674865,36.9370283425296,285.4555714933582,0.2659805309628551,0.0,0.23676882342169958,0.0,0.14922225937570852,0.42215331713915655,2.0423095478697846,0.8507398461368052,68.69835371458421,1.0,3,0.33699370396591877,0.8763508532471194,2,FORGED_DOCUMENT,92.52963178804427
0.9331910447541433,0.7516388054344878,0.17505166717586723,2.5490181509274334,26.16756097542899,0.03477945493506409,1.0,0.9640495416245907,1.0,0.013494151584431433,0.07087091818573107,1.1067765024170888,0.9341516102697609,0.4758046428617151,0.0,1,0.9634201384343432,0.9324933732078917,0,GENUINE,1.2341622619465702
0.6552391546680802,0.5446584346376293,0.36644114912676085,8.0,153.69465262396795,0.1285247984112709,0.0,0.33630423454824043,0.0,0.15221452965512305,0.16271821623257443,2.0005877096813034,0.8817368982148477,53.21028109318322,0.0,3,0.49955656985813707,0.12659944710665066,3,SYNTHETIC_DEEPFAKE,95.3982950567912
0.4272544286010338,0.3126248726087352,0.7630471056917894,7.327474640322977,23.008561597042707,0.05780069420232021,1.0,0.903094344969956,1.0,0.028622775115874716,0.07401160711903983,1.1831015157120248,0.9423586440697627,2.298313462670369,1.0,2,0.8753821405011738,1.0,1,IMPERSONATION,80.19393073222268
0.6576672911351574,0.7278297125097302,0.3387527507525515,10.887647988493756,63.67776012969619,0.08010554805029908,0.0,0.3108508749316662,0.0,0.13513345937828777,0.3382112264123032,1.457020554921073,0.98,92.0,0.0,4,0.85,0.09178608747984618,3,SYNTHETIC_DEEPFAKE,79.07718144538178
0.6030340739923197,0.4914543209707638,0.3254595595235804,32.0041064591671,189.65936350901538,0.3576555211979324,0.0,0.2605888158878702,0.0,0.1985505090466237,0.3668349202359148,3.0024871961350215,0.7579964963626171,67.29943047327878,0.0,3,0.4661064466282626,0.5187409396533008,2,FORGED_DOCUMENT,83.05048498288915
0.4306297126510088,0.6371255540889365,0.5807938791907721,26.159251881616733,174.55136022957512,0.1614166541340744,0.0,0.3384575657191185,0.0,0.22809982142020852,0.175345591657485,1.8014547296950303,0.8586834799652361,72.230945342911,0.0,2,0.3630376417538907,0.95,2,FORGED_DOCUMENT,97.58888348862962
0.47243378622766885,0.5031711667076572,0.6880932731434781,27.600585119188004,148.84110673578084,0.5002583608642566,1.0,0.0653837032467921,0.0,0.27729077432745963,0.4696622289488699,1.9711464649683335,0.8345045583382054,81.31466729994372,0.0,4,0.34408712513744955,0.8986080549061651,2,FORGED_DOCUMENT,83.95548047787298
0.42653664375512906,0.44085119564966074,0.6878038235130592,2.2316174508607896,27.402585144901906,0.10850298224441121,1.0,0.8944943115158874,1.0,0.03933884543863762,0.05875123148001085,1.2148797218985012,1.0,4.160491767035867,1.0,2,0.8905008338189004,0.9308002642394239,1,IMPERSONATION,90.15244715950719
0.8775894873578445,0.5181565021917762,0.4313227451189262,19.597625070838415,141.54725692804817,0.10522494403510767,0.0,0.39373730883121216,0.0,0.12320466014116074,0.23207035846747015,1.9933978807857167,0.8658435154043703,45.592482489627834,0.0,2,0.85,0.2599600637575123,3,SYNTHETIC_DEEPFAKE,91.11701688516055
0.43384672037944927,0.3144359795167715,0.714258987922425,1.4953698573823164,22.79023550040847,0.05228351889465914,1.0,0.8490652158806961,1.0,0.06464369154355129,0.02,1.1172387812642526,0.8834157819566755,2.9382724888500715,1.0,0,0.8782458579686193,0.9055941653979215,1,IMPERSONATION,70.64481139291085
0.38368278117370047,0.15,0.829489271372656,2.4653825343406823,42.0,0.12357721161686852,1.0,0.8405050388346522,0.0,0.046340733725183825,0.03931152568399363,0.9840890946188219,0.8306533919218266,4.39586134675878,1.0,0,0.9294782074257641,0.8831529909749826,1,IMPERSONATION,76.9834740579526
0.4994985252057941,0.4971290438800507,0.651074884242968,24.207448203843036,159.87915246049744,0.32633003097140056,0.0,0.46378299305826687,0.0,0.21326226098258608,0.39113524491674034,2.550024602290263,0.8179162003506734,87.61937824708293,0.0,4,0.7059438899568442,0.5860865459015275,2,FORGED_DOCUMENT,94.58482738615695
0.8831395208165564,0.86,0.3819200202128548,17.677925451782087,91.24920342781006,0.2101447421660752,0.0,0.6085985472829886,0.0,0.03816810118529579,0.3511046875502596,2.212256372886013,0.7903297895701975,56.98676723795869,1.0,1,0.8012150821056443,0.05,3,SYNTHETIC_DEEPFAKE,95.03454951980513
0.92,0.6818853840340849,0.425027007837127,15.366326856678715,112.42532635177753,0.14651596345416956,1.0,0.26002384636406556,0.0,0.10081925152982193,0.23838596708344942,1.763881498872743,0.7120128879551219,70.95276087695557,0.0,2,0.46815055104483533,0.273866671539741,3,SYNTHETIC_DEEPFAKE,83.41724560938431
0.48,0.7349270985094403,0.4457125648053496,10.252849772561465,126.43912051168138,0.21989443393829566,0.0,0.6926479737775973,0.0,0.09580090161801375,0.20099276077482875,1.7530935369596843,0.7934328572660293,58.203071231319115,0.0,3,0.6554491659550312,0.25785864599138925,3,SYNTHETIC_DEEPFAKE,93.47288216209876
0.9024568033346384,0.8439208656008865,0.1903646562405542,2.3050807290803608,25.146322701690202,0.025838422676117172,1.0,0.9585923826336245,1.0,0.024770408272231214,0.01,1.0454173892246201,0.9070374778709888,4.350530382064054,1.0,2,0.8881399293007668,0.8894961799664474,0,GENUINE,0.10818752175164814
0.6645368349451751,0.5742496252017601,0.5672121659507856,28.633855545397157,194.00126522755914,0.18185039057615796,0.0,0.49895964252089886,1.0,0.2397275479206255,0.19388897363362856,2.7934949867638945,0.44118283313393813,86.82638016204348,1.0,0,0.6243201552750116,0.6941539277891957,2,FORGED_DOCUMENT,92.34372359716005
0.927333957882007,0.8309661599248594,0.15136613804320867,2.26018708648423,15.941437849320995,0.04179324502216519,1.0,0.9834539793393873,1.0,0.025676867509345856,0.03281319432601379,1.1342385143974125,0.9195456712636872,2.954684442387765,1.0,4,0.9555954727788958,0.919105208627428,0,GENUINE,2.9447424897528007
0.37155345997180295,0.36014057439046404,0.585977496701487,4.476764169452794,39.380044713396416,0.05956772523996067,1.0,0.9091154015645869,1.0,0.03867341064756237,0.08600951879189572,1.039706807301965,0.8473934857922376,6.154864234661321,1.0,2,0.8696691018295908,0.9951095459190912,1,IMPERSONATION,68.0
0.3500550543199135,0.33821012368053655,0.7299841690534792,5.490127601614231,25.036880451315845,0.03491438656385025,1.0,0.8094750345434727,1.0,0.01,0.1403233140057608,1.156712288253282,0.9285384002016085,1.3463660527458878,1.0,0,1.0,0.8559240871162166,1,IMPERSONATION,84.76156032813921
0.8326391792769423,0.8571452441373169,0.09432403837860037,5.924201138776727,5.0,0.03353124264910792,0.0,0.9296820534021326,1.0,0.014847816061917572,0.05220779278215394,1.0707420927833289,0.8742037636368787,4.201442190832319,1.0,4,0.8895432403299439,0.9702936408757149,0,GENUINE,1.8633032237918634
0.8431167125640856,0.8074158294233164,0.137206273877098,3.54536064215593,22.694597537993044,0.03315276729482646,1.0,0.9847505573916527,1.0,0.026527500822879427,0.06866836965916577,0.85,0.9346740476436984,1.74038783754863,1.0,0,0.964381041808344,0.8877850506463503,0,GENUINE,4.702112732789274
0.37275234741188257,0.37457675311918237,0.6669626186675396,1.561118585591469,28.936469402972655,0.05845829466009228,1.0,0.8938024261048081,1.0,0.021682814438486006,0.08430350576299692,0.9782167959492852,0.7483459695861012,0.0,1.0,0,0.936743969266237,0.8717270762394911,1,IMPERSONATION,88.06227913784524
0.8600452372090075,0.8992198138065234,0.27492152418607474,3.5263931278283382,10.058135227376066,0.04804536154402596,1.0,0.9996298736862212,1.0,0.02957993941480019,0.06327091236996871,0.9173919155804375,0.9390712808767171,3.995898351488309,0.0,4,0.9872756017023557,1.0,0,GENUINE,2.991705173715019
0.301341551359258,0.44858783787084444,0.8424875161777803,2.403063056489007,18.587429977355413,0.0483178931542387,1.0,1.0,1.0,0.041173905658436386,0.06381445919836215,0.896341908996307,0.8085781354179079,6.968083908845238,1.0,4,0.9330525532989677,0.9158314738626936,1,IMPERSONATION,83.9677272571443
0.6915535807821788,0.6456277536246835,0.40599497436810206,14.129281641102349,190.99249202132177,0.30681009064589315,0.0,0.4010442525186764,0.0,0.24017865359084362,0.2213037460267414,2.9206544264734626,0.5487564943217934,67.10439485753284,0.0,4,0.40681167516609573,0.7186571000379073,2,FORGED_DOCUMENT,92.21600042507882
0.6799094697571155,0.48992400428145305,0.4307108169441115,17.39632341828728,120.51710394151407,0.22755031945214257,0.0,0.5930626443692713,0.0,0.05575156268490228,0.19308661772091534,2.1869337458712668,0.7956844921305132,74.12676854417981,0.0,4,0.623765900135162,0.24898881650755317,3,SYNTHETIC_DEEPFAKE,87.11844086515593
0.9512040772106398,0.9505434783994184,0.1380944781843973,3.855203296703929,13.072313750037404,0.0634551369053489,1.0,0.9008999863374337,1.0,0.027087186735179316,0.054628918450511446,1.084648953772577,0.9092166181226184,1.1905583643194495,1.0,2,0.9654546291101171,0.9369071921490058,0,GENUINE,1.3195765511999533
0.49631615694504727,0.4069497381371547,0.38211713883120235,23.244185197499327,176.48510031392846,0.32801303877001126,0.0,0.27685153255580186,0.0,0.19030826633815814,0.25271845011826344,2.1537331087781784,0.5780810239360878,81.35338521052034,0.0,1,0.5763482642019624,0.9117491761213659,2,FORGED_DOCUMENT,86.11428872271907
0.5978019671870165,0.40179408265866745,0.5865829112275612,29.844229390945596,262.31907341384044,0.17474841857436138,0.0,0.5971785648678165,0.0,0.162697024425191,0.453063888603377,2.351032639538721,0.3,73.36889078915239,0.0,2,0.48199448092872715,0.5712294115305506,2,FORGED_DOCUMENT,90.89269537796496
0.9193540465917857,0.8636315336303142,0.1490645621777051,3.3337778562933367,25.24467631991608,0.05895052924245715,1.0,0.9477011848844168,1.0,0.012529219206983584,0.0374656555082007,1.1062393472382759,0.9676562522688044,3.2696281301459393,1.0,2,0.9690038314739199,0.9706471314845982,0,GENUINE,2.5962960119426195
0.5881969785181701,0.4641309607770458,0.6234224632125065,16.484672471591033,237.2431826632204,0.1598374872216088,0.0,0.49976420594768395,1.0,0.10831028793510632,0.38105814930226645,2.405150733782881,0.42835819729442637,50.493127923946844,0.0,4,0.37857238734757753,0.7411214679916187,2,FORGED_DOCUMENT,91.92938941811133
0.8888324697621761,0.8344220969480202,0.19122076941287303,3.6504634623878363,22.98820835577035,0.07001943261128579,1.0,0.9755961667904994,1.0,0.018816765773190094,0.014904263188495324,1.007610602125944,0.8584020937126989,2.7178401656940205,1.0,0,1.0,0.946157604011014,0,GENUINE,7.073183315714189
0.36265292820651085,0.44092816402781887,0.839206657276317,4.723603797639101,24.54019009799405,0.08570026194403758,1.0,0.9542680613012547,1.0,0.016146507638270698,0.04323590681961189,1.1645171863185118,0.8626584255155384,2.7876881790935535,1.0,1,0.8590349518170217,0.9105851354936283,1,IMPERSONATION,76.91599744362583
0.9238458471439914,0.8509991147485504,0.10230302903016775,3.311556424487863,22.617910741740204,0.04211788906230469,1.0,0.9775323894141745,1.0,0.03617212574968624,0.05208711875046426,0.9301215951676872,0.8534843187130505,2.2163194138344497,1.0,1,0.9768660044769784,0.9545006284635246,0,GENUINE,6.657880527299647
0.8938263332626302,0.8040770782133716,0.22370233000730505,5.39790563898524,23.265473546005804,0.03148276827196805,1.0,0.9581533998619441,1.0,0.019578102995394652,0.060782882359003004,1.1178369937769772,0.8588401549139428,5.041767642547746,1.0,2,0.9055922921831,1.0,0,GENUINE,5.147026323741484
0.47650051424124573,0.2691918150224163,0.5492612406992208,22.797080540969816,152.2152417051112,0.28700210798760156,0.0,0.10083632843719947,0.0,0.22343218617236354,0.30354777034406033,2.3029844090854756,0.7629200161408095,70.99851081993062,0.0,4,0.5110387235979782,0.7702844256123288,2,FORGED_DOCUMENT,87.58149856606603
0.8466880283984081,0.98,0.0775993049791878,1.1614328520559014,21.140086700319994,0.029958915512947777,1.0,0.9936555956828054,1.0,0.03310543824692213,0.06300402355917323,1.0100824136220616,1.0,0.894872850510771,1.0,0,0.8661291026211438,0.9273332234995957,0,GENUINE,7.108713645078147
0.5419063756196768,0.6695659816457245,0.6724559432903763,17.490886620930162,185.0285683797807,0.14,0.0,0.3585030575813826,0.0,0.12627174491388926,0.3598483622349928,2.0636594294266093,0.617147103561669,70.23778231898301,0.0,0,0.3083232403769353,0.5786365381473502,2,FORGED_DOCUMENT,95.3007770502952
0.21650307974481997,0.3664675780969257,0.7101561945277806,1.2001037013419773,32.83207310309241,0.022526188282895654,1.0,0.8946330367611729,1.0,0.051921828683198834,0.14214715841782774,0.8610485947263473,0.9521635124306291,6.150973708369625,1.0,4,0.887451667130393,0.9654258295135637,1,IMPERSONATION,84.90451648452854
0.9281740970887412,0.8107686293957332,0.24097865233493276,2.8061672224810836,19.93686477023538,0.024359647261847854,1.0,0.9243720474291146,1.0,0.023098207102270275,0.04291784717104027,1.0653537833745177,0.9812292218813072,4.935094843448568,1.0,1,0.9693697715881191,0.8959134221350109,0,GENUINE,5.8674510085954
0.5817427322591684,0.7250460626139912,0.4369380279380424,23.189725311341736,230.5995554713873,0.30127005164252546,0.0,0.21747461257038334,0.0,0.15890676970176323,0.306550168003325,2.774977889762832,0.5279920243679713,99.0,0.0,0,0.6268451991855181,0.5521507321256341,2,FORGED_DOCUMENT,99.7057456164847
0.6886831756179697,0.603742296820379,0.3907023559737105,18.577455554344784,123.93452664968906,0.1979267039864875,0.0,0.2,1.0,0.17783809912321558,0.1,1.6468345657724148,0.6811319042204411,50.322304288986054,0.0,0,0.6171232867383096,0.2768266469340382,3,SYNTHETIC_DEEPFAKE,83.37081579307204
0.44543825960685735,0.4488853432474437,0.3600461530188358,28.833514895994664,165.2772775044016,0.3804776590197507,0.0,0.5246565156440259,0.0,0.22882853142145523,0.3287277666561628,2.653320177241819,0.8194091880121992,74.69647517462907,0.0,1,0.527148883081727,0.7166160003098507,2,FORGED_DOCUMENT,93.59718311595869
0.663706704673641,0.5867260277082689,0.6312606036641509,12.0,216.71889245664812,0.4620863214262133,0.0,0.4563179283910541,0.0,0.09517020258970489,0.20012585743171663,2.2297628390922815,0.45977986519937086,76.37236632603995,0.0,3,0.5044726427311866,0.5678157540798214,2,FORGED_DOCUMENT,92.06545287434486
0.8906818440807623,0.8586174259211327,0.19621671414958908,3.2675173821674117,25.669532809189977,0.029194939933284654,1.0,0.9196250464637273,1.0,0.01934485490941268,0.056557222815015525,1.010962596888156,0.9688659258032165,2.108358852306136,1.0,1,0.8601489494051433,0.9982382407161816,0,GENUINE,7.054633112027429
0.8855524369296174,0.8224473393855984,0.2234899463138644,4.5171831756239,14.985106044453591,0.05706772886658165,1.0,0.9483351344007428,1.0,0.029993297112397538,0.045258460182288435,1.1254666578768764,0.9418040977563625,6.0,1.0,3,0.9378841597833598,0.9501074136301911,0,GENUINE,0.0
0.364319360523875,0.41188130460577826,0.570565596382169,3.831271309933414,16.529118373228506,0.02,1.0,0.9606201438388242,1.0,0.052176828381434115,0.10226871906533676,1.1719326107644776,0.8307748894341034,7.21570030258133,1.0,3,0.9876340476122348,0.7768048432714981,1,IMPERSONATION,94.18496244800865
0.954254322849047,0.768739067819494,0.15823718937321923,3.7513779799570495,22.70555429262262,0.05710306730964046,1.0,0.9801444180302075,1.0,0.02661422784083347,0.049454201207205985,0.9932743885576973,0.9394085128833995,2.5580905305544177,1.0,1,0.9142897078820577,1.0,0,GENUINE,1.4293563454600333
0.9717081055847518,0.8855485029402737,0.17691480395248166,5.087008804771762,16.310283622742688,0.023215806653219873,1.0,0.9421567123633301,1.0,0.007187023265231452,0.09112414259880644,0.9096791634278317,0.9089373188207115,2.084780050166619,1.0,4,0.9744189395343897,0.9266769024572424,0,GENUINE,3.7821957155339714
0.8438449964715877,0.579596710254481,0.4409989909562723,17.392528615807368,117.7223425055805,0.09650620908592779,0.0,0.3166874752567074,1.0,0.10488838140916584,0.1765106800277298,1.9269034325115928,0.587592091795611,74.63198015440068,0.0,1,0.3647250964483218,0.06769774570601214,3,SYNTHETIC_DEEPFAKE,96.77628401510566
0.9769349694128939,0.7635955789684055,0.12037678704235528,3.7683130916492873,20.18096695291764,0.02380792960156708,1.0,0.9727218313339226,1.0,0.025462842480036996,0.05012844539621876,0.9763614109473432,0.9145195098037086,2.367455561191997,1.0,1,0.9251995588047148,0.9164721474396192,0,GENUINE,3.0909542387073667
0.92,0.6158889134515438,0.3533843116216277,16.086867311043612,118.32668780668142,0.1720613736954415,0.0,0.45723818287611206,0.0,0.0926299528618859,0.1,1.60293126454453,0.675691382553115,72.03170663674933,0.0,4,0.49706998702364524,0.23418692798272592,3,SYNTHETIC_DEEPFAKE,82.94590449364307
0.22161904251965756,0.4192309587422655,0.5844119749591784,4.583781719889223,12.794303103519091,0.025604532695242807,1.0,0.78,1.0,0.057946616278325314,0.09296270013843655,0.8,0.9475100154587139,3.9513325470418943,1.0,4,0.8856098104185197,0.9365764536509673,1,IMPERSONATION,78.25460696545538
0.5733335712906495,0.38,0.3927535683167656,14.939917921526764,73.23488154271817,0.15754782367589681,0.0,0.47850765677872104,0.0,0.09085439787749022,0.26173398797108083,1.8701767316772078,0.8678617785911098,80.5140766409581,0.0,0,0.6901859032217624,0.27204887168849085,3,SYNTHETIC_DEEPFAKE,93.90356145523734
0.32631124392183597,0.39723247155466107,0.48,2.484169072761714,12.870673474722807,0.06648996653699006,1.0,1.0,1.0,0.01824524061360203,0.08559573693881273,1.1660965051247518,0.8996754975065471,3.2154390064144445,1.0,2,0.8907503681997635,0.9361126144133677,1,IMPERSONATION,70.06958205884312
0.846420238612962,0.8045662395700139,0.13266733192849448,5.128220218627786,17.815644965765863,0.0567918709133441,1.0,0.9309350510535974,1.0,0.011943946015737407,0.07024272921817061,0.9571615909004862,0.9039168742470791,5.005243881023388,1.0,4,0.9225672409133507,0.998923322683813,0,GENUINE,3.552863999075421
0.99,0.9370264031335624,0.18535930925250474,4.97502252270768,22.326316983091495,0.04899800458818786,1.0,0.9181651479342221,1.0,0.030538915522958832,0.05157805662289128,0.9738627785253211,0.9460243922387116,1.2731079854685894,1.0,3,0.9390791016625836,0.9246628414321139,0,GENUINE,5.86232254976457
0.9767798030349794,0.8623862329425636,0.13389093144757214,4.709813970021517,10.460053582550689,0.06213727178520717,1.0,0.9558166588077465,1.0,0.026007877156684376,0.01904253077953828,0.9817574041867004,0.9202290069672743,4.045448820427793,1.0,0,0.9672164425574993,0.9921911125710662,0,GENUINE,4.1099474106139
0.26623055322747086,0.44231631223853085,0.6881711812670397,1.6230640294202896,28.904486250021712,0.047833802577987646,1.0,0.941543305608822,1.0,0.05668458388345381,0.11896493477183721,1.0062270764275756,0.9082404944437196,0.047530431975866705,1.0,3,0.984235004378375,0.8373598875357214,1,IMPERSONATION,75.38094631207252
0.647340981733014,0.5142245133848016,0.5196465506400886,17.299765539765637,95.0,0.28905280091142266,1.0,0.46124976850031224,0.0,0.21251515156499487,0.3125001019438088,3.3771593055856792,0.8049092513102427,91.93311279832662,0.0,2,0.5709280937051884,0.6275435940633313,2,FORGED_DOCUMENT,94.61944458574717
0.8746113295855867,0.852297349976552,0.18804883870459133,4.415964692674266,27.252113859276456,0.030656130714491404,1.0,0.9602572800600729,1.0,0.023308793214235086,0.012927929660767078,1.0402165377707893,0.9332985083908536,2.2834795858782346,1.0,3,0.9253887656718446,1.0,0,GENUINE,4.650177594239954
0.5885081295642827,0.4234876311122921,0.6104722725980147,12.0,202.85026369433461,0.25072414022199685,0.0,0.21570170683464251,0.0,0.2294080312827332,0.3000715247215875,2.666978709651494,0.5660867642840806,75.10830020130547,0.0,4,0.585803571234929,0.7992778991282163,2,FORGED_DOCUMENT,88.42787090869129
0.8622239533894671,0.7375536096073574,0.18896170171568039,5.060132715330697,13.316292671475164,0.04856625924946993,1.0,0.9869740714106248,1.0,0.02734304675561497,0.03701337376159212,1.028312246565668,0.8966448296604612,1.3993180393219542,1.0,2,0.941442535658785,1.0,0,GENUINE,3.9893513829137386
0.764616954654352,0.5933591505054923,0.44715073703491603,20.493582462056004,145.41467839634134,0.324102666622047,0.0,0.20998055102640603,0.0,0.11846886117346841,0.3033006318866432,2.4591415397493277,0.7525974740704502,99.0,0.0,1,0.27774091285577074,0.5239062203158833,2,FORGED_DOCUMENT,88.57444990347969
0.5774382983885491,0.49593064793140806,0.33728167589572566,22.085691024322223,118.41058193066154,0.08337705545494782,0.0,0.6528888671446218,0.0,0.09541120457264532,0.16760724015760162,2.493185642329774,0.8903823497478103,34.64187626870121,0.0,1,0.6505373208555896,0.12018688503766313,3,SYNTHETIC_DEEPFAKE,96.61047192372735
0.34707434063410325,0.34579393164308536,0.7163292478981617,2.960180100173645,23.55694918296006,0.04096597888364534,1.0,0.8603802151069455,0.0,0.015888744020903768,0.07167899108123676,1.0007292045015397,0.9117029048593851,3.6593839199710394,1.0,0,0.9708736269614757,0.9020817321669309,1,IMPERSONATION,82.92627631390616
0.4594265724234772,0.4377292995831363,0.7067144468880171,26.38250620728564,240.50978138160806,0.3028243204390652,0.0,0.6325335425969681,0.0,0.0968679217835857,0.4173753359941923,2.958840361086537,0.5134828242972953,82.2101017692908,0.0,3,0.72,0.6710154806495706,2,FORGED_DOCUMENT,90.90431759107545
0.6105506704360257,0.38258750531933594,0.3931993697201871,13.119371671190715,118.81021419331861,0.11436747077044422,1.0,0.6053652031628831,0.0,0.19842382317014434,0.2208487886203853,1.1,0.7738720896413074,50.59974443760949,0.0,3,0.4673587987306004,0.27655218245015367,3,SYNTHETIC_DEEPFAKE,92.53924472312443
0.26000342458892195,0.39196617002393624,0.5415082360556901,5.170929846069047,22.72957095497142,0.07597392923366086,1.0,0.8513512113783487,1.0,0.01278985497799568,0.044485771700911746,1.18679362000759,0.8024759158769934,3.0334320336854614,1.0,4,0.9985439607395408,0.8338581037191304,1,IMPERSONATION,94.62327848455841
0.7795333441703383,0.7872667376378337,0.12368527343865131,5.606981945167588,26.481098517837285,0.06653937062113352,1.0,0.9616672667999447,1.0,0.04546833281448644,0.05903265403299193,0.912510094269088,0.9304956044820936,5.029958778706517,1.0,1,0.9386708003742216,0.9416753257090984,0,GENUINE,3.8786562214026734
0.3249606310960576,0.4657676077002373,0.7836010353534052,3.3492597318784236,8.0,0.042292044796119865,1.0,0.9549304543394351,1.0,0.04203821212320809,0.10680489435552301,1.186749612911156,0.9872067386144406,1.9482231094104174,1.0,1,0.8750763199544193,0.9279330898452569,1,IMPERSONATION,73.91949827970754
0.9106167406319243,0.9198468902784819,0.14697397388468456,2.5379661342803574,9.012454574483115,0.040722203506602564,1.0,0.9476378263294862,1.0,0.02301695134946041,0.06451533646326066,0.9741043114175427,0.8371783567414425,4.384654513517784,1.0,4,0.9314622851627916,1.0,0,GENUINE,4.571668643005279
0.7883252241837676,0.7134868254677513,0.41403772013435036,19.131405830281558,98.1592243153064,0.25483156377603017,0.0,0.8,0.0,0.11633290083756179,0.3102708501548262,2.0644488217072574,0.7957476630496667,30.0,0.0,3,0.5029550529431601,0.17387272596113523,3,SYNTHETIC_DEEPFAKE,98.0296701559622
0.6824020757710327,0.5668401136123851,0.4648202125522444,21.99473860853856,126.60943417067632,0.4192259169933704,1.0,0.41636413394230287,0.0,0.06714363406230445,0.4303981518547206,2.812201704551745,0.7991441855330091,70.6795225962645,0.0,1,0.4297169298191645,0.6498613164466078,2,FORGED_DOCUMENT,86.22394095150153
0.6372942192346841,0.830163500578428,0.4352795223935446,17.25405934864752,96.17814498108721,0.2138324986078988,0.0,0.5598221637031148,0.0,0.07967071612641127,0.3575958204952672,2.225218993593132,0.6160657875630426,75.82651379654486,0.0,2,0.6250347536710378,0.08848671089568494,3,SYNTHETIC_DEEPFAKE,87.17962991370605
0.7237391838871177,0.8132179110055174,0.11511917746954717,2.6551346550744945,16.00894831301773,0.017475235858278745,1.0,0.919506807918563,1.0,0.03768169293059784,0.08998479392667005,1.133997511450051,0.9149220898163725,1.7765916846977254,1.0,4,0.9675831685746177,0.966920196315619,0,GENUINE,4.606449666847049
0.8058812582110518,0.7780254320724592,0.2855632324508082,16.520268583650218,145.47920324454526,0.1878941666678358,0.0,0.5436245692302384,0.0,0.03,0.2495244832796863,1.9587851785689923,0.8231986587024558,87.60340263909345,0.0,2,0.5181222192102646,0.11207356388885419,3,SYNTHETIC_DEEPFAKE,97.03319110114879
0.671845060225462,0.7984097343265198,0.41130092308049704,16.97622361492079,50.0,0.31771793321889014,0.0,0.615420081703813,0.0,0.10620360916729196,0.2970378421702791,2.457767238955951,0.6742168799402481,49.0596500873752,0.0,2,0.8260017001465739,0.3156067911707186,3,SYNTHETIC_DEEPFAKE,83.88879861826855
0.9044613871141369,0.5510231850269809,0.4068287451192249,20.173662772764974,127.73490361854752,0.15623936214591855,0.0,0.6542754785777471,0.0,0.18116328029236545,0.19091313421677444,1.7297584981051446,0.8140411914214548,53.489729034601496,0.0,2,0.7059670810790472,0.30767045276717864,3,SYNTHETIC_DEEPFAKE,74.54380175517423
0.5920215238137767,0.5677153621901406,0.699807394890262,30.35072650593776,221.42120324047255,0.3036809642510515,0.0,0.4359748127405558,0.0,0.15481116774537285,0.371073077072355,2.378570046285436,0.9,90.37839039058089,0.0,2,0.5888477331072107,0.7390493806738978,2,FORGED_DOCUMENT,95.4548148187616
0.23677835702402417,0.5148889165179031,0.6350087658381844,4.33510230562865,12.496796969327335,0.05951759662018844,1.0,0.9083241838159657,1.0,0.01,0.09863684085188923,0.8741492389794062,0.8765177160018915,4.316619179407033,1.0,2,0.9519039472797641,0.978188559934809,1,IMPERSONATION,81.89810393075544
0.25603298430143706,0.24675036134170325,0.6766469171829156,4.900352403715376,16.23418296680081,0.10982066167252674,1.0,0.9111895800786112,1.0,0.055330846892209296,0.050902866955402915,1.2400711229537125,0.8275324690095247,5.035153023385872,1.0,2,1.0,0.9203853385233551,1,IMPERSONATION,87.52152182383358
0.9062694259746144,0.872788207072545,0.2621960637751525,0.528837379880629,17.21662106813409,0.065049914583,1.0,0.943296636814699,1.0,0.020326388366908716,0.0433583050665161,1.0518068162861247,1.0,4.9512115133282375,1.0,3,0.9325018745620195,0.9128792536792423,0,GENUINE,2.8498343675318933
0.8598760047772703,0.98,0.14797246922088825,4.093053083056102,9.373220289832524,0.04300577263153548,1.0,1.0,1.0,0.03286625810103529,0.037800307569629134,0.9803683633431584,0.8634549853752869,1.2232552896254412,1.0,3,0.8635915228485411,0.9642172769637499,0,GENUINE,7.615597474914331
0.677020505427323,0.7180143668705846,0.5002934667990049,11.042694260512523,93.67200672868702,0.24081218408105515,0.0,0.56607908998832,0.0,0.21041120045745743,0.254287087906692,1.8887244593323849,0.8153893509217379,59.720178372375074,0.0,0,0.7187322022321294,0.1645606471519114,3,SYNTHETIC_DEEPFAKE,87.54554016335554
0.913488203381587,0.8425946728503801,0.1479714063594924,0.5,15.956987468603742,0.011466482095593217,1.0,0.9640323758370682,1.0,0.02111896704488599,0.052065583060138865,1.1718624039456427,0.9543208750223365,2.8254591850553092,1.0,4,0.9020994210539443,0.9599114872420832,0,GENUINE,8.203245829443969
0.9119924390739588,0.8615782562209793,0.08089912156537811,3.2196594325334758,23.550684648704078,0.018975599404349945,1.0,0.8840469205124756,1.0,0.01772893992219074,0.047164848919449234,1.033556341641471,0.9564259321757268,3.456408718346813,1.0,0,0.9503507922097568,0.9701832725790955,0,GENUINE,5.766345908342356
0.5528041648354087,0.5762101875416872,0.49573715975348565,18.128007800030293,171.54572011826716,0.3931872109167408,0.0,0.6421275861478015,0.0,0.28154029905735284,0.4031584411208135,2.147231456852804,0.3547604735747771,86.68284304106447,0.0,3,0.5395380066769023,0.571098384657709,2,FORGED_DOCUMENT,88.68441598023026
0.8754541428078724,0.8969336432068848,0.09640713834799222,1.9354894807807228,23.40733794815017,0.047528190521950335,1.0,0.9329384533692746,1.0,0.008105881071326721,0.08285345906511926,0.9299379265352131,0.9519195962804192,2.007072286376523,1.0,0,0.9641274972432937,0.9705760374628175,0,GENUINE,5.674305231853458
0.8948792628782741,0.7776992784447565,0.3194440487196262,16.620607313578777,153.4622343323892,0.18652202830391382,1.0,0.6613449894362516,0.0,0.06004604064347954,0.2174990700530626,1.9753238462367722,0.5867047018822784,92.0,0.0,0,0.7494887229552496,0.37770805192010326,3,SYNTHETIC_DEEPFAKE,97.99953606025326
0.29580791922883265,0.5071533962831734,0.6263579843150732,2.8486035827259477,38.68099569021626,0.06676807475157742,1.0,0.8736297006734492,1.0,0.04287001073194377,0.0902442898028287,0.9944720497277859,0.8760838546953487,2.917121318105916,1.0,2,0.9694049898396214,0.9035842737401776,1,IMPERSONATION,74.51573302595362
0.8341016947972842,0.8816437630658958,0.13589061195927352,1.5450845800811104,24.085755715327984,0.03949425556272085,1.0,0.9982793188729707,1.0,0.0033469092132236283,0.04416957378165008,0.9983595579040135,0.9335103145619156,0.5122190437645011,1.0,4,0.9617615142709511,0.9560348748510188,0,GENUINE,5.150767106003861
0.48672450125294153,0.6099751678717836,0.4894734511476405,15.495459986960169,249.3911336448976,0.30109112006729033,0.0,0.40887329857970695,0.0,0.17951833468996264,0.3939123014849054,2.0978516620649335,0.6659990960178483,86.10925969109631,0.0,4,0.30480526984227485,0.5754574774313448,2,FORGED_DOCUMENT,79.57611682126726
0.6494514970821257,0.86,0.2715311896133922,15.50825955624082,55.97005890640082,0.1461019015772637,0.0,0.6045878935942899,0.0,0.05489802927578176,0.13485174845208314,1.3844070589298445,0.8541942807163806,92.0,0.0,3,0.40969953280117694,0.35204167224703786,3,SYNTHETIC_DEEPFAKE,86.96678701252443
0.808614307496074,0.9374398449183783,0.1349953019381308,3.7759773207866854,20.801671824727592,0.021736021884367775,1.0,0.9515345826292425,1.0,0.028653169020203803,0.0652819215699255,1.0973107206695238,0.8622410124429785,2.1451294739062887,1.0,0,0.9241442465980878,0.9562170932297174,0,GENUINE,10.364334888549823
0.9530295112495298,0.9564921236345716,0.19991554490739802,3.2820556247383417,20.922380542019656,0.03951608787218168,1.0,0.9711730394094663,1.0,0.012099336748647218,0.04070765405403214,1.040115965587284,0.9341643935773072,2.111642539443884,1.0,2,0.9450551831818564,1.0,0,GENUINE,1.6991716884860635
0.6346342428651903,0.6611943056486249,0.6257637318102913,35.67563864264308,161.9815474230887,0.26490922689182594,0.0,0.322116173391545,0.0,0.1670020852709948,0.17896580844745946,2.5398905272177785,0.7386613165808825,68.97274698803218,0.0,0,0.3703597563064514,0.41259950707485366,2,FORGED_DOCUMENT,88.13010103278368
0.7473318814595269,0.8664930190675996,0.18854325969434835,2.02569650506419,25.362524259241574,0.046769928149888285,1.0,0.9475413625829759,1.0,0.02181866255058495,0.054964411726006725,0.9740639100459756,0.8775077815267605,3.7455037248163685,0.0,1,0.9057566469636452,0.9691591930298556,0,GENUINE,5.034155263217371
0.3811582035674378,0.27769524480169405,0.6434937678489723,1.4187428311812704,32.192552386928405,0.053948118061158665,1.0,0.8708741305132747,1.0,0.010261307727785062,0.06483808075702817,0.9003723203828724,0.8277241060919871,3.1036848427157393,0.0,3,0.9035275170754309,0.8688864329085607,1,IMPERSONATION,77.00124028790987
0.7617821959214096,0.5297356762315422,0.5349959427945932,27.697108323657165,205.2015005238988,0.27209162885865845,0.0,0.16306849603943763,0.0,0.20034676043553323,0.2751531518743492,2.342509118545554,0.768940728122383,54.90108594077717,0.0,4,0.39075028071518453,0.95,2,FORGED_DOCUMENT,96.35441146085735
0.2767483028117773,0.17376187295477136,0.575832578880611,1.2287452936160492,21.69340931442102,0.08456297912546448,1.0,0.8930520955427335,1.0,0.05125539199057599,0.02,0.8896526134118253,0.808891224157146,3.1805030040168267,1.0,2,0.958135738446805,0.9230966579253926,1,IMPERSONATION,70.3964186675039
0.31277294580164533,0.4751923647481147,0.800089864416684,3.9471654804243186,36.058477118517914,0.09565041802864557,1.0,0.9210610603658643,1.0,0.030439879856085872,0.15652580225892043,1.1576406691486039,0.8127225311495152,1.4440606461427827,1.0,4,0.8507741847728664,1.0,1,IMPERSONATION,85.09525114949214
0.3142299473203916,0.5033303268637332,0.6361916648125379,4.762130809803761,24.699394207122126,0.0758344165381073,1.0,0.8691198285109054,1.0,0.04638914990344875,0.04487084321366383,1.1258849672673825,0.8777353848559408,7.2098117037593275,1.0,2,0.9770672400901055,0.8526843634637321,1,IMPERSONATION,91.09656500840579
0.33962907924014313,0.3952300151273593,0.6432443303417558,1.9380483309438663,21.050329819090223,0.028822661343066977,1.0,1.0,1.0,0.03343426549013544,0.05096112907317622,0.8902342862740646,0.971560810374773,7.034001755180833,0.0,4,0.8352651593416796,0.8935927203267904,1,IMPERSONATION,85.66391752124005
0.5407490193673568,0.4195669039554426,0.4713248842472554,36.882934458135274,274.8880266571492,0.24233620082337035,0.0,0.2611276243145659,0.0,0.21226710493001114,0.411785043114628,2.7164876626200964,0.7213170944651884,90.93560358652446,0.0,0,0.5334278835478201,0.6716206032895093,2,FORGED_DOCUMENT,91.34712567044845
0.6391274463154227,0.6988810580032442,0.3937309144876418,19.444072605086994,169.9430404248738,0.22526653509463038,0.0,0.2,1.0,0.04887692963391313,0.3121166847183239,1.4837989136632332,0.7743047232954995,50.77882653149553,1.0,1,0.6410992587452389,0.17050818955248317,3,SYNTHETIC_DEEPFAKE,89.93554560557865
0.909802849180674,0.840321498918017,0.18238442690503462,5.62763582768963,17.095079751659984,0.035317260861016386,1.0,0.9683712387660041,1.0,0.030105152848065267,0.040610512281300956,1.0742560043585965,0.8968291153593769,1.8014053696446148,1.0,4,0.8710032866994786,0.927508498830361,0,GENUINE,1.6679221991639408
0.6148526367673142,0.6760826952934366,0.22090512218551533,20.980335968600833,89.36334963717712,0.20817069035603383,1.0,0.5981558641650904,0.0,0.11398961326021438,0.3042372547046009,1.7412058285513108,0.8463253564559727,74.70546462666334,0.0,4,0.5730565965534712,0.2723456794161099,3,SYNTHETIC_DEEPFAKE,94.69854805176591
0.8120400474042173,0.5260967362186088,0.5859701465974102,25.605786240359418,197.15223260503382,0.39188996884475313,0.0,0.6101107803506021,0.0,0.14696143935418393,0.32971818315965384,2.708914282851283,0.5643883669558739,78.78969615995963,1.0,3,0.4641959695368108,0.6371916440100716,2,FORGED_DOCUMENT,96.94586391552501
0.99,0.8019158970945258,0.12708917403497122,4.678814065305974,11.070225869743723,0.04885612762041831,1.0,0.9961778042284976,1.0,0.022914499232118062,0.03538636072392439,1.0002195314103495,0.9010121330009879,2.3685426132752836,1.0,3,0.9461087159687931,1.0,0,GENUINE,7.236197834768367
0.9388290999712343,0.8320883049630627,0.23960779553803163,3.8973202928480255,17.18155817958274,0.033663564774164045,1.0,0.9594007371384029,1.0,0.01333479518726485,0.04387293078457381,1.0265593845683179,0.974513725317213,0.3685231583908313,1.0,4,0.9621309075580379,0.9302496023055817,0,GENUINE,0.0
0.25,0.3546763167971604,0.4387878036875029,35.00686269576803,205.03988671347074,0.27746186780387405,0.0,0.4304951273235608,0.0,0.12257049607163581,0.4951916533816926,2.208438108904276,0.6461581443511526,79.03188949055493,0.0,3,0.43598203238881483,0.5083684797692084,2,FORGED_DOCUMENT,95.93507418031888
0.8284696736228143,0.8670775024895471,0.20009761338958834,4.046032024474255,11.3410721234076,0.03534213173525803,1.0,0.9778993150060113,1.0,0.027695314690509988,0.03288977284043494,0.9579154780717357,0.9369432578525871,3.7253076700306123,1.0,4,0.9687934916348556,1.0,0,GENUINE,2.9133961269546322
0.3554716006302899,0.4244374441561012,0.6174889749172607,1.572745944269474,17.594518987873283,0.05944931327418789,1.0,0.8811309619263147,1.0,0.05071464933945882,0.1099278313757659,1.105711469385526,0.9269678341040237,1.2361330648113342,0.0,3,0.8622745124947117,1.0,1,IMPERSONATION,87.3651768001503
0.4050473751323759,0.5554686593593191,0.48221133136981476,23.33893339932429,125.65917225832129,0.31308566530468834,0.0,0.65,0.0,0.2672101356831842,0.27293206095831685,1.45,0.7243267239894999,79.6103606696393,0.0,4,0.5173601018700856,0.706346748404527,2,FORGED_DOCUMENT,100.0
0.32713612136200226,0.4706816002646865,0.5947196720068131,6.253304653596175,27.277460395246948,0.10133763706776153,1.0,0.8834650442242578,1.0,0.0110170089834826,0.11788286753718392,1.0530229663098514,0.9551703077542184,3.934940122783552,1.0,1,0.929744217455741,0.7941904305140743,1,IMPERSONATION,85.22699890726948
0.6535774385988747,0.6439724378492077,0.5186386056518715,10.91835160750128,135.04304405392722,0.10311500751136062,0.0,0.7894460203890126,0.0,0.2064031899320915,0.23148555923348896,1.5122378507558358,0.8014253019080005,59.11745653365498,0.0,4,0.543780625098017,0.18421111045063224,3,SYNTHETIC_DEEPFAKE,88.50265929641132
0.5278455078581739,0.41550518262816105,0.5300826113119712,23.925829852782385,155.62686714964195,0.23571013486994863,0.0,0.298707801382695,0.0,0.17633920037002954,0.2922459377689718,1.8393052114820776,0.4459440533498803,99.0,0.0,3,0.40472910445661164,0.8048607992986052,2,FORGED_DOCUMENT,95.68629106018713
0.1782227048956562,0.33522488024562996,0.7798143772343037,5.481565447660817,25.2832261194013,0.05487358765601665,1.0,0.9663816938750539,1.0,0.062134806732763205,0.08369615103108224,1.0279566825097648,0.998053555088764,0.0,1.0,1,0.8686532921366926,0.932738307270122,1,IMPERSONATION,91.01893843328752
0.3224220551727225,0.39784326552167315,0.6708321183521646,2.737754276478052,22.0709876708193,0.11271822651216432,1.0,0.9381075158391724,1.0,0.01975013218238196,0.11318816517494848,0.8882530769469272,0.7185230057222387,5.231402357669226,1.0,4,0.9463209209827098,0.8705019927827884,1,IMPERSONATION,98.0
0.6473544414526836,0.5365236570583877,0.35460337918903817,28.71000588356818,181.0314308629692,0.3813658176938147,0.0,0.25228923009305015,1.0,0.15076402009363515,0.24138724184523577,3.4627913296509067,0.8331442551106839,65.06122847942453,0.0,3,0.5064386845182808,0.8244788631054574,2,FORGED_DOCUMENT,95.50395587014151
0.38073992836233456,0.3862291585242231,0.8336139323319042,2.9160567619114035,31.960980175901252,0.08517202466879567,1.0,0.8358514818985885,1.0,0.0605684451572433,0.10308470022552571,1.0576324285177332,0.8848190967422987,5.484886593316572,1.0,0,0.7825583754472689,0.851699118012979,1,IMPERSONATION,92.02793386091926
0.6121812829149491,0.6255471622664328,0.5018682633988868,28.12192305445596,129.1806293975493,0.34821398748920657,0.0,0.10695888025882219,0.0,0.2286553187893065,0.15,2.915730841507292,0.6778053366753946,61.54574307616916,0.0,4,0.3859389913098379,0.6703447496096938,2,FORGED_DOCUMENT,90.33162042672595
0.8630830147243088,0.7913890420671079,0.2539873651633262,20.603824171133073,123.04937833653172,0.21355896855988196,0.0,0.7382855916256507,0.0,0.03,0.3217396626480887,1.5475987964358733,0.7812978511746155,67.77475000796878,0.0,3,0.5383250632521123,0.16481870201534896,3,SYNTHETIC_DEEPFAKE,96.83633644825431
0.4003240084866245,0.75,0.40080126332638355,28.256206322696176,154.4612289755821,0.2675005673863135,0.0,0.512888051130854,0.0,0.22725920768224672,0.24311444188389292,2.0927088141155523,0.5243169812735138,73.86007099110174,0.0,2,0.5451674255823518,0.7976224904024248,2,FORGED_DOCUMENT,92.55341816004167
0.7486133391485232,0.6109254460220005,0.325489050851854,19.302780727480762,162.35780163382717,0.3496791191054701,0.0,0.40165935224502597,0.0,0.20052423676616016,0.3050951973632583,2.4425388158121244,0.7551964662337669,52.246808963629945,0.0,4,0.6161610270361837,0.2215492809116894,3,SYNTHETIC_DEEPFAKE,87.82487454773924
0.7730331065431351,0.2,0.5499648593467047,12.0,220.77643072032657,0.3694535531916166,0.0,0.2892296569350122,0.0,0.1643586906842442,0.32662750036462157,2.0185569446923144,0.6847558677982221,75.2602879768544,0.0,4,0.6175447472212976,0.6073602212855858,2,FORGED_DOCUMENT,91.88862028976986
0.37590910690770546,0.31689253031214126,0.6163772192684634,6.107863171107236,28.629115035399007,0.03761180935106688,1.0,0.8599590089941078,1.0,0.019461499876866906,0.09320271243202062,1.2929655830848348,0.872557833776554,3.9679203059697574,1.0,4,0.863617046499277,0.9508312811932483,1,IMPERSONATION,82.7402888835692
0.8180725944357692,0.6132086570429297,0.4397519294810171,18.83692880887733,102.22361181997344,0.2926395203554591,0.0,0.41354627145064937,0.0,0.208544110383022,0.25392448314744165,1.484565715228804,0.98,56.64477651237817,1.0,0,0.48610403982122496,0.26209190600986765,3,SYNTHETIC_DEEPFAKE,84.36598970944893
0.3796252392419073,0.4470906949944171,0.37557197245254015,35.318401238167915,155.28509317399477,0.3193986787795698,0.0,0.28410575970249474,0.0,0.2218722222093397,0.4369263127366266,1.9462178302491666,0.3882156327501993,89.74642459832961,0.0,0,0.28245103810724986,0.6655772369512182,2,FORGED_DOCUMENT,92.70750869837657
0.8258796395904617,0.589880335180986,0.39316745134937986,9.945833175644069,51.82838196010582,0.29382524940173566,0.0,0.5048747276676576,0.0,0.14512274677573767,0.2764450612348,1.6216458067895723,0.853424547698952,44.691717091120026,0.0,0,0.3,0.17724242593266232,3,SYNTHETIC_DEEPFAKE,80.52540301531826
0.9697604327630307,0.8820060912379382,0.14608646680982926,3.3852685823639614,26.882477004399895,0.09,1.0,0.9478734896407917,1.0,0.021294112582755976,0.04691068962264048,1.063057267209405,0.8025235846504067,3.0017488026671764,0.0,2,0.8726624723111619,0.9177651973401524,0,GENUINE,6.612129082743644
0.24259097108047417,0.4571875936468507,0.6912756916950822,2.036046493480229,22.796460780799734,0.10654313297667867,1.0,0.9358688240643882,1.0,0.038290054411257324,0.029315937543926467,1.0452113996829566,0.8656195093538874,2.533061960045,1.0,1,0.9511672965264323,0.9772749935304917,1,IMPERSONATION,90.00459462206561
0.32538137085359764,0.33974718298447915,0.6509873010384238,24.974189174714375,142.2525771180551,0.2264472146971653,1.0,0.3550119884905494,0.0,0.12961865269055026,0.38770734207266616,3.0971699881373005,0.5198025086400329,73.54702764857281,0.0,0,0.4883797929953143,0.874217651007917,2,FORGED_DOCUMENT,95.60006902771126
0.21008323538552975,0.47508306471473316,0.651143797132387,3.2887186351189346,16.27226221452846,0.06255137580600545,1.0,0.9479355305237119,1.0,0.01,0.02,1.1291389096714437,0.8178510321102886,3.0034977722778127,1.0,0,0.8962429104347147,0.8760912667588593,1,IMPERSONATION,86.80830150660023
0.4807167078548953,0.31303197691980733,0.7152541662591709,32.029719351517265,194.5306589083603,0.2827150308107971,0.0,0.3262865587157992,0.0,0.15248395313451238,0.49646460488348326,3.919686208445408,0.8544002757846024,85.19513516227673,0.0,2,0.41147709366565244,0.643083764078314,2,FORGED_DOCUMENT,90.77425912419713
0.42708283577330985,0.41589206954274927,0.7109800995278379,31.73579541659968,134.87008928707104,0.3340357312288384,0.0,0.31330943454310134,0.0,0.23065850198226318,0.2634834302028298,2.7408999542963715,0.5555845555237595,74.79280444733993,0.0,1,0.72,0.7763908270644264,2,FORGED_DOCUMENT,98.36006529403265
0.7756579899070494,0.7754843470357959,0.4200062683390976,13.827426424576268,118.20490474093978,0.1496578681186359,0.0,0.607919024603621,0.0,0.06349472229716588,0.1460001880565331,1.588774395092815,0.6867974904829856,61.64631531028182,0.0,4,0.5451247012451701,0.21158774021637342,3,SYNTHETIC_DEEPFAKE,88.70962432995748
0.47121119339623396,0.44547105837253126,0.43201546664888746,19.697303314241047,190.30847262041488,0.25811064302811365,0.0,0.5817193387319647,0.0,0.06,0.3313186323103453,1.9352786675699676,0.5507203672745331,93.7482280244248,0.0,2,0.41114933395147485,0.95,2,FORGED_DOCUMENT,91.59024733344887
0.9398806065915791,0.7,0.25441873523903635,3.6324924462137913,25.1490969004251,0.019201881457489384,1.0,0.9682970745778477,1.0,0.013492864626549105,0.04618635198473307,1.0417432873179724,0.9635033865344378,3.243522831958907,1.0,1,0.9473508453849216,0.9566707847838607,0,GENUINE,3.1949129741369395
0.8860474643586884,0.8528901218911208,0.20185794493291215,4.201326217818226,27.368431390138664,0.020128209688119278,1.0,0.9640777370165504,1.0,0.029562950020913463,0.09649346611705636,1.0182993925516168,0.9452510544136884,2.626777713722991,1.0,1,0.911456613203713,0.8771695888879193,0,GENUINE,2.435566292261587
0.7202205569322521,0.2831570868086005,0.5084457302157698,26.87828087687522,182.46381063044987,0.24102927605055519,0.0,0.43958548575950784,0.0,0.2389764798749341,0.256898741502468,2.991326619631075,0.8284625769341885,94.4704364648549,0.0,3,0.3877025664232059,0.5892392297112199,2,FORGED_DOCUMENT,82.93491593211516
0.40307785632051163,0.42958474589048923,0.6425316268390375,4.0000262902228405,19.4474966417224,0.0325603879402281,1.0,0.9571356568157143,1.0,0.01,0.06628023097591072,0.9641237090411761,0.9391807432557815,6.470433168294234,0.0,3,0.9770579464962375,0.9351296434551923,1,IMPERSONATION,89.56461268319194
0.92,0.6136409151352611,0.3649344247164691,24.30626136423883,94.2530251637697,0.19145450635093286,0.0,0.6401331374954905,0.0,0.03,0.3216836565434202,2.1950052201937846,0.862980526424446,50.171241018231285,1.0,0,0.5904263948800378,0.18260578975181496,3,SYNTHETIC_DEEPFAKE,88.1290626933375
0.99,0.8746882677875828,0.12763702045585812,5.419499886856399,18.022836393750808,0.01,0.0,0.9699059602249678,1.0,0.019946325276065185,0.0821309477257667,0.9302433314999633,0.9033672590960864,4.401459064090688,1.0,2,0.9882643261945565,0.888913285736414,0,GENUINE,1.5622765795582625
0.8526749385213078,0.767135683442703,0.21283429029510506,3.1183706800488906,13.50583571421853,0.01,1.0,0.8809209639723261,1.0,0.03193038584594708,0.04701921367659636,0.9878007472706405,0.894613844334843,1.8751635552426957,1.0,0,0.9847916140296075,0.9971017889907834,0,GENUINE,3.66855343002858
0.9190696876391388,0.8721015129214149,0.1652814615229077,5.535433598594472,10.166650674961524,0.042078776682977985,1.0,0.9426284235615824,1.0,0.0,0.05609272592696102,1.1326296559324147,0.9586627160658525,1.2985288100234373,1.0,3,1.0,0.9060308699856742,0,GENUINE,3.320439569156946
0.7551868063745101,0.38,0.3748610395785621,20.26394348111426,95.96534002665017,0.1453580321619925,0.0,0.47599205879901213,0.0,0.10011471994137314,0.16106198125702653,1.895220945202448,0.7974842914360384,40.65813772963593,0.0,0,0.7598096969187547,0.2216374544006964,3,SYNTHETIC_DEEPFAKE,91.5004959076221
0.9090532464608105,0.823301682867001,0.16899747788363995,4.148681102706389,22.937271243175637,0.039201157728322715,1.0,0.9910859325303633,1.0,0.018807756437340957,0.06839496957980853,0.9486525681892961,0.8446693585428303,0.23155301247400661,1.0,2,0.9081450209964196,0.9975089804848085,0,GENUINE,1.0094727574823654
0.7134166448370791,0.5709122957912834,0.36297917761221127,10.6774243168298,105.11586957346876,0.2263553683470449,0.0,0.7961190186924516,0.0,0.14343127777352066,0.1,1.8261500317862593,0.9361046458698725,58.684106233554594,0.0,0,0.6959601199771475,0.2898388513074055,3,SYNTHETIC_DEEPFAKE,85.3709132848159
0.8244508490111453,0.8570949698082586,0.09588163306138214,4.746258341980761,19.558923862175753,0.04164659773434175,1.0,0.9342273617290778,1.0,0.03195336118002816,0.06828043918436409,0.9251555127243865,0.9905938259447264,1.6736332261677194,1.0,0,0.957539029552389,0.9507846663077596,0,GENUINE,5.88215308991705
0.5717823499410825,0.5549791947847404,0.40616464854594125,31.196916521984594,136.53891601717368,0.30150229135867934,0.0,0.3243795968526534,0.0,0.131470671325379,0.4195107489107548,2.226170103929375,0.639635898523305,99.0,0.0,1,0.35467623041181395,0.95,2,FORGED_DOCUMENT,91.8653147454527
0.8121932579105071,0.49379022537063094,0.472011562009679,11.014594596351888,118.04768110920908,0.209000779587399,1.0,0.44749473701025044,0.0,0.12315325147440599,0.22443748686438278,2.3494352437349693,0.7577781609494131,43.58591450758192,0.0,1,0.3,0.20588472661176196,3,SYNTHETIC_DEEPFAKE,88.60006299605082
0.8243247220329012,0.8086527806680603,0.12133300803920273,3.4682122932958963,26.651497217706968,0.032916424889285985,1.0,0.9704502521773838,1.0,0.011021699335743707,0.07693286862868963,0.893878814814769,1.0,3.1227649034846077,1.0,4,0.9378757279321235,0.92796072785847,0,GENUINE,4.6200383513313215
0.8196809976660014,0.6037485052651217,0.5724352595316979,20.943327160591068,92.15998221070957,0.17988675108096727,1.0,0.32133786328699554,1.0,0.1046737653363291,0.3110785452540307,1.450906071956289,0.7697239984234918,49.67325997845151,0.0,1,0.622960489109538,0.18189269874555886,3,SYNTHETIC_DEEPFAKE,80.62102656907547
0.6351075838216071,0.5409055063344257,0.429694437339277,16.875500218866083,150.57968654196173,0.2624886957595716,0.0,0.4561112178301878,0.0,0.2000774463902903,0.24309190771410646,1.1812242494372394,0.5630535245514421,50.19281141212494,0.0,4,0.699595950932625,0.18111871396828522,3,SYNTHETIC_DEEPFAKE,96.98637299994634
0.7931476754011489,0.672394729170552,0.40505780649535705,8.900021967963163,138.52394683348393,0.16758970819558935,0.0,0.8,0.0,0.1446076788649486,0.18746235016875404,2.470409534436275,0.98,73.70829938499105,0.0,0,0.6934122049757556,0.1653046128312567,3,SYNTHETIC_DEEPFAKE,92.23951867175357
0.8908373784244132,0.9175367407629904,0.09675844235684969,3.9304541595528626,19.134581882166565,0.05841333431426143,1.0,0.9531983263335191,1.0,0.026530483110497608,0.07205374930925423,0.85,0.9784315621725267,1.0219273043114692,1.0,2,0.8962423836372609,0.902347860111894,0,GENUINE,5.841384021584575
0.40844542639202797,0.43751694461851093,0.7334553866186126,2.411773908519959,23.21911947761738,0.08530035700213885,1.0,0.8671651637058079,1.0,0.01665794750458676,0.07165964489817842,0.9248072011339133,1.0,4.541245530337118,1.0,4,0.89467630139763,0.9196834412537193,1,IMPERSONATION,94.41164806231409
0.8924974675588295,0.7839877122936558,0.4021042535352124,17.81785422126145,50.0,0.23575063484583983,0.0,0.4273055088678695,1.0,0.08491363267020563,0.21413944375611138,1.657198204219594,0.7010600848831172,62.221953154815616,0.0,2,0.5218411365308725,0.3638243170766733,3,SYNTHETIC_DEEPFAKE,80.15216636728638
0.5107680545061741,0.40736662699898174,0.5050172911470994,29.610427263842624,102.6543262476472,0.298413225760576,0.0,0.2818449378474383,0.0,0.13317724557895497,0.1967718199923958,2.2825794829348247,0.8130602267571758,90.1992015165518,0.0,4,0.41839150371544787,0.5571151452747809,2,FORGED_DOCUMENT,87.23479555361769
0.21470107030732266,0.3945456476612889,0.7697778592877208,1.495530178775609,18.888402862521716,0.07869543041221869,1.0,0.843564198372168,1.0,0.034633603655763054,0.04529811862499336,0.965616323472591,1.0,0.1605799341915226,1.0,2,0.8004066544522461,0.847120858982566,1,IMPERSONATION,76.6795209608239
0.8176548014242375,0.8549773898505748,0.13834368721868714,3.332161251447838,8.140873928819417,0.01944804497175142,1.0,0.9454231552762385,1.0,0.02939674248027902,0.0748582676480026,1.0529309145249495,0.9270146705340149,1.0405090049721846,1.0,1,1.0,0.9493355863069636,0,GENUINE,3.9354531062557556
0.82,0.47027360535442386,0.6534472816039789,35.86520777183327,231.22362020181862,0.2786558947217808,1.0,0.16033616769908127,0.0,0.23253472227680144,0.5216550908156854,2.0030785171596035,0.4958784873107256,63.88510627651423,0.0,2,0.33508442469075744,0.9483021531665992,2,FORGED_DOCUMENT,100.0
0.1,0.5459141823622305,0.5899756529500891,3.58136989522514,10.360862677685516,0.08915791030321901,1.0,0.9286057362222395,1.0,0.0635635984424974,0.07708122272474888,1.0527399693576143,0.8046894811088587,0.0,1.0,1,0.9003976795852394,0.75,1,IMPERSONATION,75.18687387435031
0.8987397749235029,0.8185282938312383,0.1312512376286043,2.5672210224257555,27.112199097216873,0.03314746560625058,1.0,0.9386546708815428,1.0,0.025731985785031625,0.03996290591714255,1.023231303797542,0.9338352211926243,1.4438789612415917,1.0,1,0.8783750885044003,0.8736377459859546,0,GENUINE,6.123912859452519
0.6821826189019032,0.6227955852366241,0.2687042351092382,8.565172179300243,82.1487452754204,0.14783474668772148,0.0,0.595783823067682,0.0,0.12735295541513275,0.18343000511922627,2.2077991522665976,0.7456173610536059,52.51748074142429,0.0,2,0.7089870583205526,0.17457956105652797,3,SYNTHETIC_DEEPFAKE,80.70885667638217
0.7509855288794484,0.5601256362430971,0.2867861518263881,15.807714450283678,100.68876777560061,0.2607937042887336,0.0,0.6842069965009652,0.0,0.08391749529978262,0.23489306826965747,1.863678946797251,0.5841875478986386,44.23683001652084,0.0,1,0.5672974374810801,0.2981586246129565,3,SYNTHETIC_DEEPFAKE,93.05241316226741
0.33806646866825507,0.15,0.6193814316892482,2.91267595234256,17.62988792658028,0.07688731980855255,1.0,0.9135533070923451,1.0,0.01607077820426623,0.154567981035494,0.9793038612943372,0.8871358557290057,2.937592809194466,1.0,2,0.9174051480100577,0.8472817868565594,1,IMPERSONATION,75.2010545965908
0.7207616222089303,0.46496505371189784,0.5606715261759614,23.70369241859325,201.41729550239742,0.32309927405407596,0.0,0.35023181978707313,0.0,0.20464173801524965,0.15,2.7775460772099643,0.32445670759217543,70.00360633596043,0.0,0,0.2575806291151297,0.7480595457784592,2,FORGED_DOCUMENT,95.64372238288753
0.36706391441870934,0.5409637602750829,0.44948948747469164,34.88354148775159,228.02401069357836,0.28206848374984766,0.0,0.4063082539809032,0.0,0.18770485597928227,0.5031038343457933,3.2549857164241973,0.7402610260257345,66.21601340611063,0.0,3,0.32970342036211986,0.7648511615765426,2,FORGED_DOCUMENT,95.02113849769127
0.8052417078652032,0.7818644945412785,0.33539350935703455,19.770433468661153,147.21674569462516,0.2956049558523087,0.0,0.4353283745485683,0.0,0.08063889351797962,0.2687222217924784,1.8309823259184554,0.9059501626374183,56.46117680649265,0.0,0,0.5344964265028537,0.13887918157621218,3,SYNTHETIC_DEEPFAKE,78.67519839833041
0.8001941270341311,0.34749780773963557,0.6488155309773016,26.004039255704782,204.66366922048678,0.29158291916251566,0.0,0.090509267785776,0.0,0.1832332926104172,0.17188667785127712,2.330390759370706,0.7088543926938163,60.94642568103018,0.0,3,0.43240350574450437,0.6036405733297697,2,FORGED_DOCUMENT,96.2684127789941
0.2729504048286834,0.27979207723447386,0.7823822916795441,2.273171386625914,21.16887772601907,0.1309341363096002,1.0,0.9688430478399994,1.0,0.01,0.09394508397822186,0.9496386587097833,0.8648690704681267,2.1740883644807028,1.0,0,0.9003955308035018,0.8829612788202464,1,IMPERSONATION,82.86731921502611
0.39689323883144795,0.58,0.623356320991419,5.252823378088941,32.708156068650176,0.03311000001084012,1.0,0.8908645932772995,1.0,0.01,0.14111926294558047,1.2595144837470658,0.9145696195187015,3.408578490708345,1.0,3,0.8836885296637011,0.9166996288299454,1,IMPERSONATION,96.58523523710528
0.7251945307587794,0.7541192169266738,0.3767150650298451,13.687729231453812,148.90479220505517,0.20089600834775687,0.0,0.4276390686413206,0.0,0.06961634676061196,0.22396368693176522,1.7013266529646351,0.8297515882361824,72.11213316575773,0.0,2,0.5227936524208721,0.2583624691499251,3,SYNTHETIC_DEEPFAKE,88.12150693994153
0.5317731413324982,0.7989301066304594,0.3228758129115794,19.034262730936025,96.38811741574158,0.15225229782627173,0.0,0.3208063918193309,0.0,0.09561488563964116,0.3548978168831588,1.8287126563454899,0.9055694420242004,37.96976818133945,0.0,4,0.6072585730671279,0.06357717724708783,3,SYNTHETIC_DEEPFAKE,95.31419003099055
0.9097698943358762,0.8530987581344379,0.1595769649722415,3.128309031685421,17.336303597344077,0.026733913564509656,1.0,0.9037034188187437,1.0,0.026197114459661365,0.024914022741284965,0.8729091242812401,0.9106614042902355,1.5735862272988201,1.0,3,0.9347816052384254,0.9341877809024101,0,GENUINE,3.742015204445187
0.17022116545695207,0.4056632317220815,0.8109144985161978,3.222708780351368,22.54878683383088,0.02,1.0,0.8796694885249973,1.0,0.03681763318923121,0.1097486328159925,1.1633923124937282,0.717475895140221,2.586130321730514,1.0,2,0.8519631333823227,0.813839853809591,1,IMPERSONATION,71.7452468916918
0.6734163027475791,0.522287847921889,0.35361512122168565,16.221717798918434,198.26705572058685,0.20644362586077158,0.0,0.378715409628752,0.0,0.25306509358704704,0.287038303153941,2.3348920237967623,0.6833818473957569,77.28708899082707,0.0,2,0.3618686495366933,0.7619002007118154,2,FORGED_DOCUMENT,90.71891593935764
0.528994361862624,0.552465937371263,0.49852972050557276,28.08868578386216,182.92507128734795,0.339251123908681,0.0,0.42473005972880573,0.0,0.14938263778037683,0.25050086821952977,3.2357820390602643,0.7370538273794148,79.02847562878324,0.0,2,0.41254203250808363,0.5779498275251371,2,FORGED_DOCUMENT,98.86806166690435
0.16834469923242032,0.4452427732440357,0.7484181469362978,5.71667860716653,40.67397517850351,0.07250143047776748,1.0,0.9161550274058695,1.0,0.04118865690816152,0.025759509136022977,1.0439869020049202,0.8808906074173876,4.55905088865612,1.0,1,0.9613744847377931,0.9401614837560907,1,IMPERSONATION,81.3184349869293
0.8455884718041272,0.4008894510504848,0.376575945353365,14.085273651455212,113.30412364355941,0.09257072640069226,0.0,0.5606710619960786,0.0,0.20075914415663976,0.2611928636024995,1.8064062487262702,0.8531035669469098,74.1295550611146,0.0,4,0.7620387815530859,0.16937986877697972,3,SYNTHETIC_DEEPFAKE,83.23764646425795
0.25,0.6095042672423896,0.3784531573979931,30.29268149490803,207.0585173362917,0.26409712150171744,0.0,0.2736082447892382,0.0,0.23450779220080525,0.32358634155637916,1.7664456679185965,0.4556093330494396,73.44400591543439,0.0,2,0.4345562690814886,0.41954049963020307,2,FORGED_DOCUMENT,87.6545490727557
0.1,0.4328286652066285,0.5638625048502143,2.9921217915016927,33.386893901043976,0.06214729632890185,1.0,1.0,1.0,0.041154780393293684,0.12519889661562683,1.1582899018155384,0.8627711275766925,0.1178852147425391,1.0,2,0.8906532445878248,0.8297574201940496,1,IMPERSONATION,72.86390265013632
0.52,0.22554281364210266,0.7686705535585734,2.163054484454348,23.4193399077156,0.06944188409578586,1.0,0.8427700310535466,1.0,0.0335260139808126,0.03926513747461927,0.9752953356090446,0.7606847769212872,1.0941529083537271,0.0,1,0.8877147753091915,0.9998906231889344,1,IMPERSONATION,84.91410705855952
0.8117315704207819,0.8866376511831411,0.1337206321423439,3.4249806071891955,22.1601390187067,0.030617172698418037,1.0,0.917155545136647,1.0,0.0251651728439791,0.06945993090666001,0.9824506113647783,0.9791176422045893,3.222675561791926,1.0,1,0.912165543194209,0.9478007542679641,0,GENUINE,3.0354448027009777
0.8367556170174032,0.6862498281379366,0.36746584912536073,11.476784485235438,52.63704336773533,0.14311743096706933,0.0,0.21712505073328336,0.0,0.15324624614540697,0.17905542550417927,1.1264128605494976,0.5798461212588182,54.021581702124145,0.0,2,0.5431372831123011,0.19467831887970524,3,SYNTHETIC_DEEPFAKE,84.23835618669357
0.5020647868675927,0.3432577632338635,0.6101441991591903,2.890592558014109,18.387274774023368,0.07770979873325036,1.0,0.9622920849078243,1.0,0.03172469750594393,0.05262873854297168,1.1325749657687096,0.9906525735306774,5.224222758067469,1.0,0,0.8375437295460124,0.75,1,IMPERSONATION,80.88117135220203
0.7604603933799015,0.8007731568555659,0.4767455574833534,10.881626951390144,141.53285814102207,0.2614686023648821,0.0,0.45649988594663177,0.0,0.11427454337659855,0.2795201333842414,1.4600133533302795,0.737984808371884,74.01296382162572,0.0,3,0.7826961417189666,0.31149374735843766,3,SYNTHETIC_DEEPFAKE,99.0
0.6622671083979388,0.6046653776264388,0.3571811019336115,26.170953064373933,234.428838974196,0.24779179623816278,0.0,0.5407424993425223,1.0,0.20782738200879397,0.3879138581538794,2.291744946596525,0.771816817807462,84.49220266072258,0.0,4,0.28334476595042013,0.8398111756921253,2,FORGED_DOCUMENT,81.12060700061014
0.4940380824619106,0.75,0.5230528818490038,16.595551045282434,221.99217981674337,0.4129543816277821,0.0,0.49667821964286535,0.0,0.20556124427326183,0.3954621246882415,2.8428646612554234,0.3766489038757264,58.42590886338805,0.0,4,0.547103952412905,0.5724278368239117,2,FORGED_DOCUMENT,92.62118650633172
0.6374440725513679,0.75,0.6675172830289569,22.03642729294992,239.69780622603858,0.1956967362125964,0.0,0.46105160049341376,0.0,0.12780656729794784,0.26687319033455625,2.1291059229464047,0.6396727164125662,74.96794380281142,0.0,3,0.25181182615811626,0.4055035366328848,2,FORGED_DOCUMENT,90.23402759253027
0.6343295019177,0.6199163374452099,0.3788481197116024,17.89914114618842,64.10381664093521,0.1543248248591383,0.0,0.2,0.0,0.1319281336464721,0.12860251135370204,2.3523779970315237,0.744839649444036,60.95186684928813,0.0,4,0.6973094960198376,0.14670337800757133,3,SYNTHETIC_DEEPFAKE,82.63760545030335
0.7944112669164669,0.8736615861212599,0.2487285598476743,6.158041716710557,6.860532688380541,0.024747460715696966,1.0,0.9650597816157988,1.0,0.018627089963207298,0.07802643129387249,1.0154597344713163,0.9308468363081172,3.2686355985574047,1.0,2,0.9617395476496974,1.0,0,GENUINE,6.383973539088448
0.7295045223463884,0.6116001501607622,0.4231555770578545,27.64880634167893,120.39268846502293,0.3297406498942636,0.0,0.22623648625488132,0.0,0.15441152893332322,0.28326229938228015,2.5294671191825766,0.4814118384211027,94.24873220091972,0.0,2,0.5167179062589436,0.9335827613904624,2,FORGED_DOCUMENT,98.59013145785234
0.28533311350665524,0.2377688542668121,0.8018019430329383,6.718537197755742,8.0,0.0859758467500136,1.0,0.9841212412195345,1.0,0.04032110029551129,0.11478033928000478,0.9161299439285491,0.9760395475552013,3.918692671790858,1.0,4,0.9189600303861881,0.97161352614291,1,IMPERSONATION,79.47389907353428
0.6099529486080296,0.5560891940688953,0.33440690246859595,15.291512944506513,103.16428462243297,0.2245767569523299,0.0,0.6477524297815286,0.0,0.13868138098122257,0.2622643240616628,1.4677473825339356,0.8954218360128361,53.18923454457973,0.0,2,0.33696003207595904,0.23415673997918668,3,SYNTHETIC_DEEPFAKE,99.0
0.92,0.710698241682966,0.25770788430580793,18.770297656571593,127.75146210093712,0.24214941377166949,0.0,0.5850136802244138,0.0,0.12296790050451582,0.2190237966828647,1.838970046002667,0.8107436123861974,63.95749147978265,0.0,1,0.7095715671923122,0.24356740967546978,3,SYNTHETIC_DEEPFAKE,75.39411273700242
0.8103332565920067,0.8508753493717797,0.16304027603321491,3.0677814694828456,11.955268413461255,0.04821114490082746,1.0,0.9369803857429303,1.0,0.032457086641696616,0.03557139071892764,1.1925526579008985,0.9576150969070754,5.231348013684029,0.0,0,0.9665855531831868,0.9432679830731342,0,GENUINE,5.697758329658987
0.5040252827461956,0.44239864245635163,0.4281539369055024,21.265901287538295,142.73319900236658,0.24902536331166825,0.0,0.40100429916258656,0.0,0.17447988004188558,0.3329556163589344,2.990844276404335,0.5862503107533171,84.9808789279895,0.0,3,0.5244692245874708,0.7747798939969223,2,FORGED_DOCUMENT,87.72698489535506
0.31291053535247904,0.3808926168319432,0.6870375618524083,3.0570200308187525,35.10444478696752,0.08033622559126008,1.0,0.9243850258874503,1.0,0.037957901869318966,0.0610491180892304,1.1000597889893022,0.7280551063323812,2.4404123593826097,1.0,0,0.9034547261729996,0.872532837096764,1,IMPERSONATION,82.26893203653134
0.33987830367194505,0.281751716827053,0.669881226160879,1.8631506102458801,27.661727254376746,0.047536078482592205,1.0,0.9074702570931997,1.0,0.016155350664488283,0.0854096296501335,1.0560120404796685,1.0,6.017435242108151,1.0,2,0.9183757014864996,0.8775477539964808,1,IMPERSONATION,83.58430438686881
0.9285756661583131,0.8871626019951164,0.1929069535467008,3.6522362775772788,22.115481607870045,0.03108699393940011,1.0,1.0,1.0,0.020348879470894084,0.022489782208625148,1.15680793504886,0.926295069419748,3.776686147570357,1.0,0,0.9889542367417037,0.9178878794660343,0,GENUINE,0.32604733963710064
0.7487084725118519,0.49533025998443136,0.6895501088550223,19.43476936051292,155.47227585833582,0.36273223981774977,1.0,0.308507825402335,0.0,0.09313549606279932,0.3705324780084581,1.5741949716261172,0.836320139406319,81.078918197116,0.0,2,0.3732412219744631,0.6728125257604152,2,FORGED_DOCUMENT,90.4025992955463
0.479835705351884,0.75,0.4197932529792783,35.28934499220074,183.56040065586208,0.19384485978678923,0.0,0.28412452046588155,0.0,0.08111161932551579,0.15,2.6449267439409745,0.38863323747264095,77.65880205668307,1.0,2,0.4635564701441369,0.95,2,FORGED_DOCUMENT,96.43371311254741
0.47858249308907114,0.3272289405033751,0.5721965767208277,23.62210158237868,211.03633886956487,0.14,0.0,0.39327934622687166,0.0,0.18435056342600087,0.2764255545258267,3.2144917737998226,0.3,77.28474677105417,0.0,2,0.5499911113159835,0.5470201981367038,2,FORGED_DOCUMENT,90.78801295850154
0.8014271893834113,0.426936583519332,0.4883025785202372,8.0,146.3493097365116,0.2160407329773247,0.0,0.8,0.0,0.1580159657879712,0.21643765572675733,1.6557145121881949,0.8725624171413382,69.2455559534371,0.0,2,0.3710224775583475,0.23661486790536618,3,SYNTHETIC_DEEPFAKE,95.87998530842091
0.7079464592453736,0.5627293127104998,0.6628226946896122,26.486522740936906,147.43517061083014,0.2255988185424894,0.0,0.5008383098393042,0.0,0.265072817933352,0.4047099738543185,1.45,0.6015646556066171,64.08395548345996,0.0,2,0.3687124918895361,0.7827172223015024,2,FORGED_DOCUMENT,91.0768090080227
0.8460117699638742,0.786113479703746,0.14772265216065966,3.0254905952065365,16.558944682498183,0.03838240854217747,1.0,0.9998573841426438,1.0,0.005688037774213728,0.014576056696902734,0.9558026337698166,0.9110673940483903,0.0,1.0,3,0.9744574610253122,0.9600526659295241,0,GENUINE,3.6217476426757518
0.821225938418386,0.7596667689831144,0.4660846828257383,9.153646269055296,120.0656894674363,0.1498747528887091,1.0,0.29501720928273584,0.0,0.16603752340819347,0.28104506744108554,1.3390222127564528,0.7003356554785978,55.90884119013402,0.0,1,0.5898632793754943,0.1070615637847262,3,SYNTHETIC_DEEPFAKE,94.06323066199505
0.92,0.6808575470586609,0.37818454614634517,13.886801338592901,110.15457176415677,0.274676050965805,0.0,0.6452431623196657,0.0,0.09788071178041838,0.1984779990155079,1.5491869888966314,0.8886873982858564,79.40901123731649,0.0,2,0.4881688741604927,0.13815957922463562,3,SYNTHETIC_DEEPFAKE,89.41244436198377
0.8117812327749807,0.8676114728138041,0.12216528624150375,2.7935959569384687,24.73465860509871,0.05060186238175254,1.0,0.9683396044343171,1.0,0.03053326239409584,0.06012069444924077,1.0728263258030373,0.8914762988034716,2.2190437303076647,1.0,1,0.9212006970667996,0.9577971829524391,0,GENUINE,7.714282627539568
0.5586571444475522,0.5470114416819647,0.663428988513632,25.09425904467128,156.70329452902521,0.2965997497156993,0.0,0.4491582818290304,0.0,0.24956558006368587,0.5136431045561888,2.9368239692458404,0.7384817788635221,70.86466850236704,0.0,2,0.464975177600766,0.7931253787927548,2,FORGED_DOCUMENT,90.85143074251924
0.3220261676957955,0.15,0.6688676129439396,3.640886633956966,25.935272139417922,0.027808343111282198,1.0,0.78,1.0,0.026407605571887333,0.08348965751282439,0.8559853895947912,0.9118449739882404,6.805499407028451,1.0,4,0.870611941820447,0.9091738639809183,1,IMPERSONATION,88.40835723633239
0.8429264518760572,0.7756753262227962,0.261814981042412,5.461366925816465,18.246791634127742,0.07862878302254113,1.0,0.9706385270405383,1.0,0.01955045413227617,0.055835228850670944,0.9775014626623351,0.9746249269042677,3.5739286265258516,1.0,0,0.9381719907561288,0.9194003220497549,0,GENUINE,9.271572310674681
0.3150969513940708,0.5206763552978394,0.4955359420455033,4.5674597853756325,22.568076881987842,0.055974289555224134,1.0,0.8776513744861463,1.0,0.03413435784400833,0.09552236673683583,0.9743897260475356,1.0,3.2591112565030174,1.0,0,0.9126443693976035,0.885952034713727,1,IMPERSONATION,79.86947693038837
0.5405567146387358,0.7453453757855976,0.42557693072412234,23.50886097474929,100.03951314226069,0.1307405002240935,1.0,0.4108417608361067,0.0,0.18450800118829966,0.3462158290345333,1.721683319543978,0.7367964085707387,32.95228938689101,0.0,4,0.6974345757425047,0.21065723793788815,3,SYNTHETIC_DEEPFAKE,90.60574876789438
0.868228711248852,0.8030199475265815,0.050992477047250614,3.197925314085346,18.070776727612923,0.027133512084706903,1.0,1.0,1.0,0.010363099431481667,0.07557247776102295,1.0853626887986965,0.9537704559465521,2.3010352836113124,1.0,2,0.9558319539483898,0.9605420324781914,0,GENUINE,7.410239484870293
0.5456332829171547,0.42593632573840184,0.4590994525642746,27.461838432744965,205.7088724256803,0.3591530125586216,0.0,0.4244378227585805,0.0,0.18126514313965647,0.5322461846779525,2.445159180002427,0.5584966037503412,77.68575024895682,0.0,3,0.5537464046690059,0.6992035205003387,2,FORGED_DOCUMENT,90.55280254819723
0.760315306972271,0.5667790609589477,0.3432178807085938,17.49017120798691,100.36481531297538,0.13828322881472171,0.0,0.42975167332061126,1.0,0.09176182805996758,0.3654701404198134,2.1696697398574862,0.8126611787601148,91.79827149126058,0.0,3,0.5331974465086216,0.2678660747557942,3,SYNTHETIC_DEEPFAKE,84.22011962078192
0.34169737270719724,0.18984531444613875,0.6566913922159199,7.899669558866818,11.211700297179805,0.04710772920207829,1.0,0.9520631783321566,1.0,0.01,0.055448827635161,1.4,0.7406117912385272,4.407886319514038,0.0,0,0.9242902783683777,0.8411459677070963,1,IMPERSONATION,83.93410022799657
0.365172778223645,0.4351389434365227,0.5877447442169865,4.537441727524105,24.56619141358728,0.03071045528090535,1.0,0.9743556099745218,1.0,0.029479729751912313,0.1254444433613086,1.160868835729633,1.0,1.5600384851287887,1.0,0,0.8802811597119926,1.0,1,IMPERSONATION,81.99619792754915
0.48,0.6496717332690664,0.34448604799347976,17.985175611812625,103.8029350305987,0.1848894344637399,0.0,0.381885958486227,0.0,0.1567264609212244,0.37240337771749854,1.4609312203139861,0.6263239474538329,62.32005151723942,0.0,3,0.595988207455063,0.17696358599807221,3,SYNTHETIC_DEEPFAKE,75.11378056439888
0.9076162974989382,0.8636389638189096,0.09901523401455715,4.047634125590541,27.273175632305822,0.04897271529029055,1.0,0.9698679868177229,1.0,0.028403191275848484,0.030981785406255364,1.0518521004798875,0.8704151668279845,1.550679587672812,1.0,3,0.8924307013969148,0.992159430847315,0,GENUINE,5.630015695751182
0.35228379216150796,0.75,0.6252834651047771,12.409766364024014,174.91251517290817,0.2665163267277154,0.0,0.4048641280518957,1.0,0.17152164213141471,0.2536143473683905,1.9677862726908226,0.7578206970053536,54.74784443940369,0.0,2,0.5373454723315262,0.6225399169632834,2,FORGED_DOCUMENT,90.35410807765116
0.9609328208272767,0.9548388961229024,0.13840869153787622,2.208562213228539,26.698837054060153,0.03896269666388879,1.0,1.0,1.0,0.009256946137735129,0.06339742909517321,1.040154400179942,0.8817977109203079,0.9025017623362754,1.0,2,0.8997658574100413,0.8816276121883582,0,GENUINE,5.828362530882621
0.5818449885411816,0.623984923621917,0.5144978366673693,19.494107998511495,123.8878352541267,0.1542729763797615,0.0,0.6086435996909079,0.0,0.06371214274505325,0.2365271701590483,2.6058375319070795,0.9673695297434919,68.74084823230609,1.0,3,0.7850835935999729,0.1894893194221571,3,SYNTHETIC_DEEPFAKE,77.86959650598736
0.5948374435753563,0.5159538958761056,0.2458987417997564,15.728156033982081,108.16541532134048,0.22076589458609652,0.0,0.7220574774815647,0.0,0.0835477658646367,0.12223287460119263,2.1172811871956037,0.8597151418392586,66.05104011377537,0.0,0,0.6953778599930477,0.17525424180194538,3,SYNTHETIC_DEEPFAKE,78.9539149710628
0.9192985350533014,0.9067559051914197,0.10030686625825733,4.304229851473989,13.361010575544807,0.04195340753496671,1.0,0.944894875143381,1.0,0.019053762073507112,0.04234365620774063,1.0076271053725163,0.9001160153192699,0.723954162666161,1.0,4,0.9917209311285881,0.9505796078927916,0,GENUINE,10.150475346886925
0.6964045188353822,0.3768464632955538,0.5440334490239414,19.878719145928162,105.48556786912006,0.3923510132574757,0.0,0.2891751081400522,0.0,0.3077107524292274,0.43794749637332714,2.329991187857145,0.7492061274895216,63.444593018591725,0.0,0,0.5428251543837533,0.8559098375987999,2,FORGED_DOCUMENT,88.43875576408892
0.7478103723504483,0.7941428365580989,0.142763467435714,4.938209844460004,18.7091172583506,0.026328123996701536,1.0,0.9812860073192212,1.0,0.017886639144490075,0.047651982816900806,1.0172841566595925,0.9487154220419243,2.037175597489319,1.0,2,0.9674778597058888,0.9522805249958833,0,GENUINE,4.871480697158143
0.9227577090307857,0.903168252870463,0.10252878366371179,5.521681975597213,15.73954247519901,0.03867224764820056,1.0,0.9704895014189908,1.0,0.004351972286379447,0.025293123657079905,1.1364665208501572,0.9535370472975102,2.061610357147346,1.0,1,0.9212340387989675,0.9757851298527078,0,GENUINE,2.4317665484100957
0.82,0.4880908610107402,0.6898517026064979,30.306154770823994,227.6132726668549,0.3139545495024719,0.0,0.2843082123589896,0.0,0.190360011773505,0.2536595072959984,1.6604738480043493,0.5409928410435018,76.06189290024219,0.0,2,0.4010950099364079,0.5391419425484865,2,FORGED_DOCUMENT,94.33012427772469
0.48,0.6961471472766063,0.2912677812865903,15.751292771718882,84.10951606357122,0.13714546094820412,0.0,0.629483835912241,0.0,0.07798955127509119,0.1433608941751061,1.3713061094531966,0.821703409491631,78.84003784696834,0.0,1,0.496263553321736,0.23168397548669067,3,SYNTHETIC_DEEPFAKE,86.6551155631244
0.3861353606995927,0.4972807004275751,0.5777794384680549,20.860882983260062,261.0703701313628,0.2130314938602471,0.0,0.3896867245626575,0.0,0.1668066226773856,0.1914020464595304,3.1965378226439563,0.5945160197498606,86.02311594908755,0.0,3,0.5607264585432169,0.9068275291040905,2,FORGED_DOCUMENT,85.41401167129777
0.2741986324406865,0.2500532621194724,0.8295556217275415,5.32156372657062,20.92463539372081,0.08089225973696228,1.0,0.8590163013411614,1.0,0.0430108829688082,0.14566923478154892,1.2972369023054866,0.7688928618891668,0.0,0.0,1,0.9247425962468341,0.8905079132069382,1,IMPERSONATION,87.60895328257035
0.6690904793589263,0.6321253160746765,0.5280475188300877,13.988925671800837,88.00008398707021,0.16599111361654464,0.0,0.5205433657427954,0.0,0.24495464746539433,0.2761839481974149,1.399869545773953,0.7198019380827405,31.016803916956878,0.0,3,0.6149354667249601,0.2036969944466599,3,SYNTHETIC_DEEPFAKE,84.97263680658334
0.4803516307820166,0.22988560415094042,0.6752773529543256,3.785497057433674,25.4699974876877,0.06647006312800856,1.0,0.8988472254358029,1.0,0.04975723164813019,0.09836816726398118,1.2176652296692707,0.855168309081959,2.186329062611139,1.0,2,0.8453010960022463,0.9274822331740106,1,IMPERSONATION,70.5229820775485
0.8785537073108499,0.8344661283044512,0.0892740522175365,4.580337889951643,27.904118011756452,0.034033930108971065,1.0,1.0,1.0,0.0367152023540541,0.04591938838037879,1.0013943494857118,0.97213825879222,3.258986664939302,1.0,3,0.8601035462616197,0.9745407189092167,0,GENUINE,1.6430185870039864
0.7803254102376147,0.792003919470375,0.1168607760602817,1.7030562983659214,17.731749762352333,0.058968926997230706,1.0,0.9214213567885552,1.0,0.01916615724725707,0.05371385179482119,1.039732726259521,0.8793636021540785,4.747873858017803,1.0,1,0.9899102733630486,0.9138034139177595,0,GENUINE,7.837651456204423
0.719608992372799,0.75,0.6482951584559821,19.764059566849994,229.09190302264417,0.27422718978994703,0.0,0.35883383001397745,0.0,0.2659934182564131,0.410258554866467,2.1451006647302764,0.8069869932685046,49.33541457939023,0.0,2,0.36803664349904824,0.5739411368244995,2,FORGED_DOCUMENT,85.42107644307258
0.3041924999138725,0.22427770682219994,0.34355438383891396,33.75845977936716,185.72929697678234,0.32009992694457623,0.0,0.42510828179698606,0.0,0.25311685008726986,0.3331396322881376,3.219503613594878,0.7131244917934799,69.85085217126561,0.0,0,0.42034391713560765,0.7049689652401259,2,FORGED_DOCUMENT,92.57963459193314
0.883963856659662,0.6408651274947386,0.36761886124408943,11.930096031173509,107.07295861371757,0.1300100901669709,0.0,0.5499686982486821,0.0,0.18184882641992348,0.2798082107856985,1.4319458304685548,0.8425201486565681,77.23252224427779,0.0,1,0.3,0.2203772768733833,3,SYNTHETIC_DEEPFAKE,88.15389729513458
0.6091656202639777,0.44515275010448313,0.6663109586915976,13.96693830064938,163.04579713327234,0.3156924590369814,0.0,0.513930309003358,0.0,0.17903516116092888,0.24958962760402226,2.334019985745813,0.5649557608207747,74.00634762841132,0.0,0,0.427778547276146,0.6591359711530744,2,FORGED_DOCUMENT,82.42030463723884
0.1940740176895491,0.3075789465010947,0.764781724133738,4.5876386561825235,14.279112541738535,0.02,1.0,0.8303703130253492,1.0,0.036689704232230246,0.12188273265453403,0.9236777550286646,1.0,4.304597711376763,1.0,1,0.9226938899916549,1.0,1,IMPERSONATION,80.58232221125797
0.8820629093354762,0.8418265201552896,0.0710186273722412,3.0904382639641543,22.082435366068154,0.01727100122678591,1.0,0.9765871568579844,1.0,0.010634079937563578,0.06317870709707368,1.128482774015611,0.9373348814250833,1.4723260305359045,1.0,0,0.9488720883766891,0.9652928755104664,0,GENUINE,5.320090490121261
0.4380748360638851,0.23446433223167007,0.8888196398240732,3.7744737221394704,8.0,0.12587349500926956,1.0,0.8413938643076398,1.0,0.03888166285000657,0.04834786096266543,1.2358969843163665,0.9402908935608595,3.538133639560932,1.0,1,0.9894597660676898,0.8806274278455223,1,IMPERSONATION,77.6260210023968
0.48,0.6124404101423655,0.4845795740823349,17.19932002500574,68.31307818370222,0.08356924397562546,0.0,0.7568787444270528,0.0,0.15203731904993267,0.37077288193969904,1.5483402979888155,0.8833235863694419,84.39795005950562,0.0,0,0.5333939311827264,0.3214867285016134,3,SYNTHETIC_DEEPFAKE,87.15815107433855
0.18291447822435372,0.3215447458747733,0.6626226133394049,5.775479328414533,17.111991007282967,0.08389020059246496,0.0,0.8632537012356034,1.0,0.029785149066984096,0.06283851007629337,0.8242821141314829,0.8601636634137688,2.540063707702547,1.0,2,0.804387696631177,0.9455518725946526,1,IMPERSONATION,92.0964269626622
0.7522974178439639,0.45653811792095883,0.2403224288976654,16.41981810106923,96.40276676452493,0.3034948203036154,0.0,0.5879852212055029,0.0,0.11897989464369778,0.20188868830915646,2.5648801682435733,0.8357066946642081,71.01267033233916,0.0,1,0.528353046057289,0.2661533744322951,3,SYNTHETIC_DEEPFAKE,98.15628059848751
0.8511443615973407,0.8661346783562806,0.12489800615938698,4.485094380569386,21.487597324903614,0.04958590712382133,1.0,1.0,1.0,0.026440770744584497,0.05307782222962853,1.0006464513403464,0.9138067945911592,0.9036847692398897,0.0,4,0.8693715925219991,0.9132718650859603,0,GENUINE,5.80240199800774
0.8866959830140908,0.98,0.16498477777755458,4.115895106071897,14.192570642544728,0.07418414308705926,1.0,0.9205367607885045,1.0,0.03309444101402648,0.05782675161689245,0.9364842395137493,0.863694301211063,0.26896012491138555,1.0,0,0.943802857475723,0.9839281268598886,0,GENUINE,3.926458736872474
0.6445230161383612,0.2,0.6787291398255744,25.391562934013354,114.45024435846013,0.2880757576231665,0.0,0.2624389877200527,0.0,0.25206269057581976,0.2827395288375436,1.9414192732120574,0.8776370307566477,87.45107980881282,0.0,4,0.6841373718231198,0.6898311862552509,2,FORGED_DOCUMENT,90.73982784687477
0.6528910363956042,0.3619156372779619,0.5237018400464208,41.34311810931921,129.08461987401324,0.32226159511320845,0.0,0.22576418075528634,0.0,0.06199234546511746,0.42070210445364564,3.671661866849579,0.6299412106016352,89.4884416249186,0.0,4,0.4668099276956458,0.8830702254756634,2,FORGED_DOCUMENT,84.44200177140044
0.5287170619061325,0.3583618803158986,0.4892625148764918,20.75211572697177,192.464738445571,0.3512754379190507,0.0,0.1647223763569815,0.0,0.20238561744532105,0.268700715492304,2.6714163530959554,0.6543004504427982,96.81553400632984,1.0,4,0.7041639509950932,0.719452248698689,2,FORGED_DOCUMENT,94.50248531579082
0.585861910610989,0.7384145239838031,0.5407885840298338,16.007145970347548,106.5965896090431,0.10658174981775972,1.0,0.8,0.0,0.17223424742988397,0.43614015081287993,1.4575790027154538,0.6988542727027722,71.68256889230727,0.0,4,0.85,0.21842325692816691,3,SYNTHETIC_DEEPFAKE,84.12311903868309
0.14256668300090763,0.5288013884127205,0.7172795826455751,5.884247168248692,34.90428589971097,0.037783086649888276,1.0,0.78,1.0,0.01,0.10305198612162039,1.4,0.8712874803889334,5.402232614604637,1.0,1,0.8507498323918319,0.8992411462708123,1,IMPERSONATION,80.68122050513237
0.6205229111307008,0.673352911815323,0.4144871346839595,14.399387715138479,124.8734486222069,0.2639016580260404,0.0,0.4439451931937791,0.0,0.03,0.243806353372223,1.4052905527305892,0.7595946118060191,79.54550062691398,0.0,1,0.48912267982419677,0.35363144840862926,3,SYNTHETIC_DEEPFAKE,90.71502433141137
0.437263557975123,0.3068464920665682,0.5511997271505871,4.094955334787933,19.219997602352716,0.03473112849689794,1.0,0.8159857862947129,1.0,0.01,0.03454499333184571,1.1147472107416385,0.8275172193407476,5.723262948282104,1.0,4,0.9250074878625414,0.8793577479707892,1,IMPERSONATION,75.07879072195283
0.9368790471914189,0.8405423512966413,0.16271291398704982,3.3534941102564537,5.0,0.040409860258520496,1.0,0.9083408110760184,1.0,0.02362318458735559,0.05675867441269325,0.9949601352629914,0.9825477237113425,2.83934323087613,1.0,3,0.8952177709564635,0.9204393251991541,0,GENUINE,5.32902670681564
0.9547651115498578,0.7048626837314295,0.13286562029598256,3.3542709608050503,10.054929831693073,0.024443666248182495,1.0,0.9491432708630099,1.0,0.019304101770869896,0.06871356786294923,1.147155509499416,0.9560836032021618,0.8064223431741562,0.0,0,0.919019189348809,0.9695749824491167,0,GENUINE,1.1446804777701365
0.2785490573216398,0.25141209987662505,0.5169524137593452,5.277617546664945,23.784162423697303,0.06031463948021626,1.0,0.8359966077701972,1.0,0.04067252849632952,0.021817543790211023,1.0514212215569945,0.9033099564990867,4.154150436106615,1.0,0,0.9192789125941976,0.9538315642048616,1,IMPERSONATION,83.18019864952569
0.8791838299332807,0.9520150990789714,0.19212249624530722,3.364741172504084,27.99672352473255,0.045493621479857055,1.0,0.9307789133064637,1.0,0.02459497306070692,0.0517214572998735,1.0838783079448209,0.9383616149711107,4.882066234104372,1.0,2,0.9433338828397296,0.9852513912573106,0,GENUINE,1.7663831465013096
0.8943085904798347,0.86,0.22695550052362476,16.33610172453592,118.73322192531316,0.09954819842851323,1.0,0.5376018025743825,0.0,0.08151107339318636,0.25553276765559974,1.432978832663226,0.8254175307719483,75.411583302239,0.0,2,0.6178217037216307,0.17888512792295572,3,SYNTHETIC_DEEPFAKE,85.38358409172181
0.6007696875701994,0.5751489346625234,0.5039018844708211,19.64745811294447,163.4913594324831,0.4111471521686428,0.0,0.38104224175156465,0.0,0.2647171860092447,0.4005217596677052,2.393671793396462,0.7113409821677364,96.61508029922493,0.0,0,0.3470374365379439,0.717778771416508,2,FORGED_DOCUMENT,86.56099309831173
0.40655271580457253,0.4417729586904608,0.6030939511653057,24.535505624327442,158.3898792438933,0.2681128392034046,0.0,0.2647974747669777,0.0,0.10743188803401192,0.41723966265015994,2.4899777000051344,0.5324768056352954,74.08112604107485,0.0,4,0.6200940501451992,0.6359342257035522,2,FORGED_DOCUMENT,93.84121855569396
0.8130971509052692,0.6094635057245295,0.4357117082132636,11.197677012834836,88.71225095201143,0.17672901832919402,0.0,0.4995412741094063,0.0,0.15733711214054377,0.26999552068477556,1.7572589559668204,0.6753571323853829,74.11000424741312,0.0,3,0.4703127545760889,0.2182975695874177,3,SYNTHETIC_DEEPFAKE,87.67635734238353
0.8417313453612414,0.6846478816056434,0.23268430165459184,16.47641202244476,83.80024557243185,0.13567484492959372,0.0,0.2766889162693252,0.0,0.22600715670814225,0.12207612866056572,2.1069488644905903,0.8716488507462999,52.71192516451187,0.0,2,0.47153902604269365,0.23620972766847598,3,SYNTHETIC_DEEPFAKE,96.16067206304088
0.21842289370587137,0.37220041012198946,0.6498349724096254,1.5832006670909191,16.477790134102364,0.05449379033950603,1.0,0.9131029441104895,1.0,0.02795793882217122,0.08150212306642252,1.1400962457509756,0.8169538996877063,4.412711946265393,0.0,2,0.8879755212389091,0.9225662287609133,1,IMPERSONATION,80.25652722762773
0.8342874622616945,0.8769828842523468,0.07326063354524301,3.25618042924453,13.42272028827359,0.0576646515061796,1.0,0.956565828846034,1.0,0.021477559074001285,0.04593638526758239,0.9427682157277165,0.9675128596934272,4.407286221480908,1.0,2,0.9520784360068706,0.928103699089325,0,GENUINE,8.871508047907506
0.8814250889198648,0.8720945183676867,0.14824015307687582,3.8678707395070013,19.652542283795896,0.07194225445041622,1.0,0.9720065691122111,1.0,0.012154881061866976,0.04283581599018442,1.1101863437017887,0.8764376559442536,2.1598758590526614,1.0,3,0.9141370846302989,0.9067380798554242,0,GENUINE,8.417854087681413
0.6678602351791952,0.2451130362807757,0.5241578124111623,21.8990363115714,207.15453787605537,0.4725220694865767,0.0,0.2605097402898589,0.0,0.06,0.33348551484332195,2.8221134606142706,0.3,82.22658063592459,0.0,0,0.5980765257300072,0.5922158626593714,2,FORGED_DOCUMENT,88.34394350659332
0.6730038900756943,0.6330455225492073,0.4387490895533159,21.935563636208585,137.0870922856774,0.23476764578771311,0.0,0.6583360938221894,0.0,0.2302402513358698,0.3287775665364785,1.727607008822643,0.8208437610424504,40.98473569511145,1.0,2,0.5636227891998498,0.23972491060601953,3,SYNTHETIC_DEEPFAKE,93.9113926122065
0.639065268415765,0.5134856273973568,0.3639117915535197,34.33963139957841,242.23632365400647,0.17934421679784596,0.0,0.39657874121238557,1.0,0.2537317195749309,0.5117093839688863,2.863202737828436,0.6642402102665204,73.74250364368385,1.0,1,0.5018561845213412,0.739657379707741,2,FORGED_DOCUMENT,92.21400964601827
0.852210318274876,0.8212001375018798,0.20769503671278736,1.5563099603654953,16.168875348901945,0.04380847779850115,1.0,0.973476561638551,1.0,0.0,0.03683503175332303,1.0653508712554467,0.870885298287266,2.588476332384396,1.0,4,0.9578749000321078,0.9211834057278464,0,GENUINE,2.2942937300067126
0.5210064463848709,0.6525092243534283,0.4052051641470765,22.08139403871329,175.29332100221254,0.43607313370190615,0.0,0.14599582222106605,0.0,0.1687000471377028,0.5343784132467725,2.5751069973343843,0.7181995944097269,56.0039887509202,0.0,0,0.492020071186261,0.6600651392417421,2,FORGED_DOCUMENT,84.58844239060416
0.3677780445860434,0.2770585647230378,0.5831695554148166,2.5152074236869337,38.36523638141723,0.0759102870501174,1.0,0.9382695321008088,1.0,0.027668573070933424,0.08856675764527,0.9335069526204667,0.8928215085934061,2.652332923587034,1.0,3,0.8640633305781887,0.9395343385019905,1,IMPERSONATION,86.94915986809447
0.532367676776343,0.5783343465871525,0.5929505381315974,26.28239076363491,111.04889806258763,0.14,0.0,0.4777195241087784,0.0,0.20431420058337502,0.301165534772175,3.0475704227238225,0.632537743432519,91.1054632656289,0.0,3,0.4063721265662551,0.8225467140933339,2,FORGED_DOCUMENT,88.44611404047764
0.44467956495339445,0.5080209325512937,0.6125827037051343,24.44278707139472,171.6018958003446,0.33809020170802995,0.0,0.20493595897771025,1.0,0.2694840941159151,0.5467736881080837,2.5241989139859706,0.5308379452133041,62.46904916924444,0.0,2,0.5585570391389404,0.664462534804871,2,FORGED_DOCUMENT,90.92514790984524
0.42983869186299783,0.48078961188228575,0.9037418221649905,3.50938961775454,26.7725787590684,0.02455935106251464,1.0,0.9081649615788621,1.0,0.022890166741715973,0.02,0.9772472335597404,1.0,4.320859774501805,0.0,1,0.956145559777345,0.916094979489455,1,IMPERSONATION,89.3524831411608
0.2480268737923701,0.45960093057487394,0.7411968646778639,5.6364301430905,12.698416204713267,0.023345347243789873,1.0,0.8997885095477269,1.0,0.050858783589739553,0.030626699640929622,1.0005593418559025,0.8927371764873538,4.208943838062495,0.0,1,0.9482738989755956,0.9609042151835239,1,IMPERSONATION,93.61310218639088
0.28402062385506816,0.3504480026980784,0.8192379578648542,5.194468557142533,39.46035894114438,0.0927973606107019,1.0,0.9112396125859502,0.0,0.02423487460012374,0.047016224027812685,0.8842463121553947,0.9072652499978177,4.753888327206358,1.0,0,0.9548440716949543,0.876795042819034,1,IMPERSONATION,83.02235511875969
0.9894094881579665,0.8333469473761577,0.07695203728588243,3.021903709996592,25.326834936187225,0.028179736529457867,1.0,0.9653596644303873,1.0,0.024350843979662737,0.06179562951068677,1.034691627663793,1.0,3.024328152437592,1.0,4,1.0,1.0,0,GENUINE,1.2599496693680994
0.4411287502859945,0.448030863162704,0.7507376688978915,5.083247927312922,23.335740986673304,0.10382040996387411,1.0,0.9772747748663707,1.0,0.03735394506449757,0.18,1.084284864416638,0.8913591560460474,6.0137560633498435,1.0,2,0.8733248729286198,0.9520930143119242,1,IMPERSONATION,91.39229206595128
0.7265412587108586,0.5077326791762087,0.4492228277994062,26.900069738069778,170.55032943303323,0.3380270857000981,0.0,0.2840036153943775,0.0,0.1608008999863242,0.3419393875060648,2.2184129914069457,0.3,99.0,0.0,3,0.5798200038608958,0.5831823593727791,2,FORGED_DOCUMENT,90.48980899590768
0.8144062241166901,0.7607010555925786,0.3971710943018109,8.929850856893651,51.955760944975644,0.3149685994125109,1.0,0.40272266507850035,1.0,0.0736963986154761,0.2596530593101799,2.020161191331971,0.8544548351067854,90.39069652608006,0.0,0,0.4817753554827582,0.3736258609775054,3,SYNTHETIC_DEEPFAKE,82.23714759268792
0.5603909327380328,0.5345876179694208,0.7673171795390932,21.08968804987952,166.78151869478748,0.37669487225282194,1.0,0.1859851944691679,0.0,0.21289572160370016,0.21136356773968562,2.5448147390836935,0.4732111192201459,63.08078503213565,0.0,2,0.5785328104756068,0.95,2,FORGED_DOCUMENT,82.58136153344333
0.9114256130467407,0.868999504566066,0.1628981080790829,2.5765260419361367,8.368626099261894,0.06284320056505724,1.0,0.9396441199390577,1.0,0.020756722940472355,0.03952911237426286,1.0162643158758062,0.8745317615179694,2.5433135847235153,1.0,1,1.0,0.9002216640064866,0,GENUINE,0.0
0.2569359952231184,0.5251014991248496,0.6498293494971622,6.790988544022353,37.49269061477227,0.12341051605870659,1.0,0.8473135091573707,1.0,0.018981368622700015,0.095118225714511,1.0248768257158856,0.9139496207073562,1.6296075857267052,1.0,4,0.8779283446037531,0.90647579162875,1,IMPERSONATION,72.15132614735413
0.5548807046556038,0.5003366627567103,0.28,24.60822174874456,173.71892047115483,0.31122789991167615,0.0,0.39695898486725173,0.0,0.1457856068560615,0.20078842329168062,2.7322309621447194,0.8029899463304726,88.22586958653864,0.0,2,0.4284631127805258,0.8883917834050189,2,FORGED_DOCUMENT,84.06149025654453
0.6772877688641075,0.44052344874128363,0.45725270052480094,14.793850223889565,208.78452922050334,0.1585180963816481,0.0,0.34782854822612785,0.0,0.15058158617162457,0.34002183761082255,3.0910543977711495,0.8230475911820883,88.33340014096451,0.0,1,0.38828959140891234,0.8676550569622514,2,FORGED_DOCUMENT,87.70095561835427
0.3257983926530985,0.3935247320996089,0.6236307227104119,20.066741503782296,183.15129923265718,0.29025123384096085,1.0,0.5542571743564575,0.0,0.19885964164384307,0.30858832632913646,3.2604271202664563,0.6307411493400833,51.12551725839412,0.0,1,0.5435727001938205,0.5703946752660998,2,FORGED_DOCUMENT,100.0
0.7334423666282636,0.6312194421678974,0.33078464788155815,16.590543418233185,126.31417307030272,0.33343888806015093,0.0,0.2,0.0,0.13841634993273222,0.2518838022169034,1.3113054521229963,0.8136446297827242,30.12695896285804,0.0,1,0.7783831392830616,0.27087123197863483,3,SYNTHETIC_DEEPFAKE,86.39895674907618
0.4678737970216347,0.39570607483535436,0.5359221542959692,20.756927265713358,247.19620976810035,0.3750449501000849,0.0,0.3713071291721518,1.0,0.2769351255157803,0.306468647034236,2.1151472606671495,0.4436398329999558,77.91874843024699,0.0,2,0.3813535325518668,0.8282430342306584,2,FORGED_DOCUMENT,91.43412183148274
0.72595199869995,0.6668892275972315,0.4165907853433844,15.398549790906406,112.17032499149256,0.19116655486975798,0.0,0.5919507932991013,0.0,0.07880636178502573,0.31918134189608205,2.1103508414962526,0.8317062400978554,68.81783123482482,0.0,2,0.8349531184536594,0.23287844483018574,3,SYNTHETIC_DEEPFAKE,89.1735845722066
0.25,0.23100217612036505,0.39589369832627036,26.413179273072753,151.02631703440386,0.1729800318636486,0.0,0.280879411103009,0.0,0.13938300079088908,0.32063885601598036,2.8872164109366016,0.43786275646150835,99.0,0.0,3,0.3137358962653005,0.7337241415421135,2,FORGED_DOCUMENT,87.41915741763312
0.3537742504138968,0.5690298757126372,0.820403473897252,2.374134159559299,20.634303989947828,0.08509604641741235,1.0,0.849990633827956,1.0,0.01,0.02,0.9129165520553179,0.7377171784644357,5.793344536256966,1.0,2,0.9127487160940762,0.9809138208160962,1,IMPERSONATION,79.17679203318953
0.296576898114081,0.18732275619643743,0.5564379478949966,2.2983101920818707,13.679167182223084,0.06260553735772324,1.0,0.985863790474048,1.0,0.01,0.09153655794237946,0.9567113757087398,0.799142353321872,0.3058768105567551,1.0,0,0.9915829485457858,1.0,1,IMPERSONATION,78.81507737711986
0.27064752122779356,0.3889342414976764,0.7013962630111876,3.8841867906401406,26.882514408493055,0.06255729230433231,0.0,0.864893070645154,1.0,0.017727944719533324,0.03702144680080048,1.0248824896205728,0.9235900047751671,7.785700247449714,1.0,2,0.8108654393587906,0.9676869651741372,1,IMPERSONATION,86.0400597342457
0.9187352627304516,0.8513566866388618,0.03398422008847882,4.7391557915798215,18.354602996781846,0.06404902495966144,1.0,0.9962604603250591,1.0,0.019662352186023458,0.01618656744787096,0.9221500454133393,1.0,2.041584078769295,1.0,2,0.9653961524633973,1.0,0,GENUINE,5.1567994826426276
0.8597748417329176,0.8070618135521341,0.13487651567559358,3.334187817750525,19.522497334252925,0.04321147962099729,1.0,0.9600913806046024,1.0,0.02949554135441324,0.02030204063100193,0.85,0.9667159955619637,0.4496819523768685,1.0,3,0.9310093839242926,0.8973217770361256,0,GENUINE,4.012866535162883
0.18022682499441614,0.22560855074799713,0.6724595210099842,7.581057163381679,20.3812887450393,0.05450264270372154,1.0,0.9043748280108477,1.0,0.037411968279604225,0.11812705017317415,1.1983612802099866,0.829662346172211,2.0865864632539886,1.0,2,0.9387346955981689,0.8724828013792318,1,IMPERSONATION,85.82156681200706
0.9136408224089083,0.811287499213716,0.19010166782934,3.5691204962921224,22.17031744209032,0.031324094005809544,1.0,0.9799110730781302,1.0,0.029806325151099336,0.05934409314491851,1.0392028733449212,1.0,4.035455302733383,1.0,2,0.9742215979701251,0.9188986750418058,0,GENUINE,7.104022034142844
0.9305190217271276,0.8241554959686788,0.02,3.3502135320538327,12.268737074936165,0.01,1.0,0.9675650205142672,1.0,0.008139307686005869,0.03786993223568521,1.0655904195170702,0.8970454844890504,1.4580994462552832,1.0,1,1.0,0.9156199984079929,0,GENUINE,5.512975975844321
0.45916485334795676,0.45717203267948897,0.78,28.737088097506902,146.92675040176672,0.3791545749358627,0.0,0.473989505807756,0.0,0.23539679133021857,0.2680418975564163,3.192965806220383,0.5838621828218947,74.58678945269514,0.0,2,0.541162060889546,0.805104811290315,2,FORGED_DOCUMENT,96.78881709368561
0.7741682668483203,0.6192735451525698,0.370996306604246,21.016583259136922,50.0,0.15412303929893134,0.0,0.5887878154719676,0.0,0.03,0.31612519400464834,1.7677881400854274,0.8634585207315101,33.73496787967601,0.0,3,0.6979733978313662,0.23063287389963563,3,SYNTHETIC_DEEPFAKE,92.46966239909064
0.30263093593559864,0.6657474583209986,0.357793837950957,19.19860962755503,105.26636567476179,0.2637150858501367,0.0,0.1314021560184834,0.0,0.13359363373865724,0.32721530099621426,1.45,0.8197229784723518,59.99704600619981,0.0,2,0.6375274045366256,0.7950337479420866,2,FORGED_DOCUMENT,89.90859506925901
0.3411589636164918,0.356128135415239,0.5277346099873593,31.80212443007089,112.83603211073321,0.22623080390099673,1.0,0.4438234166982648,0.0,0.1778022844053783,0.25188699868856623,2.630170909697623,0.6028221195062665,62.41257266364477,0.0,4,0.4489714838948971,0.8400639348313828,2,FORGED_DOCUMENT,95.64507362430508
0.21078234967182785,0.58,0.6792240295252043,3.6208279359322617,27.338747421802964,0.09438208267951154,1.0,1.0,1.0,0.01,0.03990070474372042,1.019721232998778,0.9205250564055519,3.6886330425568623,1.0,1,0.821618395685293,0.9396551718538653,1,IMPERSONATION,80.50001866270514
0.9523414876048858,0.9546282002755065,0.15888779467902012,3.2387446734309715,29.246862721175756,0.043478160833130094,1.0,0.9926831012808129,1.0,0.0076265835455295375,0.0625849794378717,1.0390937750773317,0.8752718383793108,1.178339275710308,1.0,2,1.0,0.9866531069880993,0,GENUINE,5.066221189744982
0.48009927281190823,0.4174103028431372,0.49150875983107434,21.764308475729262,174.60949663375283,0.24621523795619155,1.0,0.05,0.0,0.20699847130226273,0.3590565478270377,1.8345288604950016,0.5338101046288225,76.4539665644186,0.0,4,0.5457766056699076,0.7358189408045165,2,FORGED_DOCUMENT,93.0359995790324
0.6619492742215047,0.3923998318594397,0.4384485079713577,14.23808661338194,260.6544922816772,0.3206340442623837,0.0,0.27014670933601337,0.0,0.19099702554230796,0.28920644337351403,1.9454381519488178,0.5042393099738011,88.66004682087036,0.0,4,0.43422783887578514,0.6788681294566004,2,FORGED_DOCUMENT,91.7826023398424
0.6156051006575922,0.7385191105836312,0.3904280101460979,12.707741759207327,113.82512416975689,0.15357119747636447,0.0,0.4974322486105421,0.0,0.03,0.25154698697997624,1.7966407930662627,0.8335710185090893,49.20797346470889,0.0,4,0.5631721126954627,0.18097775747931666,3,SYNTHETIC_DEEPFAKE,93.04678565060085
0.9273005812515652,0.805404504562475,0.1530663584759724,6.5673835816954576,11.213493957334611,0.04912477594734628,1.0,0.9687313209858494,1.0,0.04004228774270408,0.06206906050374196,1.0309774386790374,0.9466672779569791,1.1271903815448656,1.0,2,0.9293845840358089,0.9983128813848172,0,GENUINE,7.4681964927493905
0.8705195260852606,0.8201183251036805,0.09939478123699161,1.8141719937610767,23.439023503771487,0.04146635934376808,1.0,0.9981037663972714,1.0,0.011815257829576088,0.044808172972727905,0.8696857046881894,0.9077128467957029,2.0909146453784944,1.0,4,0.9307626187916528,0.9778482545925367,0,GENUINE,8.822390237363363
0.4056430627606631,0.34531195019628286,0.5377584306772824,2.4152459127601587,21.96970746905309,0.06322906684509073,1.0,0.9066084228244278,1.0,0.02190063724839835,0.1530887490288127,1.3678136285574967,0.838357146281316,1.9121614353659904,1.0,1,0.9331033100762701,0.75,1,IMPERSONATION,84.20717292116599
0.6816340394510774,0.6686127259628474,0.3556127934657162,15.337084665841004,87.64073214558277,0.24048834070492198,0.0,0.6780563732991716,0.0,0.03,0.27851466615925835,1.2750739103272457,0.9074501254698529,65.11622528006046,0.0,1,0.4798724129401445,0.26150676362247927,3,SYNTHETIC_DEEPFAKE,88.46294815379002
0.6504968029179933,0.7043197021231716,0.37274893441609713,18.94465499958996,113.42659710746184,0.15535354795329198,1.0,0.3925934534911019,1.0,0.12894611925546107,0.11231112656203121,2.2371445230909837,0.9357124763718414,64.43065607246697,0.0,1,0.5504230270051709,0.2444826625890808,3,SYNTHETIC_DEEPFAKE,82.38259476545531
0.38759714652793964,0.6953219260144625,0.7509814594148225,24.82031194476333,294.03977587760994,0.2480777654760064,0.0,0.4060604791398792,0.0,0.0832915658784393,0.17494546409430314,3.583454610146463,0.5406463024041833,75.89968531214102,0.0,4,0.34646831060147343,0.6512231761274149,2,FORGED_DOCUMENT,92.4976020970808
0.28059599080127084,0.1877162009150394,0.5795111620987217,2.8402390717532846,8.0,0.02660201193622773,1.0,0.8846995965615388,1.0,0.04815959515610267,0.12916734503763194,1.2606700812380474,0.8855910396695527,5.849595386763262,1.0,0,0.8215389486385184,0.8744975886005727,1,IMPERSONATION,82.68249747421457
0.9630719228556344,0.881093882910347,0.20506614788678812,4.359854373740152,26.57735453721649,0.05044501272035557,1.0,0.9570625426067129,1.0,0.025737444210044133,0.024473911669233284,0.8911692382536462,0.9346357741070928,2.718281796652361,1.0,2,0.9154350973996673,0.9778160989820119,0,GENUINE,1.3474787256181546
0.623600772824188,0.3753328415098303,0.4888220159328516,22.49774376023067,209.77767336990962,0.3046275066333752,0.0,0.3252768828683677,0.0,0.19384007622605434,0.331603098129498,3.5331371852507765,0.7027904509824608,99.0,1.0,1,0.4716592860025174,0.40111769060511815,2,FORGED_DOCUMENT,92.86709452397263
0.28849369328796204,0.4648281947510714,0.5886735758648387,2.8114679719535545,24.013698384853345,0.027106197354909753,1.0,0.84651668096266,0.0,0.01,0.08061031739603035,1.0252879093100478,0.9066680240254511,3.7955980910240763,1.0,2,1.0,0.9607748132869889,1,IMPERSONATION,84.72013657741176
0.43872864653470606,0.5243584361284955,0.5375906399069104,3.034459575197756,22.929660195758398,0.07112314041025478,1.0,1.0,1.0,0.01,0.02,1.059949163087519,1.0,3.076462547288793,0.0,1,0.8636361017334392,0.9316448578251775,1,IMPERSONATION,69.46382588860538
0.2362560858915974,0.1596062137641055,0.6550352810400837,8.0,13.237897730777267,0.07460774841635638,1.0,0.8135144809610586,1.0,0.01,0.08395476356527341,1.0977554319197544,0.993543156010618,5.198922647981143,0.0,1,0.9114892332774881,0.8988611167363235,1,IMPERSONATION,86.06597492628767
0.6342860708002933,0.86,0.4546214094459438,18.6872388509244,142.15460022434996,0.20467655030862864,0.0,0.8,0.0,0.12147927133645363,0.28742780786079963,2.0066447434307197,0.8565646652206135,77.76993461338556,0.0,1,0.6905391311994611,0.24520619037803176,3,SYNTHETIC_DEEPFAKE,84.32758162858542
0.20014272640416414,0.48351732065971237,0.677874381852339,6.024248665173381,25.503618103838043,0.059954564911558615,1.0,0.8632718775094261,1.0,0.02255730917317303,0.10439636490618576,1.0583268237833356,0.8826854118455205,5.678759672309216,1.0,3,0.9722089392316022,0.75,1,IMPERSONATION,85.04068527135435
0.2249609169265841,0.2644939731194495,0.5981279190432499,5.339250056274183,17.06579710784234,0.02,1.0,0.861987108442159,1.0,0.05363126273764182,0.16445185336398338,0.9509151894279171,0.8541566104981595,2.7655259984014284,1.0,3,0.9685236652399097,0.9363660172107363,1,IMPERSONATION,83.94004395535688
0.41853819402449327,0.3130045894779089,0.5449252435282691,25.975904985347213,185.86424386190137,0.2567505555708058,0.0,0.2588809578042621,0.0,0.09916646051120241,0.4119154153980068,2.5770508846043834,0.6740375684617852,60.92006056285976,1.0,1,0.44424895092516076,0.8326774377640077,2,FORGED_DOCUMENT,89.92399569590826
0.7146887142548882,0.5503334953758826,0.34566689464551115,17.908859034104946,223.29112231160622,0.2844403384703284,1.0,0.44105310384475266,0.0,0.22561576066743197,0.16453175675836879,2.274146081452857,0.6299714643717208,81.42169616960955,0.0,0,0.3246603500932025,0.7112131297941089,2,FORGED_DOCUMENT,98.77529306563079
0.22057992070452365,0.25425233333559116,0.6951076154246085,3.607721844593863,8.0,0.08593622008390348,1.0,0.8034457657137557,1.0,0.07719228518200208,0.13667895895350252,1.2611236873911806,0.82109017981152,2.6348484857538415,1.0,2,0.8954362679072302,0.970002621207814,1,IMPERSONATION,85.86523140648552
0.8126163663913268,0.8273042626701197,0.10178526801218157,4.923057867526059,13.278394698914159,0.03572575696008237,1.0,0.981204522879412,1.0,0.029302561562419505,0.05379423457451051,1.1101610914568407,0.8163289555531809,1.856422109728224,1.0,4,0.947396032677159,0.9078813968639877,0,GENUINE,4.719123338510229
0.3964994973021988,0.5441817274165255,0.683351956622752,1.9233013601994018,25.972673526684865,0.09794953994977629,0.0,0.9783000060490037,1.0,0.029256673575805386,0.12900996019906863,1.1940548141732075,0.8491394400301359,2.6781694484192062,1.0,1,0.881098297075559,0.9680710798542608,1,IMPERSONATION,88.17311819405246
0.48,0.8019474786674785,0.358840930743237,11.607921477949475,120.28770296205472,0.265365372876614,1.0,0.23472741544818626,0.0,0.13857521121147295,0.33845018990136183,1.4488635571100246,0.760995963726934,59.16115922683097,0.0,2,0.6150853504689168,0.27323848412732593,3,SYNTHETIC_DEEPFAKE,87.47413353918749
0.49393045667635294,0.3058915795899976,0.3970926729236588,22.77872028260588,231.39763458844465,0.35722394917711214,0.0,0.48983468901472726,0.0,0.266495015657154,0.16117777083479612,2.1973032092074902,0.6533251011491008,54.628184942953695,0.0,4,0.531463258839076,0.9311792380074873,2,FORGED_DOCUMENT,87.35588504749089
0.4424978548062618,0.38514709385664747,0.7068320057488302,4.473474570350545,17.867739984320895,0.08095963516699722,1.0,0.8995798504343716,1.0,0.030005931085490992,0.07567345459242544,1.0383641537160648,0.9357393349510741,8.902826177979406,1.0,2,0.8688264142113117,0.8564513315619477,1,IMPERSONATION,80.89817957163096
0.7727828256418506,0.6979190982885223,0.5218589259350636,24.770071404274407,60.10843881237404,0.17966650986508276,0.0,0.6951949976309623,0.0,0.12637565421312497,0.3329903378450797,1.9498007844780783,0.96656247464816,67.575870775748,0.0,3,0.7064501974562004,0.23363865353569935,3,SYNTHETIC_DEEPFAKE,90.38654435785864
0.9215863364357887,0.8623509088694058,0.1316486080458339,2.8068917352215363,19.01686329827825,0.018557219760287864,1.0,0.88,1.0,0.02436559804157668,0.0680786968217239,0.85,0.8695134647645032,3.428731391507797,1.0,3,1.0,0.9528951034512413,0,GENUINE,4.1454866547954135
0.3871724024445182,0.3290730256657408,0.5277312008478665,25.05564109856949,198.03156648302627,0.38157071578938373,1.0,0.3842331566293996,0.0,0.1327056248697572,0.18589907360615457,2.655117268678973,0.43304691572588716,88.63791985187252,0.0,2,0.3962398013627477,0.6567863576309645,2,FORGED_DOCUMENT,91.33853905007976
0.6745787414180129,0.5983553553032115,0.4772899657703638,24.176714053630768,145.60314977778654,0.22069593126979803,0.0,0.3118781553986146,0.0,0.1608489959286024,0.18086887368672616,1.9582697524170498,0.6440607697323274,81.61342033421731,0.0,0,0.8113414433494912,0.19896497175647648,3,SYNTHETIC_DEEPFAKE,87.01775841551367
0.7739531464230439,0.6724878337992509,0.42170422739508034,20.853525289077027,111.61817642266537,0.12794309117068034,0.0,0.5500627236598846,0.0,0.12944667051571335,0.2813383215300642,1.9387459865466268,0.8355870793391869,79.83488769927689,0.0,2,0.46433017785310093,0.39482802157693186,3,SYNTHETIC_DEEPFAKE,92.28564897112746
0.255611703148093,0.3327460189849112,0.5577790946862645,3.393734593732434,17.821533380215797,0.03293250373607196,1.0,0.9996782701584747,1.0,0.012459976745361787,0.071601041545059,0.9414802505163071,0.8860715705472074,4.142926174605965,1.0,0,0.9941309124280835,1.0,1,IMPERSONATION,87.50221311492786
0.24974110401296237,0.3510126987824955,0.5551908610246084,4.0326995757097395,23.37674300905464,0.06137168387056336,1.0,0.921981398431582,1.0,0.05693882488777991,0.05237565834066707,1.2253117663186868,0.7596602663164144,3.9904243469367087,1.0,2,0.8983995430192226,0.9627758132423265,1,IMPERSONATION,85.24511118342419
0.950321734228264,0.8238816567244746,0.1751798532072409,7.0,18.312879210998936,0.03976833360436013,1.0,0.9657179611534357,1.0,0.02606129363099085,0.011115408125008011,1.0536398763786252,0.9225314905457583,2.173814534643964,1.0,0,0.9209897060639809,0.9129581352315408,0,GENUINE,2.9175867059109457
0.8627465133909319,0.7778715983940709,0.09057322730194496,6.186584064540552,18.367482110050535,0.024369910734521133,1.0,0.9925566679098489,1.0,0.020385551687843177,0.07372922074660648,0.85,0.8880793790665231,4.091629942238296,1.0,1,0.9284002741222046,0.8374114120203274,0,GENUINE,6.464404381177359
0.8675596736480068,0.9140513947443969,0.15399153959414882,2.402243581903718,19.111705804438017,0.048766074095367,1.0,0.9216943267067675,1.0,0.029485085432635307,0.032120892184748395,0.889479190219469,0.9874193185994079,3.568047581482581,1.0,0,0.9222132372920437,0.927676545994533,0,GENUINE,5.7803023680695285
0.4143009122317889,0.5897186027754956,0.627884983940455,40.79976264376807,206.69179087488422,0.3379275362004875,0.0,0.4315496679100253,1.0,0.09610798944808377,0.33570640953912156,2.2562323196579563,0.6294417644812991,73.2458676240121,0.0,4,0.5390358469952751,0.4679669458586788,2,FORGED_DOCUMENT,89.236975686292
0.3184805318076393,0.2635588353421282,0.7260954007358472,1.7006657987420741,8.0,0.02,1.0,0.9354921640820683,1.0,0.0242268367864154,0.06326722320234161,1.0369305215655193,0.8909553426774482,2.3705952920041096,1.0,0,0.9666228326335555,0.9709234871763003,1,IMPERSONATION,87.4264486579593
0.6650364690633658,0.46454620074710196,0.21462777453525506,18.65038595365357,116.75817646504538,0.15604895327005758,0.0,0.36794948910355074,1.0,0.10840204002782529,0.16830319769783886,1.9669990901830388,0.8110829017294025,46.4700605997772,0.0,0,0.5336049776338334,0.19691868198435478,3,SYNTHETIC_DEEPFAKE,85.58742337302081
0.6800792482975222,0.6615640760755007,0.18414351731719825,18.129555133344546,82.84717218320347,0.14591202208152573,0.0,0.40769671116759415,0.0,0.0974704226451021,0.1950145747028279,1.8658980900067024,0.9555192802838728,57.88902830915494,0.0,1,0.3391840711133133,0.1520423988631604,3,SYNTHETIC_DEEPFAKE,86.82699114440504
0.3283931449749234,0.26896083107200713,0.6828814775871714,6.291797252944164,28.12244916729299,0.10553939014270886,1.0,0.8761220042514474,1.0,0.01,0.04787745133046224,1.0997115395091697,0.9622361239858784,4.120831289173129,1.0,4,0.9008030992379865,0.8605890063561132,1,IMPERSONATION,74.59181987898562
0.34779376732081957,0.3506045540349997,0.7655071954627638,32.744214279650315,95.0,0.2649307322704276,1.0,0.3338323945051716,0.0,0.16137739241993773,0.26024994449481503,2.8608870254356074,0.761404350124891,93.18600981491561,0.0,0,0.5196129612138183,0.6739821735151209,2,FORGED_DOCUMENT,93.9315128533288
0.99,0.9372387140186089,0.12189548373479028,3.434235092578713,22.9334928262621,0.050392289196956035,1.0,1.0,1.0,0.044793894187099115,0.09534360390196445,1.1693938199798346,0.9463951324471449,4.523987594418767,1.0,3,1.0,0.9245076901188481,0,GENUINE,5.345966758878711
0.7185046152694665,0.638605922641837,0.2864664377219931,12.0,166.98878885061737,0.35504598695784534,0.0,0.1372382016430952,0.0,0.22429315163464875,0.25878351002802014,2.120850271869971,0.7140032338001983,66.32110981296952,0.0,1,0.38461602408115714,0.7306516551140807,2,FORGED_DOCUMENT,92.18502482939331
0.6176687919469288,0.5572979029178727,0.5576935839580366,8.731190873782928,69.79884667497839,0.16241811145156476,0.0,0.4815589056264925,0.0,0.19549971622159656,0.26103888992837726,2.034067497683675,0.7649052305785611,66.63127918174618,0.0,4,0.7306062325553426,0.29567066471641784,3,SYNTHETIC_DEEPFAKE,87.27597493291249
0.9116509009453361,0.7,0.168324933294347,3.3212947649400233,14.270372514610377,0.0558851335632414,1.0,1.0,1.0,0.02689003144041407,0.03962896785577811,0.912399434986109,0.8,2.773773994872034,1.0,1,0.9631606443117774,0.9470736161607414,0,GENUINE,6.104225842314906
0.8636240007864693,0.7915017696485974,0.2048610095803219,4.840624895393287,15.515873771515441,0.051529026902448455,1.0,0.9147433209536143,1.0,0.03707329809559223,0.03458362394542622,0.8921647371197676,0.875228601953748,0.4951472495276201,0.0,3,0.9934662943103593,0.935853176628535,0,GENUINE,4.162596837649817
0.712621215207175,0.43144022797358245,0.30337894163732476,20.096581094503193,135.0768862191336,0.18867941725166484,0.0,0.5395055951178495,1.0,0.09688860044920888,0.1,1.855882742508006,0.6428305998154082,60.54653325180577,1.0,0,0.6688975071371543,0.05,3,SYNTHETIC_DEEPFAKE,85.69070576319574
0.25,0.6144985660454402,0.5803198546207424,29.349986536420055,175.34066294375953,0.3080929606251972,0.0,0.07004812365296231,0.0,0.10507387996496766,0.42748316639595685,2.4670026353062133,0.9,64.85411904930096,0.0,3,0.72,0.6563793129022771,2,FORGED_DOCUMENT,97.26000956470858
0.3670104767424967,0.27310930171511055,0.5656811680951749,4.113672794642761,17.411887835836573,0.07837922827763122,1.0,0.9607556528533229,1.0,0.03386608796211985,0.045132415377247645,1.050258792492852,0.8908586434069682,5.357850121283693,1.0,2,0.9234970506663492,0.9426467181622827,1,IMPERSONATION,80.34287839815714
0.3805324374081328,0.5734661051118736,0.6976233423087045,26.007149653247378,154.67452032158423,0.33954206612901844,0.0,0.3445036442574651,0.0,0.1186797976857408,0.38535432094180067,2.438853214274303,0.7590315049191356,66.48066269205749,0.0,0,0.5320383196991091,0.6709054160505585,2,FORGED_DOCUMENT,88.61959748113536
0.34066787500110174,0.23498960787670642,0.7249022960867973,4.611690266420762,22.18708100124945,0.0908158436472858,1.0,0.8775123881594932,1.0,0.01,0.07405081648730426,1.1520916822872893,1.0,3.7032154373800217,1.0,2,0.9087855115186907,0.8381318809019795,1,IMPERSONATION,78.28615588953014
0.7136050114001625,0.5144651433224611,0.4187675159202092,16.8104488092055,111.58947466640616,0.15233900317084811,1.0,0.45163768929870396,0.0,0.11786562594909196,0.12027841050340744,1.1,0.818166926542893,68.07351564299992,0.0,3,0.6328078383482793,0.29999109701218196,3,SYNTHETIC_DEEPFAKE,89.59066900480748
0.26830377764555036,0.30879473383483147,0.6244243078792716,2.481633696847868,29.198294806104144,0.04510260138780248,1.0,0.9866832155258756,1.0,0.04619256556124319,0.04226153685222605,0.9629393583434234,0.9370877990845848,0.0,1.0,3,0.910876670818023,0.8608168168194225,1,IMPERSONATION,85.99598988704987
0.6515922814979732,0.7522464538172029,0.27450140439299486,15.428208784989414,147.32287076996008,0.24454776115597313,0.0,0.41002616897259625,0.0,0.1576243276905955,0.21793008353467677,1.7272976756879228,0.7166575766582189,56.2109761906476,0.0,1,0.7198978908408108,0.20540399977005847,3,SYNTHETIC_DEEPFAKE,89.20861926350372
0.7417639218190468,0.6203315613953593,0.2935428401061678,15.484069004788438,96.57923634326767,0.1272077588533057,0.0,0.5921992635253411,0.0,0.10188937843946402,0.3137150025756972,1.1,0.5926583498933847,65.60771458356395,1.0,4,0.7770136835244205,0.22964164798833644,3,SYNTHETIC_DEEPFAKE,88.76259326810113
0.420187381211928,0.3728595993980477,0.7558261797412578,3.1607780879248626,18.518862324782244,0.06028572473800823,1.0,0.9111813810771717,1.0,0.01,0.10524066287953976,1.1578890531536568,0.8308904621541026,4.257767575605672,1.0,3,0.9000132394318038,0.8911291560906073,1,IMPERSONATION,81.15744622608186
0.8516873485529278,0.8110673197938608,0.1051381834319347,5.630995948700997,20.701456502581845,0.04418993725264717,1.0,0.9557015022384876,1.0,0.013993953187504151,0.0302554158465415,0.9708836471250543,0.8595438805219507,4.883716198303826,1.0,3,0.8634917393174312,0.9644990583522121,0,GENUINE,5.62836877581697
0.8311361087532205,0.9550590121196265,0.21764002674483623,3.240111114556668,14.727978517814837,0.01,1.0,0.945282874953424,1.0,0.018500988853416202,0.023093290251695174,0.9918835957535443,0.9452668573823675,3.2917590248733806,1.0,3,0.9258545431660283,0.9383254460344095,0,GENUINE,2.5229727445993024
0.92,0.570966216319247,0.20320661500663134,16.933197052582823,105.2556009503824,0.08,0.0,0.7025303057431092,0.0,0.1333903213127199,0.13572173772846063,1.7751052630562436,0.7271104758504168,51.598070398977534,1.0,3,0.8290943150259922,0.21089377484300806,3,SYNTHETIC_DEEPFAKE,95.51367967309535
0.8209097363150576,0.889793654026439,0.19177713785229783,3.0308628805336033,30.314943272354885,0.029346819532988868,1.0,0.9612683949477939,1.0,0.0034726085684138527,0.04041428021071221,0.8725861564568173,0.9005374538216518,6.0,1.0,4,1.0,0.9999589218827809,0,GENUINE,2.7734358292967967
0.14695054051438974,0.4434779402218654,0.6639779038942546,4.432733014298035,18.813735731659612,0.06352765889661606,1.0,0.9290844437643212,1.0,0.021026086347610315,0.08937037057827063,1.1698494512526396,0.9482679181872118,2.5116199538661745,1.0,0,0.9270306740381642,0.9329553310776879,1,IMPERSONATION,80.13647287863569
0.36326131377983556,0.4074876313980213,0.6538221346828393,5.022106737073892,23.0349413680865,0.03736405937956372,1.0,0.9014603738977708,1.0,0.033236789460852026,0.14537532794591057,0.9903904311464069,0.865537859615721,6.018362643026409,1.0,1,1.0,0.8388735632409913,1,IMPERSONATION,87.88827646162824
0.8403294619103041,0.9105890914130069,0.18287992408522458,4.348360837440163,26.377415923518704,0.051200302948158534,1.0,0.8994294232487735,1.0,0.016304691537436404,0.04916783084537879,1.0041258273230629,0.8891432412448805,0.954765799804608,1.0,3,1.0,0.973436168046586,0,GENUINE,2.3580746601309452
0.6135756623151343,0.522023531191297,0.376843358849875,28.089535469882154,142.0432083035713,0.20034201868082369,0.0,0.3464624910075478,0.0,0.06,0.3910322737467112,2.676964121572375,0.5110847346406345,75.19143759411207,0.0,3,0.5037719050029648,0.6743743334959776,2,FORGED_DOCUMENT,100.0
0.7200419528084379,0.6790346482785214,0.4581361345747898,12.63433831118708,50.0,0.2307749889631388,0.0,0.5935138079712655,1.0,0.1304815041959143,0.2800146737227939,2.1412667278736754,0.7862145975560333,92.0,0.0,0,0.4270826440435058,0.2731157385797517,3,SYNTHETIC_DEEPFAKE,75.2434253446047
0.4380388842424651,0.6528650028846544,0.6326236882225438,32.91213003619204,214.6604213375981,0.19248992917758107,0.0,0.2828662144023343,1.0,0.13087872613277182,0.2968452598871342,3.031770032618821,0.3990858750653532,70.32904803004759,0.0,2,0.43266167885010853,0.5498149700517125,2,FORGED_DOCUMENT,86.91248350052892
0.7169472407393579,0.5830453311650161,0.2238715092475257,17.704173747944466,139.98478268154182,0.12011117372505416,0.0,0.43251086164780067,0.0,0.14227212801523853,0.28220018111613854,1.338911180268879,0.674957349222675,35.241466239504916,0.0,4,0.7302068005413201,0.2872481086413493,3,SYNTHETIC_DEEPFAKE,80.60423381738903
0.9135214579619966,0.8705375768949332,0.1462517524580476,2.289522020884387,12.44505026390222,0.04553418087809969,1.0,0.9819642169045535,1.0,0.021341851741777194,0.05225575725258187,0.8576042791238959,0.9280781506719995,1.6024482846546717,1.0,2,1.0,1.0,0,GENUINE,3.3941988269716505
0.6465135560165876,0.45928338528165963,0.4180245996372467,29.947674370601284,261.93676552732984,0.3420184583070203,0.0,0.45302092412667094,0.0,0.1620180339627364,0.2851652276389645,2.290289354592062,0.9,93.60112724343617,0.0,4,0.4840036012696391,0.6528722489571072,2,FORGED_DOCUMENT,89.44978987871023
0.46975756919589584,0.6809078009065641,0.563667145649659,35.86284822805519,192.67197811521527,0.34459381630564756,0.0,0.39164724810780316,0.0,0.22247628408958495,0.3949090773402408,1.8640544516495925,0.7101699240172041,91.38652228310019,0.0,4,0.3589964206140383,0.9244319451634547,2,FORGED_DOCUMENT,99.48555740236566
0.6030695055106225,0.5996776846428906,0.5492248990255716,33.99717503540218,160.96228963935042,0.18120980178694407,0.0,0.2894231321569664,1.0,0.2593826794353698,0.24459921582995064,3.389629779594725,0.7320324602999358,87.61607635827446,0.0,0,0.3869676645629564,0.95,2,FORGED_DOCUMENT,89.6974612335918
0.2844699568921686,0.3675747888247978,0.7461803707927257,3.7083119941092466,21.4342396087983,0.04925406026136671,0.0,0.8538334175707809,1.0,0.021303587742677717,0.07310196951886841,1.2327357316647956,0.929895765404638,0.3416366476578485,0.0,1,0.8162606103039984,0.9192694970370573,1,IMPERSONATION,81.87540707540323
0.5950098259042982,0.7863927063839801,0.3271301800918381,10.242920499314135,164.58296836410037,0.24538581682375163,0.0,0.4630005794586307,0.0,0.14300719428833492,0.24892886857957283,1.428494799819662,0.6272165429030641,68.57525329132851,0.0,0,0.6717827352381318,0.23382917876634562,3,SYNTHETIC_DEEPFAKE,82.48074630536102
0.5182534884689798,0.5674396758416795,0.28,24.308754597195527,220.65777677370806,0.3595614492822782,0.0,0.3098079787149034,0.0,0.1460332612473301,0.22713561043444086,1.9609113106409952,0.6851565383042552,80.34261522581839,0.0,0,0.4094014758047883,0.6379218044184076,2,FORGED_DOCUMENT,94.78026010375952
0.9259165863018856,0.7282654058226896,0.20564528336904658,2.8310775182364623,17.605968803816808,0.05863142537362129,1.0,0.967838000523957,1.0,0.024287906399387243,0.04317784194902566,1.003353087176477,0.9305939339325912,1.1566658596804977,1.0,2,0.9798403463755467,0.9258716841552951,0,GENUINE,2.6086856920609947
0.3489046427196804,0.47895489683419046,0.3439448404409786,26.084160311865457,221.02159276364233,0.2626474804164431,0.0,0.38233404314776276,0.0,0.18626328653049343,0.2916746323215332,2.8894172174691137,0.6437837278594003,48.60220440054739,0.0,0,0.4379656152727176,0.725598690644975,2,FORGED_DOCUMENT,81.24820503553187
0.536073790997578,0.7028915907133257,0.45004774059942876,26.384523878823085,140.57715282436482,0.21850444354078824,0.0,0.5245548384506041,0.0,0.03,0.25707495062670954,1.1,0.5320795571575765,62.67302516591443,0.0,0,0.6670001731062738,0.3415603933589888,3,SYNTHETIC_DEEPFAKE,92.83566534899961
0.878856948792798,0.6249538390310005,0.3271276684129914,11.950221957466379,117.6208606034337,0.16427122369575456,0.0,0.5982403683977312,0.0,0.20208940174152995,0.3258240545843037,1.1,0.8588901591542913,74.59914440563071,0.0,2,0.5582589881136937,0.23613063498721168,3,SYNTHETIC_DEEPFAKE,79.17979847913445
0.3180988174874802,0.3129382991722105,0.6560334757783453,6.467520005614545,8.88569809883143,0.1026723212783007,1.0,0.8648734705873218,1.0,0.03860924431103803,0.03126225552447964,1.1208644525465385,1.0,3.5224714024802584,1.0,0,0.9039509942981835,0.8387309530997499,1,IMPERSONATION,74.29405938917971
0.35440972950198985,0.5018050005167527,0.7395555861519438,7.436571456656951,8.0,0.06380907240239363,1.0,0.9495202432461777,1.0,0.01,0.07760891558430669,1.0682354669573026,0.9604127285352072,3.3943565209448447,1.0,0,0.9667115792807679,0.8164060112359741,1,IMPERSONATION,81.14506994124953
0.3998139541184645,0.3723327888970395,0.6928002680626745,6.679493503272976,28.629639900856073,0.08811080194226532,1.0,0.9041477221800098,1.0,0.017871964755061247,0.02,1.139470045744327,0.9569093190439942,3.6104035075903655,0.0,4,0.8742455535512172,0.8436935090130998,1,IMPERSONATION,94.62151502490767
0.5951844936293594,0.7196670870087795,0.3974762815034978,18.844045179458988,98.5602288873047,0.23743177380552136,0.0,0.29845289711427614,0.0,0.08589942732899747,0.25696744353408774,1.792855719610033,0.9555717166844215,65.92700196126063,1.0,2,0.7180457906943015,0.2766330671242804,3,SYNTHETIC_DEEPFAKE,86.35695021812423
0.24569770625117687,0.2929175475699392,0.630434568401343,2.6358290192500284,17.153991703909693,0.09014616807179993,1.0,1.0,1.0,0.034271188887604664,0.02,1.1159148032086839,0.9232082229703783,4.901305100053949,1.0,3,0.9407286715897742,0.8340729484986869,1,IMPERSONATION,84.50282851818487
0.4377706277559018,0.4023653753321148,0.6184056360952819,6.509872718835487,8.0,0.0802043445843647,1.0,0.8583944828582722,1.0,0.01,0.08566615273004073,1.1127715601870292,0.9969870145730688,8.930298634445034,1.0,2,0.8168218116557469,0.9688614857976953,1,IMPERSONATION,80.98608365131341
0.6375840461381165,0.5213193244782375,0.5871957088330981,28.128049147240297,208.61899747379002,0.25081452754567746,0.0,0.2523492247298,0.0,0.1782597508405987,0.37394585698335964,2.5118405293616988,0.9,76.56917542516693,0.0,2,0.552340438313341,0.7190337581361185,2,FORGED_DOCUMENT,96.9054896360254
0.47829494202911405,0.3308059681474933,0.3738402591332378,12.075523210895895,185.93967782846596,0.14,0.0,0.22868777245875577,0.0,0.099610972775443,0.3748646954436249,2.279673296048044,0.5425690802965304,80.6653389810423,0.0,3,0.4014184376454272,0.7693648937617489,2,FORGED_DOCUMENT,98.79682716238756
0.5097416271006382,0.2747699517655586,0.4999214068814619,17.441471637864527,192.64616516669736,0.25520822237574176,0.0,0.3043858888305727,0.0,0.31147556697946144,0.360173437989411,2.8985540729593455,0.4895716447393366,68.78849899896419,0.0,0,0.4820716655110928,0.6357663152049582,2,FORGED_DOCUMENT,91.34498780581242
0.3810996328687204,0.3942374765553657,0.645555564011704,5.461140566433056,15.5997120851814,0.06097485614361351,1.0,0.9407274789732898,1.0,0.04826126312866799,0.1304898133128845,1.2285618838124381,0.9946570379982289,3.637523095474768,1.0,1,0.8655744411587725,0.8730133406889472,1,IMPERSONATION,89.86491237044662
0.35846384409237175,0.22761034297110563,0.733374864525472,3.617239399321721,28.604456598956524,0.08883280371696249,1.0,0.8196149592496557,1.0,0.01,0.03869866895162358,1.4,0.9287607916969952,7.334575937211508,1.0,0,0.9597459064011001,0.9049849945132483,1,IMPERSONATION,83.8884536790821
0.8008087631249067,0.6481238840652994,0.38942389560980584,19.999390249314057,127.02554827658868,0.29369654995771327,0.0,0.37738245107966994,0.0,0.09809663169347678,0.18828522857798297,2.0564644491550608,0.8299849262389156,85.48122911286109,1.0,4,0.7018237329731694,0.20821934117538524,3,SYNTHETIC_DEEPFAKE,87.47072126447681
0.7674688131021045,0.5725398139931824,0.31030022536587376,14.212376196793953,50.0,0.29623137927463805,0.0,0.5099663613207363,0.0,0.1857231779498721,0.2749051521224926,2.1947614971016627,0.7537704551233065,74.38339791616718,0.0,0,0.5979834784812182,0.19278733409794924,3,SYNTHETIC_DEEPFAKE,86.75977497854558
0.597141847773704,0.43393919342285686,0.28436787050443546,16.07576154794305,237.95309926921627,0.3401869836839648,1.0,0.45767923806319505,0.0,0.2415760650665611,0.23187066858730748,2.1903848996616153,0.5593450571804887,59.757503624563725,0.0,0,0.2916167639302074,0.594430445113745,2,FORGED_DOCUMENT,90.6708887404633
0.33176074099033576,0.45886141476240616,0.7267919065102927,2.67053199638244,15.636930565034355,0.08008456065524151,1.0,0.9796401223703768,1.0,0.031316969951318364,0.07841400695881925,0.9715798144353042,0.9542530266808092,1.5148781692143167,1.0,2,0.9397357428938616,0.9140067982896851,1,IMPERSONATION,84.31527996587944
0.9169462689862685,0.9342719106018171,0.14302768621595002,3.259772882178306,18.503167753139582,0.0520241349785823,1.0,0.9167555381517066,1.0,0.017905474343509243,0.03983719604705378,1.0052219681182528,0.8973375795488494,4.678701301706118,1.0,1,0.964888285761736,0.9044466752887692,0,GENUINE,6.797779468550672
0.28206839323740224,0.4583837391271068,0.664005572035687,2.404371477674551,32.984338635078416,0.027411250290062153,1.0,0.8863788106364094,1.0,0.026492836512103178,0.09820832992406589,1.1054425210076464,0.7,2.0949726203533245,1.0,2,0.9406999780099541,0.9715046490485207,1,IMPERSONATION,85.7934679668747
0.6329880166224265,0.45532586235021255,0.7072202315398709,32.39667106853751,198.44121386936055,0.41393719769667736,0.0,0.3933530458264948,0.0,0.0820553298903867,0.3351063308101778,2.644238011466605,0.5866071978499622,68.06278503506212,0.0,4,0.4713717189237585,0.8156851389456787,2,FORGED_DOCUMENT,90.24603762519786
0.39384688954314573,0.4876155284998421,0.44285671492887024,24.667395982788037,169.99717211998933,0.3449197617182634,0.0,0.4917965930891298,0.0,0.23371361893094633,0.2766469729084139,1.676564092480168,0.5927164414447627,80.08711738566012,0.0,2,0.5821610546607765,0.6755880256489935,2,FORGED_DOCUMENT,97.755444731685
0.9155088480244827,0.8252171502341283,0.12131991135515495,3.922227554314384,27.794120908971124,0.015217858486921983,0.0,0.9159742420274267,1.0,0.02164760841236517,0.05101775403712036,1.0373341664370408,0.932197659895425,2.1651966180477924,1.0,3,0.9995945375440832,0.9619157966591475,0,GENUINE,5.615702199293427
0.28770115236186805,0.45685553802886464,0.6642786275069453,7.436957529042389,33.3509407184177,0.02087134013091766,1.0,0.9939322542448347,1.0,0.03874745348359337,0.12378603263641091,1.0674656170210706,0.9584972707258707,0.0,0.0,0,0.8843709787490668,0.913036709754463,1,IMPERSONATION,95.91616351946132
0.8423001531146048,0.7175957355037578,0.30605584946235687,14.631796337538711,99.39371329253244,0.2636476655367722,0.0,0.5525186998205507,0.0,0.13674001455697204,0.3442688722343726,1.655569293899741,0.7926670284221554,40.187099900198284,0.0,4,0.4928218674125961,0.3257578942017477,3,SYNTHETIC_DEEPFAKE,82.97195787855092
0.38269097091117876,0.33426021691334806,0.7635081888927693,2.4834701874818372,22.556290584695695,0.057071553633046376,0.0,0.8290684123168647,1.0,0.058275494549858545,0.06358975856315652,1.1326305801889072,0.7815166413747727,3.9731377868264475,1.0,1,0.8850972214834271,0.9256361341337499,1,IMPERSONATION,87.55642303018205
0.8563431369959829,0.8958152064146518,0.11009048874093996,5.109671916345649,23.194661892730892,0.08361802009169415,1.0,0.975415453539167,1.0,0.0290909968654759,0.01878923423974792,1.1141696742305722,0.9788228011182132,4.757081940082676,1.0,4,0.94481865409366,0.9874422467174406,0,GENUINE,6.142341757328792
0.8680909324890963,0.7882672364919806,0.1593429851116034,4.5069418145271865,17.561821175380565,0.06807070663908354,1.0,0.943144737019449,1.0,0.024793609534294225,0.0967602280841266,0.99640300849539,0.9255133759292329,3.4251416397594707,1.0,4,0.9417028136551613,1.0,0,GENUINE,1.619137904055978
0.43591004619912876,0.558285149174984,0.6450311075555262,1.732543985137509,24.541176989783068,0.06844783230041154,1.0,0.9263127385330673,1.0,0.04665944360668109,0.10125741279747938,1.1930873317061144,0.9001180655198225,1.6091181132954262,1.0,1,0.9970273849075472,0.8794231925450049,1,IMPERSONATION,83.804511814079
0.6523343112838962,0.6183685656466121,0.5742090658910887,15.317838893145618,196.39663800202823,0.31430580437013356,0.0,0.3748898378966301,0.0,0.2119316288909487,0.2591270819927655,2.0905472417168025,0.5990534538137628,80.73678190556633,0.0,1,0.6046481692973483,0.43655116242182984,2,FORGED_DOCUMENT,92.00796147390362
0.49865622176888813,0.5252126323490685,0.5135353144975661,24.370807702519954,178.2743051636763,0.19710588785793637,0.0,0.24838314199803185,0.0,0.2325297074986063,0.40216921134958317,2.3049167475739396,0.6338895722826903,66.15763863179811,0.0,3,0.6870623285477397,0.8216036105378401,2,FORGED_DOCUMENT,91.05339431617506
0.5552653224825234,0.4352535997269595,0.31662993701765696,36.8116369211906,144.194327801558,0.3010352623008877,0.0,0.24954179051199255,0.0,0.1796862742536246,0.37451829177950396,2.862533988408698,0.6791898403037396,73.97075579180655,0.0,3,0.47696481682691927,0.610042320934828,2,FORGED_DOCUMENT,83.68281921990928
0.99,0.8044740339150981,0.11611454971874774,1.9745061504936252,16.90209602886378,0.026709301407155748,1.0,0.9041595328896953,1.0,0.017002614233907972,0.06334412187063676,1.1813969820727444,0.9430037505149824,2.1254030757622973,0.0,0,0.9018616331611239,0.9389950405461169,0,GENUINE,5.607697184931427
0.6953419141649982,0.6628246767452777,0.22396265936951243,8.815850740718405,103.99724417404373,0.25027533713995054,0.0,0.5183079000004588,0.0,0.09590132845378356,0.17178849905569712,1.43947160922789,0.8514029677217394,65.17097950118853,0.0,1,0.4867543820304822,0.1873654549964373,3,SYNTHETIC_DEEPFAKE,80.65650877096772
0.6450954459980295,0.38742218847753185,0.47809246295015595,26.764332542491196,183.66645483123904,0.41592486019175745,0.0,0.3643703144163281,0.0,0.2285883197695776,0.25003501084056573,2.5606539826702437,0.6101654110955382,68.47284986807777,0.0,2,0.591002096174696,0.6111917334332461,2,FORGED_DOCUMENT,95.50710390267399
0.5376435677810942,0.4535112632457253,0.36900443376989134,23.020215125519865,148.82885689563113,0.32687934151830256,0.0,0.31778813337441014,0.0,0.32682807405329456,0.2322480753555337,2.866765129114501,0.5530318282617428,77.35568653555909,0.0,4,0.5668796438882284,0.6799178035948138,2,FORGED_DOCUMENT,83.81674103910377
0.13116312830559188,0.5254069091375783,0.6757647313303052,4.474862865688078,8.0,0.03740433261634601,1.0,0.9022711511659531,1.0,0.034156767667281415,0.06405631844344964,0.9244010702547987,0.8172346405917982,5.916646571894466,1.0,1,0.92468707717621,0.8646010339185808,1,IMPERSONATION,81.7845960136601
0.7817269530338807,0.7124543499315282,0.47341153554881193,19.67914286566194,111.32435921603604,0.24659219500033888,1.0,0.43858931449502225,1.0,0.20404530031315887,0.19244934697779012,1.612090210874943,0.5801344250858846,51.31605904787004,0.0,4,0.5626122540318234,0.2667996880632258,3,SYNTHETIC_DEEPFAKE,93.63405307619338
0.87567939270518,0.9202473028524417,0.1680818012523817,3.0258562944738507,20.668373633050482,0.07076073132931938,1.0,1.0,1.0,0.010796091949326242,0.051740941364763426,0.9900992649534133,0.9245880388267752,0.0,1.0,4,0.8832561414793776,0.9576134793986066,0,GENUINE,4.5393845736912155
0.3700208168804445,0.4755576554005374,0.7738924971475581,21.03645334495118,193.76483025326303,0.3525318708647427,0.0,0.38924078087522695,0.0,0.1637685417457137,0.23359905300309547,2.9153247548891743,0.3587762515078856,92.09523673735083,0.0,0,0.31155619383057087,0.7956258260833389,2,FORGED_DOCUMENT,88.88797769051527
0.92,0.6526814616370581,0.36877777478911833,17.870841020556647,138.40012785272526,0.19793300155843896,0.0,0.5361087585217578,0.0,0.13682878977465301,0.11619115224962846,1.3925818822312266,0.8993134524459916,57.55103673387266,0.0,4,0.51619359791838,0.26425467093657906,3,SYNTHETIC_DEEPFAKE,98.58238564097216
0.8848150593827064,0.7850066778737114,0.1438782593598293,3.836965636988523,17.729907945578734,0.028182252751383575,1.0,0.9686468739103589,1.0,0.02709536170726441,0.06235500356174569,0.8892395519319648,0.8285222476783769,0.9868869319051472,1.0,4,0.9348680402210721,0.9506073177016173,0,GENUINE,1.7629835601928954
0.592641298006329,0.5966825370995702,0.42261431918780246,8.0,140.50714416755397,0.3328168822137201,0.0,0.5382222114983727,1.0,0.13124246943526496,0.18160212839386286,1.3502669365762068,0.7411579932323215,64.45763071784518,0.0,4,0.46022253839486904,0.3475192143937652,3,SYNTHETIC_DEEPFAKE,88.55430794661015
0.5932720095034706,0.5767814432956943,0.35465325356245275,23.702452203832898,180.24038493208798,0.21067973827863895,0.0,0.5215024972829759,0.0,0.22942906959957587,0.38286807129506173,2.2551906450423336,0.9035632784225243,75.31695818006584,0.0,1,0.5933793096008051,0.15418723950490176,3,SYNTHETIC_DEEPFAKE,88.94214890340874
0.1,0.384995003901787,0.6690737839938747,2.367533580333306,8.0,0.05673945236587721,0.0,0.9838469632253724,1.0,0.01,0.04669916508384014,1.0997302669479245,0.9699935995354905,2.8752569716373646,1.0,1,1.0,0.8771370353537151,1,IMPERSONATION,95.40497256919191
0.6469678512803625,0.536615668300178,0.3990027259849801,19.659060090009024,212.50790648327825,0.3000689407497881,0.0,0.22452167240238802,0.0,0.12787451238443326,0.3444315068300978,1.8867970278340094,0.7368459937177155,57.70533980737691,0.0,0,0.3994187273638708,0.4621907406928958,2,FORGED_DOCUMENT,90.92626140991578
0.7359003898511502,0.3199579022954499,0.5590819712605272,24.00078325373121,175.49784589661854,0.22567221091444348,0.0,0.33427476359178016,0.0,0.17806510916775162,0.2576709539429954,2.436132824151388,0.5988051656291647,75.93261022717924,0.0,2,0.5612506512408462,0.529583800120659,2,FORGED_DOCUMENT,90.95702542302865
0.7858830036055802,0.5532132994935722,0.5803262755794045,30.71235135494367,206.6171503109542,0.3237084103369329,0.0,0.39229546596448417,0.0,0.06,0.2903562413159706,2.690132408215419,0.6557856638433412,87.40275984739412,0.0,3,0.4648747598562332,0.8041731503412343,2,FORGED_DOCUMENT,100.0
0.6369210760509191,0.667336642178887,0.4994578062367883,11.328155218834604,123.95598247718257,0.17546769416954294,0.0,0.47994065988775825,0.0,0.11102656166332805,0.29926536474707005,1.1,0.5177561984616129,47.74413157358144,0.0,2,0.4328979781486362,0.13476466083595312,3,SYNTHETIC_DEEPFAKE,91.9833587565768
0.99,0.8815429134601972,0.15413864518927128,3.8441393998090816,5.0,0.05490301728569635,1.0,0.9187833264723428,1.0,0.029672729750616862,0.04177950126993654,1.1221622984073039,0.9010620081698454,5.623990483164697,1.0,0,0.852224701207199,1.0,0,GENUINE,5.95785635555001
0.7242932592436263,0.5201790045951856,0.34228727892607774,12.058901860942672,84.50923879725056,0.08,0.0,0.5181932443574417,0.0,0.15637035674970962,0.31678387696587323,1.6853206213896086,0.7558273145556625,39.65333222900759,1.0,4,0.6275680723369862,0.32236193510690725,3,SYNTHETIC_DEEPFAKE,85.80817857457487
0.862269862628015,0.8425429626364141,0.06902219856162971,3.470477208175473,23.739098844671638,0.032181538809505195,1.0,0.9672639946702207,1.0,0.012948179759745713,0.06317627949767796,0.8612966238474009,0.9204294069254092,4.578229510777133,1.0,1,0.9221050700063513,0.8471605542897933,0,GENUINE,0.0
0.8875219189459101,0.9312979151201984,0.10943714404314037,4.242320994944243,20.394351601612954,0.038053263626746346,1.0,0.9448863124768818,1.0,0.03214797056894385,0.03804862728466068,0.85,0.9520266795815517,0.6980449753482489,0.0,1,0.9676752457942034,0.9087306168081395,0,GENUINE,6.983401264859847
0.5641441751142926,0.6156314718823737,0.5327345317500946,22.169542481862123,116.63564556653346,0.28753966113490737,0.0,0.3229297229140168,0.0,0.2130956499838617,0.22940220227321756,2.1213004308894345,0.5303859107829305,78.1049589784925,0.0,0,0.3385224067427447,0.8129768676855057,2,FORGED_DOCUMENT,91.58259451785399
0.5959708017409705,0.5399505085045717,0.41819411629834413,12.290233641483495,136.8229971585971,0.2388814496368729,0.0,0.4339432793488254,0.0,0.126380960904807,0.40474735253636296,2.148829460275172,0.8343548916678167,86.82946535309738,0.0,2,0.46508625907416223,0.40430274473739947,3,SYNTHETIC_DEEPFAKE,91.23456462553061
0.4090260221911502,0.4323323961464979,0.7587250864161922,5.2208612394778084,15.541966020707715,0.02,1.0,0.9524937680923012,1.0,0.03125580139667583,0.1169588571148649,0.8,0.838455852476879,3.10661446025555,1.0,3,0.8847050613135825,0.9731539301661845,1,IMPERSONATION,83.28513651125722
0.9405112494867149,0.9572182160868641,0.11754043375481601,4.376674528892897,16.278059788416222,0.023328820254414663,1.0,0.971060199266187,1.0,0.016066611876726394,0.04548572704861334,1.020341475117841,0.9608876347938026,0.2659104105260406,1.0,0,0.9286756399505898,0.9147189063517028,0,GENUINE,3.2226535758369375
0.6123040084273426,0.4918555326688982,0.5235041816050103,23.843286333403512,163.8757817667712,0.2990451574360186,0.0,0.8,0.0,0.05017215812988342,0.30790213077349415,1.3839915405357168,0.7906756084405058,64.54827236105285,1.0,1,0.5479198683278861,0.10638769583251417,3,SYNTHETIC_DEEPFAKE,88.12848438696928
0.2757953426866922,0.5326895578402016,0.7649794738656678,5.913274617809369,39.3388830299456,0.09301985542649996,1.0,0.9266501827215334,1.0,0.01,0.02,1.1027175105415719,0.8874902289164245,2.3326101944761524,1.0,4,1.0,0.9445743227530379,1,IMPERSONATION,74.93018483775023
0.39020178908818937,0.5450309855907711,0.3702036637756818,25.140399990380768,218.31500401504155,0.2628397946540625,0.0,0.4271577245721738,0.0,0.2189920735741462,0.476960921066816,1.9021752829065595,0.8033291270160192,79.10792772342975,0.0,4,0.3197170173968309,0.8508770012218053,2,FORGED_DOCUMENT,85.80059650673793
0.4876238045286137,0.6788997375405645,0.5641688735885294,21.209316719946465,202.7049371277529,0.3720641565646336,0.0,0.36149235506867605,0.0,0.1503020188971905,0.3926876522796942,1.894316382369959,0.7221743096894245,78.8947870600833,0.0,2,0.5694594405092189,0.6962334052437189,2,FORGED_DOCUMENT,85.87587786234808
0.7003088742747896,0.5241429972327727,0.392364129576865,30.392654143810255,177.37493006203346,0.14,0.0,0.2906685204617791,1.0,0.14351390858409235,0.3005463443889144,2.7301662778661893,0.6899776778782968,63.193546012685445,0.0,0,0.4763388649031121,0.7220783796285577,2,FORGED_DOCUMENT,91.05035940190933
0.35074075385757286,0.3546924427830586,0.6825504901535236,5.8977822525241415,8.0,0.027746943285655384,1.0,0.8573456151729271,1.0,0.0418004659519906,0.11958195924293749,1.2842149036918278,0.9374600214003352,0.0,1.0,1,0.9321170066165987,0.7695746046383063,1,IMPERSONATION,77.94028873304899
0.4595553491786266,0.4404752689698994,0.6130016926937798,27.761046922953586,220.35539226881696,0.2608765805294541,0.0,0.40440385305950244,1.0,0.15863173039539039,0.445408837600204,1.6105379426629993,0.3915183246293522,68.49492077018482,0.0,3,0.3985957115893549,0.5162595433738297,2,FORGED_DOCUMENT,95.35089087373386
0.3892308398611385,0.15,0.7583609727476763,4.426928306730688,26.94861409938855,0.06023289050362266,1.0,0.8459393522244806,1.0,0.020417023713905177,0.10629568191660196,1.124482745000359,0.916044172016864,1.7809306034676546,1.0,1,0.9869297617569386,0.8004559051982448,1,IMPERSONATION,83.89770762913247
0.9083651285079537,0.7526778258318322,0.20164290644327906,2.4330203221727187,22.185191308546106,0.017883325108142837,1.0,0.9368038138691352,1.0,0.018044654863754346,0.06017818875261383,1.0181365161326892,0.844106327320648,2.9137187021469626,1.0,4,0.8695133739826851,0.9101237215867843,0,GENUINE,1.8678422205160174
0.32982566292952875,0.43512828600816106,0.6202122166091171,4.943711547239206,18.22465732788396,0.02,1.0,0.9458522425481071,1.0,0.06290770650207998,0.0493418404215314,1.1713651971658254,0.8509961447559868,6.587154437715164,1.0,2,0.8957447251762861,1.0,1,IMPERSONATION,79.72052591562604
0.7999486988786201,0.8660876208433027,0.2144781612082723,3.8426269169335483,12.89047490356258,0.01,1.0,0.9687775464429489,1.0,0.010772853135923325,0.05604153697543203,1.167799396726546,0.9311959549876797,1.7034445740734752,1.0,1,0.951809303001624,0.9404706529977752,0,GENUINE,3.173703793175675
0.9312384826640714,0.831027167639802,0.1193452658545811,6.094781167807964,24.891362495281506,0.01,1.0,0.9465967946463028,1.0,0.027706783295231113,0.06334112206939584,0.9500853421908083,0.9195591476877096,0.0,1.0,2,1.0,0.9855593717710861,0,GENUINE,5.440160583064688
0.2819894042009852,0.5718162791835181,0.6844160064189522,5.814988553351476,24.774559547369446,0.02973292836581361,1.0,0.9105093904635574,1.0,0.04274917986209954,0.09533077018113326,1.4,0.7938997048709683,1.5860572788476377,1.0,2,0.8406248061314124,0.921687337389965,1,IMPERSONATION,82.34564669519881
0.8436962154404858,0.9033343290504966,0.16063278811915097,4.841418843995818,12.88091589501958,0.022489499463762667,1.0,0.9661383062857474,1.0,0.013973521946946846,0.07603698336320192,0.9572581115622523,0.8952305378534376,3.1282591208027304,1.0,2,0.9244284723309002,0.8823014148114072,0,GENUINE,8.023875798651535
0.5568203351151331,0.6284465498058412,0.6554254933037424,25.253987419671294,275.40092385932576,0.271614370724763,1.0,0.29952065754942037,0.0,0.09517561565565133,0.2797373345754906,2.918608269199672,0.8545942005289556,66.87671512865802,1.0,2,0.34767443830111894,0.6708140294781602,2,FORGED_DOCUMENT,88.21394980759047
0.39381528671358434,0.6774328883567098,0.4724231423902547,28.105867368913614,229.6287606263971,0.40087549446102894,0.0,0.34350692946298134,1.0,0.22137335054307006,0.27177077490489654,2.2172898103138063,0.38775900563427534,64.80568791358893,0.0,4,0.5333158339930915,0.95,2,FORGED_DOCUMENT,98.44081547173447
0.7067830892407911,0.5217758672640731,0.4715024736445632,18.946436067104386,91.24442174374549,0.25916535737071117,0.0,0.3624999703557454,0.0,0.14114434219905006,0.10458364052244484,1.6442883784548887,0.6873565065090143,41.85166862440808,0.0,2,0.6034316638399484,0.060641317007210566,3,SYNTHETIC_DEEPFAKE,88.12001391279487
0.19409224201851114,0.4125298188897825,0.6799386731501125,3.0157217413345307,21.441516878578504,0.02504025504411824,1.0,0.829344336207579,1.0,0.023054185236932836,0.04157082944769296,0.9592051821618002,0.9239155614213242,6.834770435885195,1.0,4,0.9562273714856379,0.8948249058285638,1,IMPERSONATION,89.12149052775865
0.5101609265485342,0.35834094655440796,0.6440063386166467,12.683004030631716,169.24061535696745,0.3600902042485285,0.0,0.2731834269304809,0.0,0.22155050610722388,0.2776818939276881,1.9157747128846445,0.7419889350306443,81.45346024787787,0.0,0,0.4054638241444511,0.5879851278570329,2,FORGED_DOCUMENT,98.3868628031543
0.21587031899020726,0.30497177221738386,0.7837113775065734,3.4730571530998784,23.14734104545181,0.027730485492753372,1.0,0.9401949827275421,1.0,0.04547115412413627,0.06017176213700401,1.0610003958978507,0.8359107007967497,0.6611336069099805,1.0,1,0.858553454227167,0.9103983532514848,1,IMPERSONATION,80.53873514926887
0.4602765215363077,0.15,0.7215105435348919,3.4268477029779225,36.05102390102394,0.10639196061569486,1.0,1.0,1.0,0.07161385020860594,0.1788773508972743,1.0752988270995416,0.8628383239731273,5.231745177168687,1.0,2,0.8569798750789815,0.9201481929915439,1,IMPERSONATION,85.70969998341388
0.4952600781866906,0.42434020709857107,0.5095967015697547,24.78336567054762,131.83514322902107,0.27471824112431775,0.0,0.3124523317172024,0.0,0.29391701402138715,0.2556848469088133,1.7139119960729334,0.6408752692598931,68.55605147988491,0.0,2,0.32766278802528426,0.4,2,FORGED_DOCUMENT,87.09632053568625
0.4556326478557899,0.44085989573504825,0.45341683724077086,26.037897181112566,125.47465955511092,0.303547498223095,0.0,0.46761079914933457,0.0,0.2202950821674725,0.35531085350758895,3.0256603996610254,0.5840726126258053,65.71045476138542,1.0,0,0.5238813079331524,0.4945027987115856,2,FORGED_DOCUMENT,92.93105777331252
0.9483767764344067,0.8013976832692818,0.07350835458983648,3.559282622082882,21.710271150223992,0.060778735228728675,1.0,0.9759150772250379,1.0,0.016606229937018893,0.047041213961848204,1.1487167793149875,0.8594921487884657,3.1436992922834426,1.0,2,0.9113316468433191,0.9590673699397838,0,GENUINE,2.7961056341734367
0.82,0.4975572416218798,0.6327235676885887,26.83491837860923,218.99772079095152,0.18683625775119073,0.0,0.28166092078010263,0.0,0.12273060448536276,0.15,2.175954565457313,0.7715196071522374,56.32546172477011,0.0,4,0.3387696129442099,0.95,2,FORGED_DOCUMENT,93.62104394752997
0.3590880860212354,0.32159633758644873,0.7462761008169962,5.199514476362319,18.211423120486323,0.03124703684245862,1.0,0.8778946215538869,1.0,0.051983129657125045,0.023285632351870096,1.1817825830894166,0.9355786283914194,3.5979744070398847,1.0,4,0.9129123483893582,0.9758881582133435,1,IMPERSONATION,78.75596151678094
0.4867427385367594,0.30089410610140516,0.6712516696766199,6.323868543029738,17.784831957303126,0.055033938310569706,1.0,0.9676698974453787,1.0,0.05784190488242366,0.06873885160542714,0.9471106941802594,0.8999645144246046,1.184863884462806,1.0,2,0.938320685887773,1.0,1,IMPERSONATION,85.79242041920776
0.9319791970157234,0.9625348644781352,0.1791083522240029,3.9885948198425814,15.83506785420337,0.046587462911670534,1.0,0.8995438203493376,1.0,0.007485861275157733,0.043503352526613616,1.085635745062929,0.9917233434673027,2.8856959786279317,1.0,1,0.9329290334753687,0.8880552680454501,0,GENUINE,2.9721156321447384
0.42889461765118625,0.27496851239932013,0.6000823972179596,31.35531049393943,250.3235425698867,0.25181293932168236,0.0,0.3021367423743725,0.0,0.17404467304918583,0.36530303758974625,2.2102000901740912,0.6651837215091148,82.48986367011992,0.0,1,0.5801008156241536,0.5654827321783997,2,FORGED_DOCUMENT,94.93239259480399
0.559726936270951,0.406068258142383,0.6359534487081606,14.657706573999205,160.60624002284544,0.42503257765269997,0.0,0.21845466760630103,0.0,0.08561007410533131,0.459257988477891,2.544071720950431,0.6400518257356435,54.75157270837289,0.0,1,0.5230489665729964,0.8820390724391356,2,FORGED_DOCUMENT,96.74738530414265
0.2963767057027801,0.41308719813459216,0.6759738445626302,5.390092802663336,19.11386869442926,0.07856654453595278,1.0,0.9874992263828098,1.0,0.03547519410927907,0.07916808677871155,1.1421543126268183,0.9047266893963566,5.502486016186516,1.0,1,0.957627967570592,0.923885864288474,1,IMPERSONATION,84.59642071116379
0.34899812877490627,0.2553748550456467,0.709231602785414,5.429303047218685,9.952895288120628,0.10381249825993669,1.0,0.9352695664530614,1.0,0.04365169976754975,0.02,0.9377630060002374,0.9010693942802169,2.9480996692152694,1.0,2,0.9116498301263337,0.8839137407678959,1,IMPERSONATION,76.24485001160696
0.375144325807691,0.4755052178849532,0.620904692169846,2.85823316757259,17.041986746631352,0.05810931067860329,1.0,0.9329531574821359,1.0,0.04663085330145067,0.08485042649396739,0.9409613870850588,1.0,3.004715738635382,1.0,3,0.9268824480361152,0.9643853926835004,1,IMPERSONATION,75.37735265606509
0.8344158310540695,0.6724203485037772,0.3827766753659417,22.887736402343208,50.0,0.1782277061906137,0.0,0.472407805174763,1.0,0.1178837045178507,0.14442146129938466,1.8068950140012283,0.700211815787291,76.34581743720237,1.0,0,0.7859446269147036,0.25983786394123215,3,SYNTHETIC_DEEPFAKE,89.12413959423024
0.9436383147292846,0.803171762087832,0.10659578872977563,3.14595486158349,10.895706190925988,0.04220599157266843,1.0,0.9470992384245025,1.0,0.035549226766366016,0.030375993295249017,0.896176914885165,0.8787674336174465,5.426920128603632,1.0,2,0.9383965945050798,0.9644805564776988,0,GENUINE,5.65328533508931
0.7264978970045739,0.7987940617272569,0.09884022443408527,2.5640783949131034,14.005811174269427,0.06434747139503261,1.0,0.9846166625701911,1.0,0.00937702844833626,0.02603433228505684,1.106359665924659,0.9489821614661323,1.8096048976250154,1.0,3,0.8945815642520747,1.0,0,GENUINE,0.0
0.92,0.7208249490717991,0.3627130833110719,15.471546011282513,138.41475544827426,0.21361972687642553,1.0,0.3709468759993961,0.0,0.16983375018858624,0.19215792526027065,2.5155691305562295,0.8759184030538241,59.93342662311381,0.0,4,0.3148790381630519,0.22413946785671776,3,SYNTHETIC_DEEPFAKE,97.89271579437971
0.4939042399104228,0.3959463186115526,0.5890457518220626,21.629116755753927,141.6750785774909,0.3356321855880195,0.0,0.3302083133949906,0.0,0.2513316182212252,0.32126269475549923,3.032650368630747,0.7739975641893908,95.80752443807572,0.0,2,0.4881944698470713,0.6770435557855967,2,FORGED_DOCUMENT,91.02571570270925
0.6802181882323145,0.4817396482722889,0.34145807461222405,38.94916526926525,228.72608268071647,0.3186552736758649,0.0,0.32751806094576863,0.0,0.11413477748997447,0.33581268496631683,2.4361344502533546,0.8828835241439901,87.89381429711803,0.0,2,0.24190499096026286,0.6835483088998542,2,FORGED_DOCUMENT,84.01115373650246
0.6447230494495354,0.6353586260540425,0.41804001335061747,24.081377103259857,134.79426392477848,0.08,0.0,0.7658108601685837,0.0,0.13146078039515977,0.15162764158870623,1.4489973618240684,0.7614082728706972,59.660855767797344,0.0,3,0.7238913873671267,0.4101004642607833,3,SYNTHETIC_DEEPFAKE,87.80298849610138
0.9304503255619994,0.825102196281948,0.05343115696034807,4.844298792693572,16.718618892076975,0.0413772402923014,1.0,0.9533854153749776,1.0,0.01735385296627871,0.057285004244459786,1.0426459031113446,0.8987105578542601,3.2066586997937305,1.0,2,0.8689595298380639,0.9925576395024343,0,GENUINE,4.831422114991559
0.5291184415445859,0.34547532875210085,0.32936269976840127,19.24928012932037,166.5438682203058,0.34559993087338076,0.0,0.19308110250637292,0.0,0.3432040264789786,0.4752966701079024,2.5276414371633957,0.3728459697845612,77.72406313224609,0.0,0,0.4335790850416193,0.7957399181688629,2,FORGED_DOCUMENT,93.67238309044933
0.3838946331210854,0.6564088953107192,0.29000005961658093,32.838724436214605,220.8753785904591,0.24483483939547704,0.0,0.23603066377318027,0.0,0.06,0.3722393471930415,2.9887232893827296,0.7104404230347705,79.260384222275,0.0,1,0.5222591715883482,0.795000624767803,2,FORGED_DOCUMENT,90.17924207595891
0.6516501541032512,0.6038657890644541,0.4473236724742886,17.824382194234627,102.79081362137813,0.19105778090434822,1.0,0.6571245978910767,1.0,0.18536944102521136,0.20201794337220275,1.7670213178931817,0.9169321414244568,70.36598431767516,0.0,1,0.40359182685070494,0.2752596524527133,3,SYNTHETIC_DEEPFAKE,86.78561026863042
0.6676025509520896,0.8207676790173848,0.34316049876128174,21.300482985146598,131.53657368249065,0.2408160080715404,0.0,0.5090346363261016,0.0,0.20965706429272046,0.15981021999795084,1.9902196363498057,0.8318929429016297,64.65284219601273,0.0,2,0.8003579158695117,0.22162952439570324,3,SYNTHETIC_DEEPFAKE,92.89161460900944
0.2328497723071797,0.40731360233095826,0.7477235039366797,3.3178371016135357,30.71417797544879,0.07146101117148032,1.0,0.96140350038852,0.0,0.025975690442158184,0.06375883382349139,1.1605769721812604,0.9555371872201451,3.890324094283636,1.0,4,0.8647972251539565,0.9824202014572218,1,IMPERSONATION,86.53672875550527
0.8970250614196901,0.7808488661369475,0.10765745169373175,5.299542686356,23.176094023431993,0.03921960961244912,1.0,0.9504970468219306,1.0,0.01977422058905582,0.028582951626311227,1.2111419087139723,0.8559772214498766,2.784219731831621,1.0,0,0.9473884189912433,0.9875166215004262,0,GENUINE,4.231248304768126
0.953743018380857,0.8600036571346721,0.2565885041031082,5.311375654766829,17.9821019273304,0.03788424248815769,1.0,1.0,1.0,0.02137325575855229,0.07817843120543447,1.2202907340126667,0.9097890316087945,3.0279330489025233,1.0,3,0.9792001673826551,0.9667429154396461,0,GENUINE,5.098839858794673
0.299718366346022,0.5633329585150275,0.6189498833598056,3.278784703129223,34.196137448927225,0.046651608273142416,1.0,0.852650940576628,1.0,0.04945420785844348,0.07922726782912658,1.0952445080300137,0.9733774186643498,6.676894352480224,1.0,3,0.9327116091359215,0.8575550116166032,1,IMPERSONATION,80.05496702805335
0.6277759560891417,0.7574867278608346,0.47430774221117655,21.111640869653,145.03762630289987,0.1687580939058007,0.0,0.6264628752089323,0.0,0.12968861481411764,0.22979283956802324,1.1,0.8158212056168943,50.56685665852145,0.0,3,0.7471714132348546,0.33931922129320763,3,SYNTHETIC_DEEPFAKE,79.9380329875292
0.7381677795073278,0.7489796118051881,0.42638025733995155,19.15800460674398,81.81932678140811,0.2702364153371838,0.0,0.8,0.0,0.1129075409377417,0.28802541630848627,1.725755455745754,0.9346186998423417,64.21296477638849,0.0,1,0.5242689310673121,0.2072461838841391,3,SYNTHETIC_DEEPFAKE,92.26990426261612
0.7921532858658707,0.727861704874958,0.41047626418729405,11.313286558182707,86.13556018845868,0.20405883931669325,0.0,0.48286520495637064,0.0,0.03550455700952289,0.12091642887744387,1.5570363009295458,0.7106238441754666,92.0,0.0,4,0.6247595313141652,0.11825281871989986,3,SYNTHETIC_DEEPFAKE,84.51651092276747
0.28189754993527194,0.4198887160579033,0.6179499916241593,4.182122415040764,20.358858619457664,0.12013395191819227,1.0,0.8717014604449935,1.0,0.01572086866777026,0.07633346836599018,0.9830736824810441,0.9389740878440954,0.7514508888905405,1.0,1,0.78,0.9750851092010071,1,IMPERSONATION,90.7043778238039
0.3978535517278793,0.41524243723614485,0.45886843292159685,23.46150918800372,144.51670722040208,0.37725029539592647,0.0,0.3238109046658547,0.0,0.14264664741426034,0.38927180692058116,3.639319444329585,0.5593646108635535,75.06784142228182,0.0,1,0.39140477404334595,0.8964517581412133,2,FORGED_DOCUMENT,90.04089169545959
0.23807506355314234,0.3582184819725935,0.6119473423863165,2.9454287639839745,8.7835978591547,0.11298350053948839,1.0,0.9275854644874842,1.0,0.01772345962612539,0.07423936153263676,1.0791629553349804,0.8178472856886102,1.232297000030869,1.0,2,0.9864810309807692,0.820505486666952,1,IMPERSONATION,85.81041960367305
0.849730210943702,0.8940940403432406,0.04802842508400339,4.008753379622849,12.265558601649314,0.04033098797818227,1.0,0.9494383317686419,1.0,0.03842651372883343,0.0617390458236675,0.9398541029270272,0.9365405462629879,2.0433853804932824,1.0,2,0.9496862996296493,0.9303375536560766,0,GENUINE,5.062362503865713
0.4966678492202016,0.6633303701236338,0.4222512945978538,19.231787197239832,77.31942183731856,0.15364516170253711,0.0,0.34242032344178897,1.0,0.09451082416644811,0.21988505980212047,1.8458724637026043,0.6869924269256085,59.764209885219664,0.0,4,0.4730444537857309,0.31740618255047487,3,SYNTHETIC_DEEPFAKE,93.4000171578743
0.44516399240187554,0.37154312154420865,0.40821188442696166,12.0,167.01478433337533,0.2800638614921953,0.0,0.45752145731330895,0.0,0.2208630311758239,0.21910226371150965,2.1814436113442977,0.9,89.13933385731127,0.0,3,0.41677387977834907,0.543913185801358,2,FORGED_DOCUMENT,96.48156956125332
0.853597330798181,0.8591518404100263,0.22206366445330578,2.0769654185846727,25.478982512929758,0.04020466122039174,1.0,0.9539262742250534,1.0,0.020608966071171603,0.05227034690502497,1.0862130674521047,0.9993008408072677,0.6432767517597264,1.0,2,0.9578515739200767,0.9954496926847705,0,GENUINE,5.453566892565204
0.5785248289414151,0.4209123798975536,0.37457566500878003,19.222886094330896,182.32508042804346,0.4148687385069546,0.0,0.3913740371858607,0.0,0.15637334300501346,0.331238989261181,2.674387649705208,0.7973148116997925,67.62110815758841,0.0,3,0.4159054030064525,0.8777040859980821,2,FORGED_DOCUMENT,91.70278201603375
0.8289079756011497,0.7626493101225427,0.30544745820717084,19.731403492298462,73.46294452156592,0.21142952643646953,0.0,0.4066081017234764,0.0,0.1471364835611793,0.17706563556464702,1.9931372925138942,0.821001561714865,68.16660675381708,0.0,1,0.6066641882361081,0.20960446600011634,3,SYNTHETIC_DEEPFAKE,87.20531859132048
0.2194405691961889,0.3754359784964883,0.7673439613652042,2.3126030559490682,27.092425654986116,0.12967827675788296,1.0,0.9717266237113775,1.0,0.036212344569322964,0.05128587142583858,1.199379571851184,0.932351050724861,4.079822348075326,1.0,3,0.8923439567426145,0.938340010813521,1,IMPERSONATION,86.4001121941818
0.3236470648085309,0.46372914429568024,0.6691421269283149,3.6751719763154953,20.55354043930219,0.038560076494770223,1.0,0.7812687798237022,1.0,0.018025203753873703,0.06450045346921239,1.0429242581633402,0.8535008552897284,4.0584802024419995,1.0,1,0.9479549679785318,0.8129989889755805,1,IMPERSONATION,68.0
0.7266315037517274,0.6380456060263432,0.32565025549522514,16.585507522593797,117.39389187465453,0.20687263179735266,0.0,0.5449813654709801,0.0,0.12078692898661592,0.16946678975341156,1.6499305100657775,0.9055691426258625,83.70879496786367,1.0,3,0.6885411505564205,0.13248641660134203,3,SYNTHETIC_DEEPFAKE,96.25759725502355
0.82,0.377109206473329,0.3781727230753613,25.69368725807901,224.39772724299846,0.2726888262359791,0.0,0.20255110455402717,0.0,0.15150777211377583,0.37465295159794293,3.090590931881951,0.6560345938655672,78.1087312021039,0.0,1,0.5795212710271538,0.864220644651726,2,FORGED_DOCUMENT,82.95086076620237
0.5770910156291652,0.8293015021835529,0.32217567173712414,13.499270856928542,114.57582804449991,0.19372660434592287,0.0,0.554051336548667,0.0,0.23620010256854823,0.12479884439433533,2.202022053592394,0.9334223114166482,80.15397690347511,0.0,0,0.687302558586913,0.19957591727790186,3,SYNTHETIC_DEEPFAKE,89.769026875022
0.46995543548146856,0.4967126597780202,0.4855154032362643,35.79381339890808,165.32121982154936,0.28791984460998377,0.0,0.3736947566439728,0.0,0.16763787967938398,0.4439153860536976,2.5573270273674464,0.5632516328013359,76.46834011329409,0.0,2,0.4719648799318289,0.6579613715156502,2,FORGED_DOCUMENT,85.67289737357734
0.5853509725256386,0.45253346565279956,0.2603431137513644,23.54395953200683,87.90652686836934,0.08,1.0,0.4260708898430389,1.0,0.040479273161958915,0.24475879519977303,1.780658537905198,0.786147420146126,61.34838274007704,0.0,4,0.5478205573532351,0.1035283102768011,3,SYNTHETIC_DEEPFAKE,87.55207556817146
0.9619519201111594,0.9641514468245461,0.163091949320319,4.756286529652325,26.878048958965568,0.01676377847277126,1.0,0.9081149280110206,1.0,0.019424460795940953,0.014930172851612404,0.9886004903692048,0.9357186767099569,2.08654185091731,1.0,0,0.9343362780758523,0.9074614653151064,0,GENUINE,0.0
0.26272409170500766,0.17752604658019036,0.8395799081707407,4.970106552260933,26.43763946003222,0.05003782932264043,1.0,0.9309258747498187,1.0,0.027213669583071202,0.05503188756681632,1.0834486271101091,0.889051056583824,0.8567319828065765,1.0,3,0.9133379275291669,0.8840560106629225,1,IMPERSONATION,87.1425435402561
0.8412692844346362,0.7976835239877595,0.12343180665681555,3.5934042628663447,13.334593349038983,0.015283245172955501,1.0,0.9652312615702505,1.0,0.020831897167215143,0.01959648588883112,1.046320292299676,0.8992155899855219,2.8592342021691692,1.0,4,0.9559859642167586,0.9204777166535443,0,GENUINE,4.6531279065051265
0.9388928426038049,0.8731490389944753,0.14926408706825317,4.755686515635592,16.81168936069348,0.01,1.0,0.8979767369988036,1.0,0.019108799604872117,0.0475417738689709,1.0124696345244877,0.8649374047576445,3.231509912384941,1.0,2,0.941748106723371,0.9929472804839501,0,GENUINE,4.390120099740963
0.42539917745026035,0.2417778130460021,0.7960282746266186,3.722762247573107,26.80586412116473,0.032813540038583666,1.0,0.9285187948324404,1.0,0.03627446365793814,0.020615808323213893,1.1712400749516285,0.9876748006270653,3.150704108636744,1.0,4,0.9916100878496807,0.8209176527396775,1,IMPERSONATION,82.74334094715908
0.8057036272991872,0.7272366742288644,0.34475613332489635,15.363097438125129,102.04554664476443,0.21023433475005865,1.0,0.6226885522948009,0.0,0.15802852285132743,0.2426723094566669,1.2236654484916079,0.5451175774912344,66.76635480736758,0.0,0,0.4838736681571214,0.16464752875286215,3,SYNTHETIC_DEEPFAKE,91.51972099308732
0.800856168310902,0.9188745877001514,0.16970358550567316,4.153209425142078,28.49185427636055,0.014283947318709505,1.0,0.9862131598814639,1.0,0.016192055688607907,0.039153833277487636,1.0625535774857267,0.909554573389568,1.3623055565501963,1.0,1,0.9011889286425665,0.95892350241522,0,GENUINE,6.840460349065238
0.9475939017728654,0.8311777916611618,0.09467370456291647,6.888031763899832,18.85531060408693,0.040278585838258926,1.0,0.9592762473866999,1.0,0.014263379931197638,0.039062821175192164,1.0167246729784,0.8928287614433118,1.4307313259842536,1.0,1,0.9442572091076759,0.8439612076642795,0,GENUINE,6.928767129806155
0.2162050111929733,0.42207949025445746,0.7706986768086408,3.2626350563653803,20.257859803648305,0.08488647660675464,1.0,0.9756025083805829,1.0,0.04064099676971675,0.10844135921046905,0.9192870912431881,1.0,4.048007804885516,1.0,1,0.9537899267704385,0.8657959975357976,1,IMPERSONATION,77.5928170480315
0.25,0.4271886117377708,0.5424194553390622,14.162981885337487,146.70492763516722,0.17892317951406725,0.0,0.2891330992896998,0.0,0.240458024859188,0.22049886204340258,1.9220337619984686,0.39786500553009707,76.3953918794714,0.0,1,0.6930197052187864,0.547590059188976,2,FORGED_DOCUMENT,96.41312460501105
0.2629891902304671,0.5115927298227453,0.8408079903947291,3.805639203187551,8.0,0.03935588813545231,1.0,1.0,1.0,0.01787428019741508,0.05476002576424127,1.1968781365501207,0.932747279605529,5.20434836264381,1.0,0,0.9102946335138132,0.9792788819958244,1,IMPERSONATION,91.90130818213484
0.6707575936424721,0.8219011783787051,0.4707982552490427,11.307747304276564,128.40272993406828,0.1479494208678242,1.0,0.6060861382279867,0.0,0.053150935976208055,0.25840581465163626,1.9856289625715569,0.7626368788167551,49.61400049677566,0.0,1,0.5323500273184012,0.20545098741001933,3,SYNTHETIC_DEEPFAKE,77.97147695995923
0.6830146515406623,0.42796763658832904,0.47318937317145415,17.019804324348495,86.5747221901565,0.19007572308104947,0.0,0.4454151678207628,0.0,0.06260807789163168,0.1373311581864179,1.9002160317958112,0.7947799857099963,70.28752817224503,0.0,0,0.5799342495404686,0.11260954037785709,3,SYNTHETIC_DEEPFAKE,91.02132368863994
0.10934668185423183,0.5305642907552786,0.8540643064493157,3.9786220497164093,25.504811162363954,0.06492027326560129,1.0,0.8412164407162736,1.0,0.01,0.09319557681511856,1.0405858083212036,0.97519376049956,3.334248888629315,1.0,2,0.9066524210491683,0.8331591642891146,1,IMPERSONATION,72.48507424595014
0.7971717984904931,0.6965721828321123,0.4525208776638477,22.132805243764643,54.95956242509048,0.2022663877416027,0.0,0.5254951886052777,1.0,0.06358164099947243,0.1,1.8173850584313487,0.7806145176290717,51.23920044608367,0.0,3,0.3,0.2279074806711605,3,SYNTHETIC_DEEPFAKE,93.12442150427172
0.42212917533800887,0.42731572717469085,0.7257681785864418,4.833942925788849,8.0,0.06354990656694606,1.0,0.8530361494356864,1.0,0.01,0.1441973800701561,1.2404171082186286,0.8796685932044677,3.869537300498048,1.0,4,0.8951250384554195,0.9398913463185666,1,IMPERSONATION,78.10564661743277
0.866322963222721,0.666331641515476,0.3273065051736601,15.2608582301366,118.1736094145946,0.2732599575676834,0.0,0.67494843608899,0.0,0.07105654511647216,0.1758450766755208,1.8538987624545418,0.6502094641257365,75.88849371057158,0.0,2,0.5309838503953133,0.05,3,SYNTHETIC_DEEPFAKE,93.8402729976484
0.7902112024969874,0.7147012628857031,0.47521047850813336,17.711814433052552,79.30013201456,0.16082124771426543,1.0,0.45675768536821865,0.0,0.03559966477029752,0.25427993606814453,1.9336941949107267,0.8029998938761287,66.95996581362381,0.0,3,0.47110922256428267,0.2453117200860783,3,SYNTHETIC_DEEPFAKE,88.63444115510057
0.43796028550538013,0.5226988669240863,0.45661417359016543,29.170158046258948,296.08656481008745,0.329725980731337,0.0,0.18198699562012643,1.0,0.23511368103069502,0.31235268800047905,2.569270493065816,0.6297583546691864,99.0,0.0,3,0.3270985181060399,0.6090308558473781,2,FORGED_DOCUMENT,88.22211616560898
0.5943122572312904,0.38,0.34438555002123716,18.021378865483626,87.67388339052145,0.1268052903919677,0.0,0.2861775897702794,0.0,0.05439208580982309,0.12856147058598474,1.543319587830993,0.913183351357935,69.90682063078006,1.0,0,0.6598715606954537,0.15761585784258728,3,SYNTHETIC_DEEPFAKE,94.13490456337504
0.9059260919226505,0.5335086268482322,0.34844007135560084,21.466182486920026,140.60343371256377,0.21224973247501502,0.0,0.6714837050265101,0.0,0.07298419499750544,0.36173783196068526,1.5695526342434654,0.98,46.04264678013287,1.0,3,0.600684003730227,0.16985582579424388,3,SYNTHETIC_DEEPFAKE,84.05647585865992
0.7208797506615277,0.6508959584712464,0.38414504385414244,9.675555695950726,121.04970551530893,0.13096287175635382,0.0,0.48177022808430625,0.0,0.08574007882695928,0.3476484547400671,1.8545236102486031,0.8261842213974661,63.332445872004314,0.0,1,0.48068273326275246,0.2890870421297312,3,SYNTHETIC_DEEPFAKE,86.34672637072167
0.3061530242663377,0.6282017272321021,0.6364760407133732,15.841862927713356,191.13400830036505,0.20782094378281868,0.0,0.27259330862808806,1.0,0.1459516136122211,0.2814949205853915,3.5516208962419578,0.5539511472985714,67.18430644906306,0.0,4,0.49909984617732744,0.7227070146018479,2,FORGED_DOCUMENT,84.77909392144902
0.7547783788838759,0.809076758853996,0.1484470533564549,2.7083798996217996,12.880961751262424,0.026644408870622277,1.0,0.9579126537323632,1.0,0.028899875622171,0.037862696442856496,1.0657686586053552,0.8,1.750404735772554,1.0,4,0.9189500857393031,1.0,0,GENUINE,3.237445470717841
0.8017780970830748,0.369140177865909,0.5256064144317967,19.74292890566673,115.60131976157497,0.3508421897844764,0.0,0.36614757065513714,1.0,0.3048450009307403,0.4245090262170453,3.3344424244994513,0.7393149060211149,78.90844197475334,0.0,1,0.3568867992360686,0.723450632949476,2,FORGED_DOCUMENT,84.32586591205754
0.4902532039626005,0.5204813964635624,0.581509978322627,28.50535694156507,202.88318147990805,0.3264337552076993,0.0,0.05,0.0,0.2384690685536053,0.3078846110243093,3.1396624884465147,0.604909748726572,75.7480335209663,0.0,4,0.5953044784378043,0.7433244686693965,2,FORGED_DOCUMENT,89.04021858344099
0.6701530467883172,0.4316509510930061,0.7551491791073598,25.370612275222822,208.15347684465056,0.40407970843294067,0.0,0.3681206112156844,0.0,0.2874259570079637,0.37248315535477544,2.7717944265602723,0.4866258255258382,93.99044283940276,0.0,3,0.4072331172632694,0.6939062029454023,2,FORGED_DOCUMENT,97.29599223668009
0.7543270700473039,0.745709247591707,0.5870027616630006,13.981801578989904,89.77598065266199,0.11999846824364402,0.0,0.7024826135753951,1.0,0.03,0.31071774741428204,2.2633033123112103,0.8730352569942802,36.314795498340516,0.0,4,0.6850011457091029,0.16864619491620972,3,SYNTHETIC_DEEPFAKE,81.06322605955614
0.6271484173902306,0.3232742943669118,0.38160877927896897,32.60972219384575,131.16470453554047,0.14,0.0,0.43720060789460935,1.0,0.15872955993632087,0.30041103909756955,2.27702478365739,0.654750490852809,67.96193061335705,1.0,1,0.6571337849478918,0.5882498166043639,2,FORGED_DOCUMENT,94.51926581974467
0.3834399733762014,0.5901110057010358,0.5743496309351646,16.54642626628892,131.51232131020436,0.44820272372348824,0.0,0.4150475287949272,0.0,0.2646679623727883,0.4543029367857873,1.9395061961695248,0.8814138400992388,63.41054288788779,0.0,3,0.567504053559465,0.4,2,FORGED_DOCUMENT,97.67726530850871
0.8855847923523668,0.8125980898406677,0.1818685988793897,3.7197409538514346,19.514435176731123,0.03198581385033854,0.0,0.9546255072700971,1.0,0.0073198579261662365,0.06179219093384055,1.0466912076489394,0.9419331103175542,2.7017092630943695,1.0,1,0.8738108689436,0.9715519263507705,0,GENUINE,4.577776093212019
0.769043847752744,0.4376875901241468,0.40066340323543215,16.984839368524895,129.3572424698742,0.34821681019476036,0.0,0.43414869025687397,1.0,0.2112781842579048,0.2936836837276544,1.6629433192335696,0.8883345602317957,90.70172621464975,0.0,4,0.49236950051403716,0.24253936149128277,3,SYNTHETIC_DEEPFAKE,82.5000818103245
0.365161475744497,0.24677817618940792,0.652075817754677,4.496868614844297,14.273319386211659,0.03978535936921855,1.0,0.9069261975428858,1.0,0.013039384740840904,0.11872081819578936,1.053438616423676,0.891615816128432,2.7603351166375565,1.0,1,0.9241390450115509,0.9375472453193303,1,IMPERSONATION,71.63754342883023
0.6722233815846518,0.33611999150365246,0.5076329004640974,37.387620561920116,123.2964300836783,0.42332297053426804,0.0,0.5946196652271464,0.0,0.1648392511643096,0.39133092230884425,1.7208066819259686,0.7214347696459201,80.0118508507682,1.0,4,0.41172043201853514,0.6524404787804491,2,FORGED_DOCUMENT,90.1601862933677
0.48,0.6300620726779925,0.30348499421283276,15.235891300983726,102.72471124803845,0.13832313467155882,0.0,0.6116662477266754,0.0,0.07138973963860179,0.2597085684900986,1.5065467218509745,0.7278539942162529,59.57626196486645,0.0,0,0.6282089252386583,0.3229439082180721,3,SYNTHETIC_DEEPFAKE,86.1023407408545
0.6960570033621638,0.8375138989604934,0.5166693700800142,17.34028269070151,149.13105568201522,0.14312292076475022,0.0,0.27811124085145594,0.0,0.06439490530259959,0.31694902645208717,1.2057378002031607,0.6187277262138542,74.19687144928488,0.0,3,0.47186401324988203,0.16614731450672943,3,SYNTHETIC_DEEPFAKE,98.61799769712319
0.7670890572701416,0.8115892564581326,0.15464224505705573,3.9918276703968805,12.333949154444252,0.06531415681729402,1.0,0.934014754553565,1.0,0.01353772690156197,0.08550621785219024,0.900636316824352,0.9659577086805001,4.000873477064467,1.0,1,0.9131751916369342,0.9128408018270949,0,GENUINE,0.0
0.2730805937606344,0.24338966695834743,0.7831951457979737,4.8812427742652975,33.20108568906005,0.05377953019684962,1.0,1.0,1.0,0.027535531741425368,0.09548803349865623,1.35359062099579,0.7319242275006197,3.9589095016077556,1.0,2,0.880873517853754,0.8223367118612179,1,IMPERSONATION,87.44968330310584
0.8090329920034726,0.7419167489785474,0.3449730726995575,12.072429378755597,107.80135786545401,0.32586616887675324,1.0,0.5256963148648055,1.0,0.11739012472685698,0.2702210064160919,1.6502720322983127,0.9431988318031868,87.42096662091919,0.0,2,0.6273598629621818,0.16525321567573298,3,SYNTHETIC_DEEPFAKE,95.45760049540638
0.5704683162265708,0.5808504442211552,0.5383105170310752,27.964514499040334,247.92463448195505,0.26703153117940664,1.0,0.29349961365967425,0.0,0.21008430838597666,0.15,2.8398762547869287,0.4906826407363238,99.0,0.0,2,0.5747697843526166,0.648926501110641,2,FORGED_DOCUMENT,89.62878245761776
0.8242400683538635,0.7953788842300167,0.1820094911853562,4.283321950391712,22.639179498777803,0.016735589198191923,1.0,1.0,1.0,0.018413445041314137,0.02626716965269905,0.982979057718675,0.9211653800442935,1.525040182204795,1.0,1,0.9774889448613939,0.9999680706995013,0,GENUINE,5.428511417548744
0.9129589386734938,0.898426687528361,0.22986863949762573,3.7206280581515996,14.581450031897981,0.06379030085330084,1.0,0.9951336189310178,1.0,0.02001379651007985,0.02446454095737827,1.1312946530207202,0.9738825654764572,0.5324758742998243,1.0,3,0.9747052833562454,0.8965596653345816,0,GENUINE,3.2270942072850826
0.38929718582017003,0.29475408935296166,0.8031284813133409,7.15037544376238,21.686847784253263,0.09749131260552955,1.0,0.8566101757624844,1.0,0.04726874560379757,0.07937747644518824,0.8,0.8286618285078297,2.248167964630796,0.0,3,0.8513047037163713,0.9453814229890848,1,IMPERSONATION,84.92731562294514
0.6719683030594783,0.6060906836280808,0.4993441557299332,14.552771822557737,119.74660678783317,0.1844826720197505,0.0,0.3098967100210056,0.0,0.12875503775158947,0.27916360497172465,1.461759789229609,0.7203695682912978,40.55168823442841,0.0,0,0.3,0.15491448103478045,3,SYNTHETIC_DEEPFAKE,75.6058272437147
0.9847522801681095,0.9479498338889035,0.13090338641373175,4.412273174203529,15.591255941858641,0.02009192793950505,1.0,1.0,1.0,0.020843238272422338,0.08302473157374574,1.109658865423602,0.8363875112716341,2.4958746384487265,1.0,2,0.9408424079345743,0.8936357228897609,0,GENUINE,3.1784102186583247
0.6146457448291754,0.618248436113939,0.4621659158276226,17.6321053709436,113.38253883892618,0.14345987205192243,1.0,0.6651932643820204,0.0,0.2019710274253202,0.24080836408447437,2.2496529544928343,0.8830480531322986,47.7166989538331,0.0,2,0.5057655573411215,0.2922752222720985,3,SYNTHETIC_DEEPFAKE,92.30593774197789
0.3032485254793993,0.5933538870021202,0.5204880549632559,29.057089945971736,98.05529928224503,0.2575314163919426,0.0,0.07796693014169936,0.0,0.18897333487269263,0.1620754897966075,2.1670207172856513,0.6885022416244883,65.71648673865901,1.0,4,0.5075127544952103,0.6893964835155448,2,FORGED_DOCUMENT,78.0
0.7284593410430841,0.5060500741488222,0.39855919041399046,12.513252487890083,124.11199823056502,0.22953807238092241,0.0,0.6076600379191522,0.0,0.17088964936020445,0.2464046370008858,2.3298279272772158,0.9384514513341404,45.15668523675457,0.0,0,0.6077271585618715,0.27203052204428135,3,SYNTHETIC_DEEPFAKE,82.50451955449724
0.8805486607444083,0.824412249221722,0.1824543366314553,2.332551755989632,21.718016194292392,0.021706181374774453,1.0,0.9365024012299129,1.0,0.016779384837943244,0.04286509948463612,1.0756121798533966,0.972193030545933,3.2896722420020437,1.0,3,0.9425129839893273,0.9700638546138468,0,GENUINE,3.832636517699068
0.7927360547261184,0.41118344296638737,0.2815346934439734,21.328962279322212,95.0,0.33617198192657577,0.0,0.5428351588378253,0.0,0.17881192437598628,0.15,1.45,0.5066888689309292,74.2454295969796,0.0,1,0.416843131719011,0.5243900055705573,2,FORGED_DOCUMENT,87.75589318224102
0.6952506315086479,0.86,0.3273804309193182,22.71354674555792,105.81556260470131,0.11913097653389906,0.0,0.42751429200406693,0.0,0.14961623641026078,0.17152252384289166,1.445700775249633,0.5705815745770607,86.20473710103562,1.0,1,0.7159649287307825,0.19018321630617388,3,SYNTHETIC_DEEPFAKE,93.89512939742409
0.5287258946219036,0.5240407271069492,0.5157942865213584,32.24866177938605,206.55620920983293,0.2037004173191181,0.0,0.2900200191342192,0.0,0.09018401945364901,0.28043377101190564,1.7688282895421312,0.6665312204367745,76.76658520366155,0.0,0,0.6923953045691615,0.7441604926914096,2,FORGED_DOCUMENT,91.79319949936658
0.18044759334195454,0.2624288946307391,0.4991220174887012,3.182386202482692,30.53044453975068,0.04320842520132957,1.0,0.9232280262005176,1.0,0.039218179953840415,0.09009475347149418,0.9274425820572999,0.839516327425216,3.8011530412912524,1.0,2,0.9509246917444136,0.9458061771575532,1,IMPERSONATION,75.9173978916994
0.8290402308502355,0.8300668960056987,0.12506174064031841,3.261435438604662,25.49196450681297,0.034917930919288916,1.0,0.940112799831604,1.0,0.008131187704059286,0.04403187456152313,0.9861315675901403,0.9113927863145763,3.588292559556978,1.0,4,0.9454668748465153,1.0,0,GENUINE,3.048062465670868
0.6866963236228676,0.7351057620664174,0.41591804104390584,22.01140853665988,115.08728579326124,0.36,1.0,0.608795444656022,0.0,0.16383352676334886,0.2106713524197679,1.4903185555564504,0.7284446817180291,58.92553703189038,1.0,1,0.85,0.24423926853325834,3,SYNTHETIC_DEEPFAKE,94.04518841493125
0.6987684343150593,0.6742637607162831,0.3976626602010792,26.912822440740346,95.0,0.348098669641668,0.0,0.19828678332006686,0.0,0.18481765603932543,0.28923976625706643,2.153038738210904,0.6134560293761385,92.32248996275948,0.0,0,0.5520376549893249,0.6563067966363536,2,FORGED_DOCUMENT,95.3800497519582
0.6905652296302494,0.86,0.5021902532923566,16.650731180463975,197.67911934073658,0.11134243889727025,0.0,0.3904129167359158,0.0,0.11332981360475647,0.27182097514424886,2.870360291811286,0.6880674963404778,50.29082268566311,0.0,3,0.7515873397379755,0.34540837542251956,3,SYNTHETIC_DEEPFAKE,80.40721359915298
0.4261402920092161,0.2948011436359311,0.5981419567129479,25.141842138040815,163.96094820566213,0.28936980122584804,0.0,0.4331167805448711,0.0,0.2662780650345574,0.46701624702358646,2.96730793620839,0.66384844406311,84.3850023508871,0.0,1,0.5219598325075389,0.6392929584433741,2,FORGED_DOCUMENT,87.56341428480034
0.7197737705070069,0.5324939393357802,0.29498673051799534,16.018330894800428,79.75058599610156,0.35318309711869555,0.0,0.598001864390262,1.0,0.15679036881580957,0.25742334917016135,1.4158820872745965,0.7679111047346014,58.16595570850116,0.0,2,0.5363535062665762,0.25768450166808454,3,SYNTHETIC_DEEPFAKE,90.77922685023431
0.2887925098092582,0.30906145554912284,0.6143506656037117,3.4144435756657123,11.073632575592443,0.03644046239210285,1.0,1.0,1.0,0.053544175748338294,0.15336538257449564,0.8142866172834236,0.7816093507770767,1.8925526782106294,0.0,4,0.8818162122106241,0.871981706913002,1,IMPERSONATION,93.08234390426713
0.8782905083404097,0.7718590955438516,0.0988223856296816,4.495840206813854,24.786104366650385,0.03046362351139715,1.0,1.0,1.0,0.016990619309050818,0.08041372491265292,1.2379542639975776,0.8993741233321991,2.268746442447871,1.0,3,0.902091259903744,0.9042313961535668,0,GENUINE,1.3686216468342631
0.685586297506939,0.5788629716683079,0.22959749908272803,13.571216317776715,121.16182215217106,0.301375573586006,0.0,0.41728040204403355,1.0,0.13937949316814227,0.15293494073908076,1.7622157855491158,0.7557740493942142,67.2153580749189,1.0,2,0.5359020843081386,0.16973892215337844,3,SYNTHETIC_DEEPFAKE,90.99457244754606
0.8149557709057462,0.8750405938630569,0.1511051374924928,4.467706046550248,19.66011667758989,0.026977942059718596,1.0,0.9755661354132036,1.0,0.02495805021027571,0.01,1.0328652947954218,0.8922963136383005,3.073195756594952,1.0,3,0.9165810003510372,0.9808256490258551,0,GENUINE,3.8808048192360163
0.6704288147931172,0.5536169245847533,0.449536068737123,15.888234958518906,99.7329313812769,0.11309980500082074,1.0,0.5092169194889933,1.0,0.09162058225076254,0.259467165221133,1.3428131205418197,0.7995696885456821,54.97678767201887,1.0,0,0.42509843039707945,0.3036207472509933,3,SYNTHETIC_DEEPFAKE,90.27277735693991
0.8821076001956643,0.7723702314752353,0.06243150217160717,1.9669154074288084,14.504879550596456,0.03661697648513359,1.0,0.9865272691732143,1.0,0.0316980095258855,0.08303092538384481,1.2073917421030036,0.9042796994223202,3.9374326445575027,1.0,3,0.8811677967330692,0.9556467719476616,0,GENUINE,6.996144112119692
0.32743519455139813,0.31806921333715943,0.8042677671007653,3.4248238571830907,21.198804876405376,0.045893604644048125,1.0,1.0,1.0,0.05455410765851586,0.09564258000863235,0.958150179754598,0.8752787315111424,7.202680238982157,1.0,2,0.8699676769314205,0.9624949064758892,1,IMPERSONATION,93.98197210249415
0.40943662365811617,0.3521604474884478,0.6422137703751895,4.232569527727264,17.270825360595115,0.0698604704848945,1.0,0.8917204097857765,1.0,0.01,0.07477698170819315,1.1491996069553134,0.8451314116014874,4.42864112165333,1.0,2,0.9390039567674774,0.9832071787508742,1,IMPERSONATION,76.48005227859184
0.7301336434086753,0.5966801193201723,0.36107586346802345,21.815387990107077,136.51452279210542,0.15106418251892034,1.0,0.46593514778204337,0.0,0.03,0.11671421038993786,1.8369201177444592,0.5,92.0,0.0,4,0.5095586471822914,0.2619270462320295,3,SYNTHETIC_DEEPFAKE,97.48317557128073
0.8622709506962832,0.86,0.35858078054245945,15.616755246223414,126.01366973084458,0.2795944935683263,0.0,0.6489254128359789,1.0,0.05669153177466375,0.31764833412946963,1.2836557573808816,0.7222340805779961,77.27652954712002,0.0,2,0.7958450351197053,0.11354762068293832,3,SYNTHETIC_DEEPFAKE,84.36628094419672
0.287527415554474,0.5199497415543204,0.6278654644440402,6.431069710524678,30.900512816598663,0.08254871883139073,1.0,0.8592388661978905,1.0,0.01,0.10576835355376511,0.9321377888246956,0.8647938202226721,5.004261898255276,1.0,4,0.8019535324727093,0.8729356061599984,1,IMPERSONATION,87.5256798332659
0.6050729682257597,0.4565284621848539,0.3964413693169097,14.993042128552274,301.8846743318851,0.18961479757883498,0.0,0.38900036370134183,0.0,0.16375561179813994,0.2801554637421042,2.5812069388517513,0.6292015496361295,74.13016085442197,0.0,1,0.32682703976449545,0.7015338904110988,2,FORGED_DOCUMENT,90.51441500266786
0.3859580824210129,0.3235337894654745,0.6672366232097755,1.119423306571404,34.0755924032212,0.02,1.0,0.8775998537556116,0.0,0.04439198995249783,0.039528752971086635,1.0307902193708258,0.9575160521801737,6.030311000873272,0.0,4,0.8847459436855036,0.7907706328666161,1,IMPERSONATION,77.43861996656919
0.5726013321703218,0.86,0.25122272744608554,19.273782201295703,78.68255865529699,0.08,0.0,0.7220364310724087,1.0,0.049140729110261155,0.30102908489491614,1.2913239433922783,0.7549462582416393,87.23319715723463,0.0,0,0.6772259051785552,0.2213861960594247,3,SYNTHETIC_DEEPFAKE,97.26851819942738
0.29085852987142763,0.5378115150896389,0.6661287524373251,25.94555564668482,187.9838185608246,0.1613142201440631,0.0,0.5554112409598251,0.0,0.178491229747432,0.29113433932099636,2.4463117881180483,0.8748984035638296,74.85569112030872,0.0,0,0.6578331455030556,0.580371141693953,2,FORGED_DOCUMENT,93.26644609820679
0.9183561722714151,0.7473654518372684,0.22345116987703836,3.3704674023184227,19.323656814069736,0.06324401578081504,1.0,0.9375395939548458,1.0,0.002997902574823432,0.07738775345192589,0.85,0.9394800197397284,0.657102226444287,1.0,3,0.9777027419414475,0.9844182419368881,0,GENUINE,9.393449988978109
0.17022954668204934,0.47715553613450706,0.5360661746552499,3.739469253580873,26.506212436611822,0.09641117640056207,1.0,0.827221545248669,1.0,0.014067582403753515,0.083636363577374,0.8,0.7,5.717065440016508,1.0,0,0.8467177327020449,0.8952938784962708,1,IMPERSONATION,81.96314826021661
0.5623149988463987,0.5983599433187393,0.43476749220257105,35.851807524924,122.6931518872693,0.43517531541827076,0.0,0.2321232859313057,0.0,0.14890828050454,0.30777839237686866,2.4233272761481457,0.8082839369951872,99.0,0.0,3,0.5924467761113532,0.7809439656252073,2,FORGED_DOCUMENT,87.59577521820361
0.7126239527103636,0.6425584288966052,0.3828891395463855,22.52551571829348,125.10416148912498,0.1489609063425697,0.0,0.4232052847046035,0.0,0.12060941797418515,0.10493695641585798,1.7531580144636227,0.6586570019701846,51.611302463584394,0.0,1,0.6264793486955027,0.21468383010656586,3,SYNTHETIC_DEEPFAKE,80.38690731671633
0.2320635068472739,0.3533066892430165,0.9122262708821698,5.01488544746141,8.0,0.03931033485297168,1.0,0.916807253823621,1.0,0.02730019544045877,0.05129443449557837,0.9144362156096526,0.9007676517359163,5.047754346885645,1.0,1,0.9604624766176972,0.9402070445793713,1,IMPERSONATION,79.26709803458829
0.3484513234723751,0.3999145651260646,0.6707798621479342,6.143723869425019,25.241481834360183,0.020356125810042036,1.0,0.8916829538441672,1.0,0.02542830383346328,0.07995507358776775,1.1065061026839762,0.8044626628578551,3.3640042791701497,1.0,3,0.8911527191647078,1.0,1,IMPERSONATION,90.23121884901259
0.7581929682373475,0.6369033698185094,0.35024731953875016,27.299646042037004,72.15777956708334,0.24237531894143222,0.0,0.5224676753422374,0.0,0.0772766746866484,0.23612807594971366,1.242826944964553,0.7144960552512462,61.249050786630306,0.0,1,0.3828436117961218,0.22821427185790708,3,SYNTHETIC_DEEPFAKE,95.83332387021234
0.8828140339414127,0.898788986564014,0.1660138705485548,4.010593961553191,22.26100194216878,0.04372975907933901,1.0,0.9306463123980238,1.0,0.005488936128299917,0.03691599430248646,1.1242360462492806,0.8286535726761084,3.9153503228511166,1.0,4,0.9431430811887659,0.8648506362234074,0,GENUINE,5.345420286971747
0.3319457547525181,0.5001959650020651,0.48687932619101104,27.704148454543898,162.54199541459118,0.31225036444507726,0.0,0.49100850099605314,0.0,0.30570430436269347,0.3894190740539841,2.0137283771715744,0.6702285905490463,60.277320738962615,0.0,0,0.3410754310143248,0.6666379194496188,2,FORGED_DOCUMENT,92.21099248160566
0.5644739197487241,0.6603599622544596,0.3148123192594508,20.6846158287358,58.60413181222001,0.2239153033754792,0.0,0.6080884716664581,0.0,0.05946644695579492,0.13284062696239712,1.7511761218523907,0.5900480237177833,87.59312195312944,0.0,4,0.8279713688391522,0.1740158047280989,3,SYNTHETIC_DEEPFAKE,91.89908831833228
0.2565821031689001,0.4648479037134013,0.6666510269431803,4.8990191972352966,32.12569536629043,0.08374486932661848,0.0,0.9131897834326583,1.0,0.03669772278242525,0.09837165387007554,1.1990815352360438,0.8487234979252878,3.8957069590557105,1.0,2,1.0,0.820534225087809,1,IMPERSONATION,74.01313624426443
0.9375085916562853,0.7732518259694019,0.191911843978557,5.29339769122527,19.292125535705342,0.04722884073894651,1.0,0.9701504000076477,1.0,0.017610871580159712,0.07860311273119756,1.0533727863561873,0.9051194518941653,2.364812888513483,1.0,0,0.980935423265096,0.9389719122831653,0,GENUINE,6.551740359556706
0.4288904564017194,0.4283636694500326,0.7613502260572402,2.871097611802334,28.210348725978577,0.029833320864487572,1.0,0.8979786548821025,1.0,0.017122559777832946,0.1244458086081785,1.1385288915908105,0.96992767157613,1.3328069106549245,1.0,3,0.972303162229578,0.8278362560970864,1,IMPERSONATION,84.95600933250468
0.3848072701093405,0.635170962105273,0.39081496137101135,15.499134221924088,202.53108151076796,0.2745056650244902,0.0,0.41247702327504354,0.0,0.07145730635940545,0.40396074379211283,2.329041772682457,0.645191783956995,55.35225214517139,0.0,1,0.540390176943301,0.6021588824804776,2,FORGED_DOCUMENT,95.88333247613309
0.8056568378484015,0.98,0.22972211958745983,4.6147363853146794,13.62558590637548,0.03901941318323927,1.0,0.9551891975686551,1.0,0.028794170411374033,0.02845247846030484,1.1576496450019538,0.9356566070006578,3.5305986937883747,1.0,3,0.9986616343711441,0.9287418179456314,0,GENUINE,0.2803514365863604
0.7223281179556398,0.3746881786436242,0.28,27.746074343141032,126.79824041374731,0.24694726190840963,0.0,0.5631950738155945,1.0,0.2936577388003878,0.47584991371770274,2.504127989058831,0.754489961478135,50.61980185801153,0.0,4,0.3001014564120681,0.4973732147443982,2,FORGED_DOCUMENT,90.91315996245451
0.9313326630751277,0.7824430230484394,0.16795391486715774,6.1501691613578,7.588678791879778,0.03624683011407598,1.0,0.9948692555900459,1.0,0.034091910285991234,0.054640125662976054,1.0708990520855541,0.9245935466790101,2.946708822955475,0.0,4,1.0,0.9916701691607904,0,GENUINE,2.0926941693955174
0.8252233290652947,0.8162977456427117,0.07983567016734439,4.243155771715999,21.107565011940693,0.02203714244322925,1.0,0.9354420390182759,1.0,0.0,0.04829919387710269,0.9769562307299023,0.9035927077586714,0.982294718486842,1.0,0,0.9724198999660106,1.0,0,GENUINE,5.1166245303682345
0.6936417027636872,0.7548418502785341,0.4163408584873048,15.668696846939302,120.59030210571544,0.17950791295736107,1.0,0.42120979130351144,0.0,0.12954853034389863,0.2644497518904956,1.3493252119380739,0.9449829731797532,50.131232562368695,0.0,1,0.48545036242555045,0.3406139467690218,3,SYNTHETIC_DEEPFAKE,88.50364728420224
0.30307074120094535,0.34120466111048603,0.6241339628057699,3.157827787897252,24.335040208930533,0.10132822341522915,0.0,0.8049590668393821,1.0,0.01,0.12761345362437476,1.235619165526346,0.9574378995419468,5.371737658439685,0.0,4,1.0,0.8022400183647196,1,IMPERSONATION,82.059569331747
0.8482037338322507,0.8657238049772313,0.19207641710198795,3.0588360687269036,31.62589924730012,0.01,1.0,0.9172812854264956,1.0,0.01733347670765585,0.05895723495503588,1.0571094051313923,0.9223980722990773,2.997765794887773,1.0,0,0.9071027369098055,1.0,0,GENUINE,2.1084301767734224
0.92,0.8137576200792174,0.5025700327761827,11.527951869181027,160.54857173586004,0.1605934104742188,0.0,0.6393974872877735,0.0,0.13071069579841643,0.10854377831529091,1.8235930886229503,0.754102826319732,92.0,0.0,3,0.6040465481656625,0.23879384403977685,3,SYNTHETIC_DEEPFAKE,89.87830029291231
0.7874319090874212,0.8057071479080472,0.17982205687908764,3.038856982772716,17.08418007673417,0.05488371420630069,1.0,0.9147543643693821,1.0,0.00843021524857708,0.030200844148959724,1.0164992389993763,0.8794499568185578,0.8289303247570099,1.0,1,0.9712050402349527,0.9533623374334774,0,GENUINE,4.9814054336443565
0.533490039287724,0.7008604001014785,0.4630553657025017,17.699832445577997,205.84846066695297,0.2785453296566918,0.0,0.3843526766490718,0.0,0.310102622767496,0.34384878768319477,2.202283502932742,0.7084368867440978,77.30326234534182,0.0,4,0.49359561835608695,0.8387894496460085,2,FORGED_DOCUMENT,84.82041812381698
0.8468146109851521,0.898710468736565,0.20867211383162224,3.4729463343658287,16.45640775854083,0.05000286066227767,1.0,0.953624959059265,1.0,0.031789483992366675,0.03243473494353067,1.0299886954409214,0.9440372289883993,4.745065611168972,1.0,3,0.9241257182033871,0.9001288700864853,0,GENUINE,3.873365077594717
0.6152760430142623,0.49833831779963556,0.3835420793836326,15.620688677984907,74.56107541010978,0.23590083700959205,0.0,0.7698466503012753,0.0,0.08825990362383893,0.22404044807894566,1.7803593013014223,0.8717220727452482,60.69369584378299,0.0,0,0.3202770096646608,0.15300122197516575,3,SYNTHETIC_DEEPFAKE,96.254442321257
0.8121061338609685,0.6875549750523499,0.29082551151261105,16.128186165609755,135.80727135754,0.08,0.0,0.5581965325369722,0.0,0.1473028868781912,0.29573078724568475,1.2440497068782541,0.7959306240279318,57.0857198521929,0.0,3,0.8046900634336275,0.233951650990232,3,SYNTHETIC_DEEPFAKE,83.98567639170382
0.7005605804223328,0.39265761400945204,0.42237384312287984,21.17937179775812,161.89650839946017,0.28971784897378083,0.0,0.2685868809793814,0.0,0.21544946613446195,0.33341736576064235,2.3982051032445018,0.5715941150197346,67.30046694552226,0.0,4,0.2546899961642509,0.5996156866169222,2,FORGED_DOCUMENT,98.61521865995651
0.9418695990901402,0.9641630892942628,0.07568591345326113,4.842940684379996,19.48587678680329,0.03476139270326505,1.0,0.912924189029746,1.0,0.017591214054266748,0.03503608369884584,1.0617984634553297,0.8291682214775448,0.5188090857779504,1.0,0,0.913511945315025,0.9550398461721403,0,GENUINE,5.873690843774342
0.6463189274332531,0.741110483010351,0.23174632721243849,8.0,101.90555591865251,0.1738969841624828,0.0,0.68695037403142,0.0,0.10959967434984237,0.17789385815186465,1.7560503683988977,0.5,54.77755658589234,0.0,2,0.5886883572958685,0.09293878852467777,3,SYNTHETIC_DEEPFAKE,76.78653156117608
0.6435666521448625,0.33316687491259744,0.557574810063159,29.039577731240932,104.25003867099944,0.19029763268145725,0.0,0.4407871057376144,0.0,0.28228695590723357,0.3285773059238256,2.8795549250339336,0.5248218014849088,87.53256895073262,0.0,4,0.6412575736153543,0.8465297792953973,2,FORGED_DOCUMENT,89.7359034233608
0.8738546940389812,0.7751552540127188,0.07081750874197508,4.300641889255032,14.699157286696057,0.07815617577962561,1.0,0.9578237303029428,1.0,0.02402192637447722,0.046489651444259025,0.9559268252235557,1.0,3.042678643392608,1.0,2,0.9833771830953758,0.9841368580596845,0,GENUINE,3.276533169840789
0.23098614252740882,0.41027249442034225,0.5688552296047685,1.4762625004484646,31.39716584006839,0.10046695576997022,1.0,0.8491988267472093,1.0,0.05505616704239132,0.06357046189687424,1.0942042526572218,0.9059937392822425,3.847695604717237,1.0,4,0.9996442686402051,0.8619007896952824,1,IMPERSONATION,75.49466442295277
0.8988548399557165,0.7864383147135152,0.07938481493323542,5.558778522705865,17.145342197080787,0.04135056409375848,1.0,0.9172575544135962,1.0,0.008490064225776972,0.05751396036691344,0.9599361310081195,0.9054153125103362,1.5974400816559047,1.0,4,1.0,0.9352731623462583,0,GENUINE,5.138911584601735
0.8515925143820584,0.8939814847829817,0.09169955554623874,3.714265211481463,24.387884767992688,0.06471423478597679,1.0,0.9516267457530091,1.0,0.0302770440660569,0.0406145319049044,0.9502266216698386,0.9229776484156808,1.9871683957430726,1.0,0,0.9431558438639402,0.9509255489239267,0,GENUINE,0.06770325540279032
0.3749612201791216,0.4183016538319777,0.8515209410926402,4.363990474443675,21.145130393687133,0.09465578520843757,1.0,0.897996939885438,1.0,0.023062720241507788,0.09549867171053686,1.4,0.9709319765100437,1.821420926583042,1.0,2,0.9113685719957896,0.8441842714229962,1,IMPERSONATION,84.27970773130568
0.6236531188020533,0.697741329862485,0.35346912470767283,19.909098246389647,102.61549743626847,0.35586091096702815,1.0,0.8,1.0,0.26,0.15369192309371282,1.7779905808326604,0.782469381167597,61.962593634966815,0.0,4,0.3565803591257263,0.07917180218918801,3,SYNTHETIC_DEEPFAKE,87.64197940678098
0.33679438549198726,0.5501423389051846,0.7217314831994444,37.59500085911847,171.23141762846507,0.25232979199967975,0.0,0.33962335110276853,0.0,0.16083831575174118,0.41654351062643835,2.4740214063896615,0.5970366826059424,66.23415533453195,0.0,0,0.6032436460156878,0.9416032063453071,2,FORGED_DOCUMENT,92.87591156225542
0.7925982041939067,0.38,0.2377337731636785,15.601478794701372,107.5906753824066,0.19248062753160888,0.0,0.8,1.0,0.08418094734582302,0.29895139368185386,1.3398559027822676,0.7031094290771763,47.57650158522935,0.0,2,0.7153181900528616,0.3830644660607745,3,SYNTHETIC_DEEPFAKE,91.88750553000145
0.7728426225036387,0.5958094143741537,0.3776130968380432,15.731245312069646,112.16288341566084,0.2588648618047788,0.0,0.6056699618326745,0.0,0.069884436609751,0.300676491416228,2.42483904995673,0.6834259095321142,45.534207574774506,0.0,0,0.5394664110970501,0.1457206991453973,3,SYNTHETIC_DEEPFAKE,85.42122137200838
0.92,0.5217673723684857,0.25725934734417044,21.395191740414027,96.55042093351635,0.29191407579105755,0.0,0.4800708483090798,1.0,0.16275003911262706,0.4128442759929297,2.144802851752555,0.8978185781709669,52.7368645367854,0.0,1,0.7342438823852601,0.42,3,SYNTHETIC_DEEPFAKE,90.56016905382624
0.28831210272915075,0.4157234063486896,0.7322510918332054,6.0138459708359076,21.805708034639792,0.10916881582799498,1.0,0.9744813597521715,1.0,0.01585120910375624,0.16839422662993858,1.1290491769905147,0.8131900396822211,6.805826102460843,0.0,4,1.0,1.0,1,IMPERSONATION,73.73938466111869
0.4509022339942658,0.6620397549586562,0.5071437750064316,28.566588634248273,158.83422606654977,0.3477615661716365,0.0,0.4529655912994365,0.0,0.18207347993698414,0.2930250744850089,3.2115906838542365,0.43741293163614325,72.22404239022956,0.0,2,0.5600474883732833,0.7811535431402093,2,FORGED_DOCUMENT,86.78869381166298
0.683688542591065,0.7060466678570967,0.45654414067023796,22.00325676452904,153.22267531480696,0.1278079449061498,0.0,0.7149330262496388,0.0,0.18175421335141898,0.25365386386477773,1.4454915396470986,0.9117302693380938,45.87796570814433,0.0,4,0.8063431006709444,0.21983221460936442,3,SYNTHETIC_DEEPFAKE,80.62409187512498
0.8086433890565539,0.6238457871855122,0.21764066544950947,11.443941561549385,58.78570877015075,0.20241130407982008,0.0,0.24812942427160284,1.0,0.10766614285587191,0.31043807657459427,2.221665535596917,0.6982683423259712,61.6930002035136,0.0,0,0.5409972346724551,0.2562389900322059,3,SYNTHETIC_DEEPFAKE,81.19991546839455
0.18949852794492206,0.27374319829273097,0.6069047475446303,3.2049925147315474,10.998804863677575,0.06610446010356863,1.0,0.8353518628945424,1.0,0.01,0.06861958782643111,0.8,0.8559251765623893,4.785434305262967,0.0,0,0.9532383538814361,0.9469435442059361,1,IMPERSONATION,80.10070653954753
0.92,0.4427074720941147,0.4589393732135642,11.865160091817783,115.22709735509632,0.22460744921062933,0.0,0.2,0.0,0.1459619876793595,0.11691571023365728,1.8929583232646106,0.8510467208251792,43.522807921578845,0.0,1,0.5974067043576775,0.23132253698016716,3,SYNTHETIC_DEEPFAKE,99.0
0.7149659316034552,0.5264081503625849,0.31980383364181014,14.831815053810075,80.26161317626793,0.14332565654952611,0.0,0.531925440035559,0.0,0.13075179060686148,0.12608157329432262,1.958552689003735,0.7379872750555463,73.52418437684175,0.0,2,0.7092696528963004,0.2740877831810188,3,SYNTHETIC_DEEPFAKE,94.29861969867252
0.8055902539834543,0.8081103333521404,0.2954370661142545,8.061099914412273,141.301003668753,0.22912252439581968,1.0,0.6969584634057051,0.0,0.20292376590937428,0.1461267025715301,2.174741585400962,0.7521041173261427,77.46088719025377,0.0,3,0.85,0.20531341684054727,3,SYNTHETIC_DEEPFAKE,90.21057885060861
0.7657033327593616,0.8196288575914568,0.23610775489040975,2.879519053519639,14.876970215040881,0.031040773231000497,1.0,0.9235558159233407,1.0,0.02135859424081657,0.04894989862922696,1.0055121438052113,0.9221520435425195,4.034262207326146,1.0,3,0.9323821525628313,0.9335775170030984,0,GENUINE,4.5631098751836365
0.4226707220407227,0.41223096879845206,0.7326969379571181,1.6930015985478422,24.968429905722907,0.03795074696228202,1.0,0.9261843825154453,1.0,0.024638956748774185,0.07144919007750605,0.9295047253536756,0.85126946975129,0.8990995421561725,1.0,2,0.8982294721152124,0.9175277386407243,1,IMPERSONATION,80.35267321725031
0.351790076079217,0.4206464427948067,0.7081333007138179,2.1049039901578097,13.04353300422757,0.041499819447653144,1.0,0.9213885807539567,1.0,0.023297849093439446,0.09242556398259155,1.2263205475106265,0.8000564953898935,1.5774590016990502,1.0,1,0.918121599165533,0.9784693223817863,1,IMPERSONATION,86.7099765386887
0.6960388015292586,0.7616984150044783,0.4935314723589924,27.1770042542367,164.13281306872526,0.11818372439991376,0.0,0.5051433092625431,0.0,0.06998595587306916,0.1829175091028561,2.457530372035637,0.7122420522606663,68.29729040537146,0.0,3,0.40394081301641915,0.18767760177854428,3,SYNTHETIC_DEEPFAKE,92.7549825488765
0.871737857969803,0.7253442935182903,0.38101004873059624,8.0,154.31516100315545,0.10259303777505359,0.0,0.7653370737622547,1.0,0.15875605621934605,0.18196681563929193,1.5868721187834138,0.78150783812024,40.06743600011383,0.0,3,0.6809589926986711,0.3402261668199664,3,SYNTHETIC_DEEPFAKE,78.75185406993113
0.4772244688957046,0.5044972104546984,0.3390308944238788,19.454811714455964,219.02395463127525,0.4869817164676248,0.0,0.23689705667389988,0.0,0.15103922741872627,0.3964569788294712,1.9732970311368279,0.6430771490324962,71.19099333702296,0.0,2,0.3077889090957676,0.655162086480952,2,FORGED_DOCUMENT,100.0
0.3982852654684328,0.30625558423916377,0.6058005405984703,2.6822446081952136,20.553939376238187,0.06697338862763731,1.0,0.8873705079675541,1.0,0.03497592270958369,0.04467827644012471,0.9790320003763531,0.8730929927721669,1.8347278785267638,1.0,2,0.9153649268835715,1.0,1,IMPERSONATION,85.38936403426419
0.3049584933590603,0.31394110504727957,0.6459493531593203,4.9296282477739215,14.575299079509804,0.09319007080442993,1.0,0.78,1.0,0.01,0.03952323744890615,1.4,0.9647994495523187,5.454751517108827,1.0,0,0.9088281766319739,0.8500459774756873,1,IMPERSONATION,78.96410781307756
0.8303534063036364,0.6952224661898975,0.44470546193084204,24.80316115452007,141.91411459788372,0.24014624343064858,1.0,0.5140350051168655,0.0,0.03,0.23146487586692843,1.9155171420746775,0.8010600622237312,87.48441942994228,0.0,0,0.4724654803142534,0.27945500652496513,3,SYNTHETIC_DEEPFAKE,74.0
0.7994703371011649,0.5437606926794794,0.388085070991561,12.562250232468292,90.807864378918,0.20783749766232434,1.0,0.38194956066038166,0.0,0.15509781668799053,0.352221144846456,2.0749825591512114,0.8516592855958218,36.47948452870055,0.0,4,0.6100915638316751,0.3412974592278141,3,SYNTHETIC_DEEPFAKE,85.36054254785822
0.8754763041682503,0.6382746932161649,0.35610982595970475,15.352173827321629,73.58937117462497,0.2146585699008501,1.0,0.291361321997957,0.0,0.10130616669783712,0.20750057016785323,1.7041488476869944,0.732448833795704,62.88247291746538,0.0,4,0.6493866059491471,0.1537697432543894,3,SYNTHETIC_DEEPFAKE,92.03119667228324
0.7100598320144507,0.5422340389873695,0.3042964208797143,19.51489367984684,74.19051589603706,0.20739215761255383,1.0,0.8,1.0,0.13342679651222875,0.23798908424676746,1.8153177949008183,0.7544137765103529,57.2428286119267,0.0,2,0.5969813034955819,0.3351361811455543,3,SYNTHETIC_DEEPFAKE,91.17449789037856
0.7490796027814806,0.7223180911082305,0.37535128413410995,15.742271601740809,50.0,0.282045497316038,1.0,0.301177868113624,0.0,0.13483759008509666,0.26735692107135217,2.0637363859831157,0.8574185633500163,89.57542211377236,0.0,1,0.557241080582303,0.2290574086780124,3,SYNTHETIC_DEEPFAKE,85.98686222932827
0.8304681903902182,0.6114936274862653,0.4650231246698754,16.03518791823918,108.27066184703331,0.2217172133331064,0.0,0.5468553752016962,0.0,0.21354034894593069,0.34342984815447863,2.306025033065493,0.8553534821603277,53.55970239633601,0.0,4,0.4195810360599517,0.3010944845066256,3,SYNTHETIC_DEEPFAKE,78.2428157747808
0.6258038815622177,0.7863989451361113,0.18,14.166284880307831,75.93303454583798,0.2648147156945906,0.0,0.6917559416350288,0.0,0.12050059919092537,0.29050063359257744,1.1609648122534832,0.7447854841677647,63.76070494251718,0.0,0,0.47166025059464145,0.12507243031307394,3,SYNTHETIC_DEEPFAKE,78.75128488188624
0.7749541193685296,0.5198782362773069,0.4381269491309876,13.911210636483439,80.65715451562025,0.14900411932707405,1.0,0.5293730530140716,1.0,0.2056104628052085,0.19638273100829143,2.244551108199289,0.5264166805224401,80.68987013577066,1.0,0,0.5058302211638055,0.3480329127389853,3,SYNTHETIC_DEEPFAKE,88.7229279377995
0.6056657337688076,0.7399352647628993,0.54629021919067,12.60436624182503,120.40848653363759,0.08,0.0,0.4611027735902878,1.0,0.1354831529982791,0.2286913458307239,1.8450349039628244,0.6944146504209046,82.16028383074192,1.0,0,0.542508061616615,0.18099871507637003,3,SYNTHETIC_DEEPFAKE,82.0564862762455
0.8520971173907863,0.6965719588494994,0.28817949452776503,13.644084890129013,123.19964911187904,0.3338387326622334,0.0,0.8,0.0,0.194432484764372,0.20770880788535892,1.5979046312400684,0.7207458423637451,75.51746307286678,0.0,1,0.6538287683203085,0.3599347879515885,3,SYNTHETIC_DEEPFAKE,86.11966022927457
0.34643848257980336,0.22592799304928024,0.6871634827487169,6.022316877747802,25.470545066960984,0.10101870449307901,1.0,0.9444636393983503,1.0,0.01,0.07166251241087378,1.0386005464024164,0.8257377283355254,8.257934443708722,1.0,3,0.9056412815172945,1.0,1,IMPERSONATION,90.20083534159343
0.4183284050247473,0.4374689732019364,0.6396262814201792,2.877272251521871,17.27027504606101,0.10644024662456078,1.0,0.8822934386506792,1.0,0.032028459284793157,0.049851694205530164,1.206416104514854,0.8369018975722847,3.3048122196911716,1.0,1,0.8089970720174305,0.8805701065097415,1,IMPERSONATION,86.04693064823718
0.6822484476760742,0.6142542791203223,0.4754279249644103,25.697137873315494,138.16660890223176,0.2757054668997426,0.0,0.27365724684747983,0.0,0.18858468239197299,0.19071970378076575,2.1208407779667047,0.6097272076887186,76.0586433415235,0.0,0,0.574938438043707,0.7839479088780643,2,FORGED_DOCUMENT,78.0
0.16932215464858866,0.3250556236630663,0.6012099564202629,3.4599855748886164,24.62795089917267,0.09675870917549191,1.0,0.8893499178513155,1.0,0.05084969920411607,0.10548733301628849,0.956082524768948,0.7786466609948917,4.4846342512083135,0.0,4,0.8859928203219322,0.8591783997920831,1,IMPERSONATION,91.63670938380176
0.22056173718930422,0.3896473847496764,0.7191160167723749,3.2425667540749123,28.532436140524787,0.07917879009796322,1.0,0.8808277378457837,1.0,0.0713533621124725,0.148470388719351,0.9446080166213675,0.9539986016692641,5.259258593178627,1.0,2,0.8890910080346278,0.7677087954129146,1,IMPERSONATION,68.0
0.39614447434322236,0.538852342344438,0.615670832407139,4.272178230198795,27.764190080010152,0.02,1.0,0.8570788033018643,1.0,0.02276331381161684,0.05588262558415873,0.8,0.8866178030803534,3.4494967514022643,1.0,3,0.9208510728652074,0.8940797109856389,1,IMPERSONATION,79.51090388357676
0.619796164432418,0.4232564917091115,0.42402390910773846,27.498512900756218,151.6719153160036,0.45101978742425347,0.0,0.4286396893534612,0.0,0.22685154106194344,0.31191898725003014,3.4746395991210113,0.5086049185314961,89.14929943625569,0.0,2,0.3194161396734174,0.5884176366762663,2,FORGED_DOCUMENT,93.62856998739043
0.6602513606536647,0.7115318492817267,0.39938832727253454,20.413069656434473,72.45420706595719,0.2513459381461787,0.0,0.42781923483389206,1.0,0.1721969818369252,0.18878958556772835,1.7276656696912878,0.6988055141212782,69.30412550904572,0.0,2,0.44783066568992247,0.3650771085838841,3,SYNTHETIC_DEEPFAKE,91.16058530202807
0.5744744289880378,0.6767626974289982,0.41620648306304836,22.915309891450853,232.96970461845632,0.20675032759042908,0.0,0.49430491828935963,1.0,0.25397807264391,0.3482402335845003,2.3591791522078354,0.5229069781350243,68.40484196602358,0.0,1,0.5172996868816676,0.622705029259001,2,FORGED_DOCUMENT,86.0597886887452
0.30098377779860697,0.2895887634168872,0.6351261767893244,3.0555889750018275,31.411590602930175,0.020054751013366415,1.0,0.9239534965161345,1.0,0.06330284765087563,0.03893224967702867,1.0542362928960058,0.927575882398465,3.6694598770002758,1.0,1,0.8973371040905047,0.8821704107069882,1,IMPERSONATION,82.63177169191366
0.7067240856601357,0.536783131090093,0.3998413779517518,24.731248752354823,270.66786024409674,0.291490511699302,0.0,0.3292744842985719,0.0,0.2810566392943892,0.3879587812681884,2.948599104630562,0.8438462789188594,74.31326626166438,1.0,1,0.4081483861652296,0.7528121868673765,2,FORGED_DOCUMENT,89.91577030717227
0.3352485275518054,0.3748002582847626,0.576742416462589,3.8771282128569124,37.79118862754066,0.048743423095983056,1.0,1.0,1.0,0.01,0.02,1.139878307532219,0.8782072441281439,4.724800321596027,1.0,1,0.8454415770340905,0.8370887780374847,1,IMPERSONATION,82.71105493960184
0.45135093256565145,0.6160335557333593,0.4989485861782363,21.655082122726014,218.78038195258773,0.26657464925241886,1.0,0.27853020177309656,0.0,0.27480017397091006,0.2686667616662775,2.4591255556504357,0.7647016187546077,81.99318409130227,1.0,2,0.43846298056831046,0.4540762647720687,2,FORGED_DOCUMENT,90.99123172559129
0.41639128127965735,0.32599813112652054,0.5110084756723722,4.77246719316145,16.274945190033677,0.056898889208360746,1.0,1.0,1.0,0.04480792933297245,0.1327727407456653,1.0956069637907355,0.7449085812345079,2.280919062330327,1.0,0,0.9125079450837699,0.9051352691718213,1,IMPERSONATION,77.86839474909834
0.7272466879703138,0.7099430637811042,0.45627628213455207,18.324507414637505,94.42574145290752,0.27281612753157625,0.0,0.653871865986315,0.0,0.07572967468037513,0.1,1.9007295090555778,0.98,61.15064115088056,0.0,2,0.5595346116840313,0.198558440224038,3,SYNTHETIC_DEEPFAKE,93.90032996156577
0.6832608294988051,0.5752398420928372,0.3569614467881914,18.441617356258497,91.67695243494765,0.24117510052741759,0.0,0.4216485083187732,1.0,0.14514423425593856,0.42771594854917716,1.3061663522547506,0.8659889842479156,33.09696527623166,0.0,2,0.658959020658512,0.10778672227420906,3,SYNTHETIC_DEEPFAKE,81.49699084770845
0.15443914569601075,0.41149666628537096,0.7926125536872217,6.264501238015791,36.85981767436584,0.02,1.0,0.9231474432133667,1.0,0.04559657281510099,0.1440225002947984,1.0207826386206862,0.8375359616964092,1.0694548475462127,1.0,4,0.927852658386493,0.9572024991626348,1,IMPERSONATION,87.3629137717893
0.8393353017685089,0.8859735494761241,0.1589790890969799,4.2207561191282705,21.43512278088598,0.0526944293712354,1.0,0.9932909952586867,1.0,0.026725737012027313,0.0879976386979043,1.0067366253617427,0.871273534766468,4.160621003930459,1.0,2,0.935184753441856,1.0,0,GENUINE,3.256804485290778
0.6510626154867903,0.3429366990760532,0.4934917589372443,34.169815029793426,200.62233639194582,0.3452012733189857,0.0,0.6088061277088255,0.0,0.16847497022186758,0.3501242339375371,3.3643392160835033,0.6389904773667354,66.00074013349371,1.0,3,0.47690104691939084,0.8596958650629186,2,FORGED_DOCUMENT,82.21452282015204
0.18432023498299213,0.3811023266914626,0.6180175009899289,3.7335428002708917,25.22012967788257,0.08008315114627405,1.0,0.9132724133833193,1.0,0.04792999340400332,0.02,1.2581140727523001,0.9216983992515633,6.132352163060045,1.0,1,0.8980858487871424,0.8863270151320188,1,IMPERSONATION,79.97293491912978
0.847736633773439,0.5774456335379352,0.3316001099775907,16.305444572163324,137.94959423831443,0.10787472786423823,1.0,0.602614880087049,0.0,0.16786787275558887,0.22428246203587796,2.101877500123432,0.8590805220923684,43.119617374423896,0.0,3,0.4483035330572073,0.08686536363431782,3,SYNTHETIC_DEEPFAKE,94.15697328906519
0.3541130034900931,0.5125479080793772,0.689636705296891,4.785645092920108,25.020164638429595,0.06853674003067031,1.0,0.8144013264956205,1.0,0.03375521007377388,0.17373699876119375,1.0234420391549732,0.8795817088979806,1.8387385136092917,1.0,2,0.9703195615399788,0.9347957358702241,1,IMPERSONATION,84.8161178922249
0.5487284088266039,0.3650813131401398,0.49357485644391075,12.549521081261267,198.99675794156352,0.14,0.0,0.30947138873929325,0.0,0.230150114256018,0.4240159440908803,1.45,0.5972955644636386,45.0,0.0,2,0.46581498653148645,0.6552739376090179,2,FORGED_DOCUMENT,78.0
0.5919923514150252,0.5385065828758654,0.43472858885393306,25.63711142289843,152.5656178090262,0.2550467795493921,1.0,0.3103928759613856,0.0,0.08162040591424842,0.3670600674602818,2.775590732238297,0.5639966454168764,81.88850456622373,0.0,3,0.3696282061389562,0.7730773086296931,2,FORGED_DOCUMENT,88.33649456222511
0.49938496631512963,0.42596066941083865,0.5318079675726484,12.0,168.31225357813722,0.22350622754448712,0.0,0.32489066489573726,0.0,0.11143866680826942,0.3408193484908889,3.0277312184006147,0.9,52.90029197422638,0.0,4,0.4965923999998953,0.771035335740093,2,FORGED_DOCUMENT,87.94938729886292
0.8186448789836746,0.8287927036187989,0.15119475484931497,3.482994788101599,18.1344930033753,0.04442955395351832,1.0,0.9684302775084541,1.0,0.0,0.05030454041234899,1.1247851131465156,0.8631131002094304,2.5366110092997434,1.0,1,0.9485930602446639,0.9275287002067993,0,GENUINE,0.3164305038330184
0.8614623991241256,0.7026792040864267,0.15690392042087734,1.5366455552587683,18.818355877595714,0.057305795122705,1.0,1.0,1.0,0.010177267465218466,0.06350274112813842,0.85,1.0,2.4043820717440507,1.0,0,0.931199278893613,0.9449037251044016,0,GENUINE,4.456613821349161
0.2239909200783805,0.4059802570827679,0.6693953254166072,3.5271140678249067,15.0840671059469,0.0682022336925118,1.0,0.8504278669729707,1.0,0.024399515341564607,0.02,1.0994283117404828,0.8669672674971214,1.767326765624276,1.0,0,0.9189972932541784,0.8464390715782206,1,IMPERSONATION,82.12826139353464
0.6471645655355116,0.2062191938201926,0.6632977777615752,34.88569592452326,163.3044072055339,0.298931753013828,0.0,0.12416905848538648,0.0,0.14886661930663755,0.28806343417833663,1.9225972504967068,0.5099862249774142,78.3459114972023,0.0,2,0.48076390668699653,0.5450989505346674,2,FORGED_DOCUMENT,90.45587344392482
0.8176660875227503,0.8067613204987611,0.18581392808104635,3.942945317501469,15.856727251519278,0.01,1.0,0.9990242408969158,1.0,0.014036201640095933,0.02091099471243985,1.1194755285264424,0.9105970041299825,3.4422547886034343,1.0,3,1.0,0.9592001114522236,0,GENUINE,0.10687953508833825
0.34985497519609593,0.45464684249772097,0.705020835639785,2.5778882280580864,24.592187473776523,0.0790605543389742,1.0,0.8958770419835127,1.0,0.044903737637876556,0.12736276233775495,1.0932471824197862,0.7,7.64050616973439,1.0,2,0.9899166199064042,0.9056121372107824,1,IMPERSONATION,79.33887970435003
0.8445514754568021,0.6320157116788632,0.3842845630616372,12.840239256439872,121.53428718056998,0.18376287359208282,0.0,0.7898123666497989,0.0,0.13482048292838236,0.18553057910284537,3.0771138147987287,0.6760654072940459,71.85270721583514,0.0,4,0.5569278882318719,0.2795873868163587,3,SYNTHETIC_DEEPFAKE,89.90898366083813
0.7659549087067584,0.566250420036059,0.494506132930055,16.968525698200153,102.93203989982726,0.2886104383242686,0.0,0.45981671452055023,0.0,0.09003312940638326,0.16778081625349844,2.28641658092332,0.8270410946552372,54.200423636239066,0.0,0,0.39854267260132153,0.16789113346456333,3,SYNTHETIC_DEEPFAKE,83.40792419207924
0.82,0.7315948974041004,0.659909514609556,27.79270388132942,219.895952944982,0.3422547900435063,0.0,0.3405246319120885,1.0,0.3040963826144186,0.37359712452158966,2.3098367598994214,0.5371041531548496,98.62130307822048,0.0,1,0.37954997168477533,0.925611897926539,2,FORGED_DOCUMENT,95.81585108930105
0.24760746484136448,0.40483668374940734,0.5646658124418058,3.0767824934646346,27.306187050115824,0.13807439624622939,1.0,0.9475704659983197,0.0,0.06920015037631186,0.0660230019745717,1.21545872501054,0.897397878641138,5.315704769819741,1.0,1,0.9463011576294106,0.8699241482759149,1,IMPERSONATION,72.02254588749345
0.43161264437781555,0.40124749612687144,0.8090268209951501,5.878516152529325,12.79583436821392,0.08645904197005666,1.0,0.8365338420395743,0.0,0.03450810323964406,0.025520866830858545,1.4,0.8057887809653009,4.323042232666203,1.0,1,0.9109761158630968,0.9370380575994605,1,IMPERSONATION,93.05563266560574
0.5430075290115862,0.592739012840124,0.492067925428908,28.51848602397324,183.77401795956328,0.15574768002536726,0.0,0.12385390104406008,0.0,0.10031837563487227,0.402582834314774,1.794100517435521,0.5174730934991723,75.53694436947187,0.0,0,0.4095276908674866,0.697362755012806,2,FORGED_DOCUMENT,99.90387095169142
0.23469344378036677,0.3900088556374555,0.5667801910563568,5.347098429253699,17.710938295903226,0.035231611275547664,1.0,0.9329269123344968,1.0,0.03721818174520526,0.12058424384700109,1.1476405973550536,0.8911546370903652,8.320768315871902,1.0,4,0.9394840167726858,1.0,1,IMPERSONATION,91.04390484985048
0.38036184536536094,0.15,0.5617143411972693,3.743066027467897,26.577385048299707,0.07467702040650107,1.0,0.9483121968726006,1.0,0.015433414631565183,0.11072776512423392,0.9419266818390634,0.9480029116151656,3.9157064762752922,1.0,4,0.9072973312926909,0.9522952469422996,1,IMPERSONATION,72.11163559004729
0.8492013263005979,0.8519405181933599,0.12410436749731049,4.089258172529798,18.045058270890422,0.05751015961023018,1.0,0.930400830460813,1.0,0.015314170680899842,0.048449323696120136,1.0834540288057224,0.9489954483735961,4.299488013787852,1.0,3,0.9301575004748021,0.9162701361873523,0,GENUINE,9.627356793744536
0.38098809316289384,0.6684127190337188,0.716333469017833,26.73948250753022,174.55472829741228,0.265826259277776,0.0,0.47814484994827,0.0,0.22165728537273466,0.3753580085734428,3.0314730579727396,0.37973345823884447,72.63115141791434,1.0,4,0.7100787592964887,0.6626185308036386,2,FORGED_DOCUMENT,93.34196210117464
0.4289631127832765,0.37809994381470097,0.8306545817520292,4.252293622993749,18.70122645261274,0.041960986064648015,1.0,0.8929218281393801,1.0,0.01,0.13297930503364283,0.9368176033763284,0.9490163937592013,0.0,0.0,0,0.900876203100325,0.9330461845441443,1,IMPERSONATION,86.7251241897681
0.28203938876045603,0.2559103310018384,0.7302115667785338,5.047883585259623,20.832196541538504,0.07972159313698812,1.0,1.0,1.0,0.030671271097424322,0.02207490356719046,0.9043146829156143,0.9183070740883579,0.40155298358734015,1.0,0,0.9737300468553196,0.8773539537250881,1,IMPERSONATION,82.59286687724592
0.4872134676615519,0.48288469201886935,0.6835966961125933,29.729665101908296,176.59495381646298,0.2192272705444271,0.0,0.23221887617261017,0.0,0.15153667384548258,0.3750713299553204,2.4943309894586974,0.6784160026575548,73.9635322481676,0.0,0,0.4361266417207117,0.6458428629901045,2,FORGED_DOCUMENT,96.57276097659614
0.43291261004695214,0.5877990661328245,0.5824672955012644,24.231287512825386,140.2954880390098,0.22204481919173796,0.0,0.4366303634190576,0.0,0.18566260974872006,0.40866981555281906,1.6809036090468776,0.8174370945741911,99.0,0.0,2,0.4762111364811799,0.6097019519176563,2,FORGED_DOCUMENT,90.18068710794725
0.47747101611053033,0.5453125317368973,0.5618130965267691,24.886058649309405,143.33174147683917,0.22079887606645637,0.0,0.1544773684821007,0.0,0.09522520242579056,0.26949564060635334,2.4209059600943927,0.703886553742765,57.82341525401111,0.0,3,0.72,0.5701515081327589,2,FORGED_DOCUMENT,92.41831700827304
0.16551521805705208,0.3225986404363037,0.597994694597764,6.036958096822763,18.932175848608907,0.08536219670346167,1.0,0.9521514165493183,1.0,0.05587635381629452,0.048980694052623466,1.098730141529322,0.8173966970938844,2.872095626168279,1.0,3,0.9072302833618017,0.920039133574421,1,IMPERSONATION,77.00920684285735
0.8368595999391157,0.740583735128771,0.21684602187823565,5.2190788724730455,17.8558712557159,0.05998838065355823,1.0,0.9977769971936039,1.0,0.031464408704007275,0.0629899472971848,0.9836080606510363,0.9061682065419278,3.1763370628187726,1.0,4,0.8674706685598781,0.907655576378832,0,GENUINE,9.230085327401527
0.7806962204600087,0.98,0.19282253400075794,5.916268928008061,8.613211349695788,0.04338883661719373,0.0,1.0,1.0,0.01022437874527313,0.06195463416227248,1.1499974046725754,0.8948289473336585,2.287585284766285,1.0,4,0.878755699897771,0.9705701902407133,0,GENUINE,5.63014360428536
0.82,0.4736073630964782,0.5611037187675512,18.06692787588944,282.35636841650637,0.23669644086892572,0.0,0.31806534417678767,0.0,0.18335221478726504,0.29464805112897835,2.298842192068525,0.6755753016242138,86.24120464877348,0.0,3,0.40281018825449194,0.6689045715382075,2,FORGED_DOCUMENT,84.25675762301464
0.8602401401008118,0.8432221773824612,0.12622347279178253,5.0188243340761804,14.736136749936176,0.06503302942799649,1.0,0.9493490301705982,1.0,0.02257473234582658,0.049602205410184196,1.0533643531450598,0.9167853656444751,0.4859401622405741,1.0,0,1.0,0.9768902913765508,0,GENUINE,2.6428637422467913
0.7855251098132804,0.5594977421815364,0.6530796542948407,25.292953410299454,95.0,0.2855681658910567,0.0,0.3781698159203737,0.0,0.24269473988141438,0.3166933724990677,2.025514945048661,0.6051199251245805,73.70835629131011,1.0,4,0.5428373484043054,0.693937781402848,2,FORGED_DOCUMENT,90.08687424997336
0.946269699126558,0.8078843318472991,0.13969075996871186,3.3197677987827525,9.28988742400475,0.050750347660402303,1.0,0.9687222329085353,1.0,0.01639312530522541,0.033535898053971544,1.1288696558617697,0.9779617075142103,2.570607530211831,1.0,1,0.993521016105154,0.9647495223710771,0,GENUINE,3.8731573332169047
0.8840812926627433,0.7432387545672693,0.12440446692573978,3.860543821342319,18.493084002271566,0.01418130246378858,1.0,0.9507282609190644,1.0,0.009258029416245242,0.044859466414935587,1.1131276000002923,0.8813966942986369,5.0905443491561755,1.0,4,0.9615667137661222,1.0,0,GENUINE,1.3970766990447308
0.8601535062386169,0.8142887430444847,0.15747280448316547,4.724900251542545,32.79028119039528,0.05654472215314846,1.0,0.9631577910307,1.0,0.03388200938854161,0.05214339830519193,0.9121487258635403,0.9112352735047994,3.098976402578696,1.0,1,0.9161791683865608,0.9556711348276573,0,GENUINE,5.087033436650299
0.35267038563254693,0.19068147269434838,0.64774367820384,2.3625001670099244,31.41226603030212,0.04248833599312196,1.0,0.9427101289350512,1.0,0.01821218810299114,0.05060756409863237,0.8701157611163054,0.7077669187393988,3.4384269951731694,1.0,4,0.912608578062094,0.9623122879904332,1,IMPERSONATION,78.19260404355471
0.8397580557311513,0.8862420325365372,0.10569374420931796,5.437495020374435,24.853377594536425,0.012300735209137631,1.0,0.9377082570020696,1.0,0.04218440035303039,0.03240235589101037,1.1659217839471991,0.8743043027618216,3.2504813986838075,1.0,2,0.9756936976623793,0.9188249869895952,0,GENUINE,2.570278543671548
0.4127006821586383,0.5706657175800696,0.8315427269318543,2.380704826037635,20.47122718417243,0.08882921248709917,1.0,0.9157630513807095,1.0,0.034723809230109946,0.09255822747082493,0.9786612859339947,0.7494839146388307,5.959040885505091,0.0,4,0.8789119565999886,0.8623234008947648,1,IMPERSONATION,76.10131519986112
0.54442164081069,0.4029968133689763,0.6124939777577507,29.07454344874549,143.47631463960337,0.279815412368122,0.0,0.5086459579701511,0.0,0.12207439292329736,0.3012847161013356,2.8713756714896728,0.3,97.0857651099293,0.0,1,0.5926754193589572,0.9022725603191679,2,FORGED_DOCUMENT,90.24398707584443
0.3571324081511016,0.27845100677893875,0.3355518415517364,29.049504248799618,95.0,0.22668160584292152,0.0,0.36430863131886365,0.0,0.11408626380071027,0.2054154745256091,3.072823047390098,0.5267351468616751,77.16141767223311,0.0,4,0.6085386206534003,0.6510259783003264,2,FORGED_DOCUMENT,84.62974185855664
0.2777782355485284,0.32465201290490076,0.5887754741880978,3.2556086522043035,12.139287486648678,0.07286433541299017,1.0,0.832637210399214,1.0,0.01,0.14199274425313357,1.1570413941622832,0.9399758417155896,1.9826695969144554,1.0,4,0.9473427471083872,1.0,1,IMPERSONATION,82.78642012693409
0.4070315323674202,0.5937094626461322,0.589016528467579,27.81961447204483,157.6103420670016,0.33095107561278203,0.0,0.3943001703181781,0.0,0.1817563948424371,0.26456412700135745,3.1572951465023262,0.4849056552513413,75.1568691012028,0.0,4,0.5438764532206062,0.5221332447036173,2,FORGED_DOCUMENT,89.62090084020933
0.48,0.5394937243498005,0.4702109798251798,12.679499700677043,102.09859724243,0.18687226460764855,0.0,0.3055437837913719,0.0,0.07717695447064107,0.2918765196767016,1.6813103948025934,0.78646535460136,84.54168493068596,0.0,4,0.5242329124429129,0.18166658556239046,3,SYNTHETIC_DEEPFAKE,91.35335597429001
0.26379913021161006,0.35153417576290563,0.5950781339064504,6.2741490053139675,24.060750884990835,0.028540707635832073,1.0,0.9335874605959529,1.0,0.05853570707400178,0.04041567550874164,1.3935322030705752,0.9436232608776532,1.246340520065508,1.0,0,0.8461320676540227,0.9267202495588025,1,IMPERSONATION,81.4474020473388
0.9232879764271045,0.8944777852550427,0.21448782641876868,3.4863200900538525,19.222999752735806,0.019426513337418322,0.0,0.927111747393144,1.0,0.005599491174057057,0.03229673002000305,1.1752561815489642,0.8423636466091982,2.0446960216342034,1.0,3,0.9416675614852776,0.9407040357399811,0,GENUINE,5.327738241457446
0.9736228084679728,0.8589985700049757,0.17747881725313336,2.274953831748752,32.83421574435478,0.07686827516641066,1.0,0.8992457224002718,1.0,0.021864543147694277,0.04111002511561635,0.8530867640909469,0.8814090461121623,4.991952595912231,1.0,0,0.8780468528070363,0.9362748374358361,0,GENUINE,4.659638786023896
0.5116284439756793,0.6713979013417621,0.4493091690081965,17.47111043197876,99.6687937152514,0.2663280047832847,0.0,0.44380574127818323,1.0,0.21954728557050676,0.3532184882102798,2.218694972222093,0.8145052620431534,80.33262635945503,0.0,3,0.41306695649774844,0.5611036169141039,2,FORGED_DOCUMENT,87.33593419448151
0.30630487889176633,0.41212307579065277,0.3343265738503698,16.275927313535526,147.7307432453316,0.30522477014164734,1.0,0.4315900195644968,0.0,0.3209936025648161,0.29428117555672795,1.8360404063343736,0.661239617160513,81.36223238732444,0.0,3,0.386294350691441,0.5667307733973469,2,FORGED_DOCUMENT,93.9825690738597
0.24083206920038835,0.2897638692754286,0.6599276886860238,4.623054315693331,20.777160065486196,0.07300687380575638,1.0,0.9618085394696212,1.0,0.06292461903619813,0.14733258303710117,1.1389152544576686,0.7929801059717065,3.252215273529598,1.0,0,0.8611577726189555,0.8773711857925411,1,IMPERSONATION,73.7947883149976
0.7399586284839418,0.9374612457106773,0.07643332463401076,4.538931790565705,25.592906483763542,0.04759521529435505,1.0,0.9669654265950658,1.0,0.02587068484763018,0.025668323864176893,1.2024999721849183,0.9225554017438451,3.2775123797192567,1.0,0,0.9684395607010745,0.9962371120752513,0,GENUINE,6.83026705618659
0.8212167265169916,0.7692667317755978,0.06563278264446447,1.6473290025585317,10.367314981326265,0.02581958084739019,1.0,1.0,1.0,0.024004813865063288,0.052621303724316976,1.0122556539274006,0.8602353118200378,4.676391322418818,1.0,3,1.0,0.9164562738814455,0,GENUINE,2.9411084354565684
0.1517923331755811,0.3720478074314066,0.5907925204137902,3.102211185212904,12.060642609340706,0.045679654246684964,0.0,0.8842025783609931,1.0,0.01,0.10800887645129156,1.4,0.9284989754797031,3.0941520869315444,0.0,0,0.9067152162594271,0.8726352431817102,1,IMPERSONATION,83.72512103020125
0.9595581982285054,0.8043034061081138,0.16906221332390364,3.636887252173079,22.208654615243532,0.0701891538681538,1.0,0.914018983203302,1.0,0.018037193486120633,0.04713768526072445,1.0987030836871614,0.9348697426765554,2.3474199616704325,1.0,4,0.8675680959776145,0.9693225343704529,0,GENUINE,0.0
0.42712649970134664,0.49710976520894234,0.8146166024774245,2.380752583561562,28.858043461148235,0.10937468799655256,0.0,0.8220406396071783,1.0,0.029513294674776397,0.12587913129897327,0.8706396740896787,0.8995990172138009,2.3707690890080078,1.0,4,0.9806584970911131,0.9321020317714341,1,IMPERSONATION,88.40344640659623
0.5519823271325905,0.7069369737274882,0.515494605049121,35.94996079065219,193.76739307023058,0.19705239230827098,0.0,0.4969921039335019,0.0,0.1834762948995752,0.15,1.45,0.9,99.0,0.0,3,0.5101105797324718,0.4721081359670831,2,FORGED_DOCUMENT,98.2941377333925
0.560805465261095,0.75,0.5062871134075756,22.961664766396247,238.87169097667856,0.28175769737471595,0.0,0.42052412606073347,0.0,0.1584082469789891,0.43449147634176244,2.8910720692358067,0.7052048018882601,93.8562582007026,0.0,2,0.39640683789693076,0.95,2,FORGED_DOCUMENT,98.83351860722021
0.908764415055789,0.8421147578178617,0.17254126572870188,4.804371047231887,16.37612904007354,0.05419546852890246,1.0,1.0,1.0,0.02481046000106614,0.03136076755604988,1.0475693997252984,0.9034808101895035,1.6060889540236396,0.0,1,0.9370965915839086,0.9118444364634675,0,GENUINE,5.333136253214428
0.4638782834231999,0.2197456608927158,0.6237704675500146,4.918503936137983,15.171469722379149,0.06791457257038022,1.0,0.9344645647281977,1.0,0.025432784146847215,0.08926164275255223,1.2519707816231855,0.9432548968020672,5.072034581628417,0.0,2,0.8410492238669932,0.7758571420226463,1,IMPERSONATION,91.01793510778235
0.8546913292341269,0.8533733814061651,0.09925155838411454,2.345573879834705,20.449740206350285,0.025516274681162958,1.0,0.9582694319130792,1.0,0.042240447786883004,0.08275305016798243,1.25,0.9418264833906281,1.1454691260331247,1.0,3,0.8999842972205807,0.9078465801854261,0,GENUINE,5.269535987882258
0.5030944266865335,0.41450565621871827,0.47627131603288797,26.51076561427441,197.36821573242236,0.17496566043991468,1.0,0.3115364043904325,0.0,0.27586570996857973,0.3621991733030192,1.8605882465003236,0.8394013628269074,86.03468934817096,0.0,3,0.42570458262779937,0.4475391594719655,2,FORGED_DOCUMENT,88.46651451580313
0.8238661921741541,0.7060838325782168,0.4353182674138729,16.015182615073464,178.0799768672822,0.13950994770764136,0.0,0.4692621950798319,0.0,0.11448913613721977,0.272334771353449,2.266984475884548,0.7956203415760142,47.86009586463469,0.0,3,0.5425892425937725,0.29865570970036015,3,SYNTHETIC_DEEPFAKE,86.58729595552315
0.7465733320384847,0.86,0.46213932237965527,14.11309037340216,79.76139933504801,0.25013155922819524,1.0,0.43466256684474314,0.0,0.14846289276121002,0.2790956116597983,1.3033519753367313,0.8934785424158804,70.8759329318845,0.0,1,0.7036033953892137,0.22507030950922596,3,SYNTHETIC_DEEPFAKE,87.11097757147462
0.3604490164352536,0.4813128423704093,0.6368252992910478,3.551043725499708,39.4858449337806,0.05260286837221277,1.0,0.9641079267832455,1.0,0.01,0.056840631202403805,1.2384151877504985,0.9430633325308803,5.3281543284480675,1.0,0,0.8507772292638212,0.7905940760922484,1,IMPERSONATION,87.21317367245733
0.7285496657705198,0.8120544825954195,0.3283614849460639,12.606509968166947,51.02369026275793,0.12382453422739913,0.0,0.5106512394491525,0.0,0.09710234998983217,0.14147617117048567,2.344183077914935,0.6587770650064043,90.85847698965611,0.0,1,0.7887774571376753,0.15314419940606597,3,SYNTHETIC_DEEPFAKE,86.73058239924494
0.6650886498028424,0.3596131799556955,0.3721769546713627,18.13154984822109,189.96100844536306,0.16944181002618747,0.0,0.5078933971940149,0.0,0.23668150248563563,0.32528798491451755,2.7058346971548057,0.4249726635035439,97.96671268086507,0.0,3,0.42151764729479285,0.6891989571251773,2,FORGED_DOCUMENT,94.69700907511603
0.9175178915339794,0.8442147472381352,0.2549879199163279,4.45876630047376,20.448131489810507,0.038397951300523606,1.0,0.9389063683600314,1.0,0.00663715911415029,0.07024876873658992,0.85,0.9040213220854582,0.9263102631115621,1.0,2,0.9239011723044134,0.9573818120935738,0,GENUINE,6.6613882274104315
0.4512865520640206,0.4180599095141911,0.43994968958370423,39.657650652249735,190.3484754698522,0.3298771140535282,0.0,0.3427494341266769,0.0,0.29694952520926354,0.25503784588198847,3.080191155858971,0.7977039600047074,53.323451589123124,0.0,3,0.4867298875566042,0.4113725128767546,2,FORGED_DOCUMENT,85.60419091547755
0.8881703729838896,0.8624397311521139,0.18186692738838645,1.9515950082543252,10.13723980117986,0.031102113069023066,1.0,0.9328991712735692,1.0,0.019250440349905994,0.05971098590604272,1.1589163047870596,0.9605544169894796,1.0085849324665683,1.0,3,0.9250014368820882,0.9166270781803367,0,GENUINE,6.110074453932149
0.9029793390844557,0.8598879998061224,0.043471676009639956,4.721848659958084,19.792379032737728,0.05016537279349179,1.0,1.0,1.0,0.0,0.08449393299522218,0.9912552480599645,0.9343664452201506,2.4317316320481366,1.0,3,0.9230305466640782,0.9272066828704496,0,GENUINE,5.023771838932523
0.41880901439472684,0.39666326802193436,0.8293435142252426,2.061168487040072,34.80556525764172,0.05526864885492825,1.0,1.0,1.0,0.04950931020086394,0.10767739836075432,1.2849245628052608,0.8844383485986413,4.7046834318345345,1.0,0,0.9097829229658676,0.9224187603451149,1,IMPERSONATION,82.72167359426705
0.4300325427341486,0.4381962551421106,0.6373817999639906,2.411779296681993,23.038291546076195,0.02,1.0,0.9301920236237522,1.0,0.030696531737890803,0.12280487714106397,0.9084990385373352,0.8541222880123147,4.373803293675035,1.0,4,0.9223340655222138,0.9979938092161976,1,IMPERSONATION,84.18562150439224
0.37920942567503213,0.22176343091998377,0.5824111410172874,3.1928554124030284,23.70452614961062,0.03802038748597723,1.0,0.9630653683842132,1.0,0.01,0.11437580817355514,1.0527223433219952,0.8087517278182862,2.848084014542978,0.0,4,0.9252990839486642,0.9835479729703457,1,IMPERSONATION,84.7604442134748
0.6764191868836339,0.7780817975545591,0.3781535750179677,11.006548536900587,62.65802048977758,0.1863667229701867,1.0,0.5267370653273221,0.0,0.11296133960284307,0.1516920978120221,1.7950855356657103,0.5660265635199451,31.674812340654785,1.0,4,0.5165423909334429,0.18686359990736812,3,SYNTHETIC_DEEPFAKE,81.35087735236922
0.43296032361818126,0.35133961886270526,0.44452235089542225,28.120284112049667,209.13625411859095,0.52,0.0,0.3067848599339273,0.0,0.20004388313993232,0.22207318945570698,2.6380812889578036,0.7257222969337749,73.71626702931262,0.0,1,0.575433558877885,0.7203904174402613,2,FORGED_DOCUMENT,90.30440262903412
0.46885707867002374,0.15,0.8326607308271217,4.9458562545590325,13.387346766742294,0.06770083918477653,1.0,0.8573403393581406,1.0,0.03658687138762944,0.043242427312542284,0.9640019090078222,0.9201457130271177,2.4945474121346694,1.0,1,0.9189410684902993,0.9808570824860224,1,IMPERSONATION,81.29392186040421
0.5919937289173196,0.6676558248509338,0.3337311865575737,17.901882998479284,113.08377712435912,0.1492466132964169,0.0,0.24915234231693517,0.0,0.054233063441786425,0.1,1.9330137605696718,0.710112805363201,43.66999169963693,0.0,3,0.7649299583937503,0.3410155406474352,3,SYNTHETIC_DEEPFAKE,97.05731004583235
0.5983907112108114,0.3161358090264945,0.5395255905750157,29.439818745618542,209.83431673338114,0.38723108189710775,0.0,0.3851022928405172,1.0,0.21595074539272763,0.3693698566333396,1.9166514688953338,0.6008781894194535,45.0,0.0,4,0.5252256982045143,0.8446469440974897,2,FORGED_DOCUMENT,91.82209093562538
0.4621266002139302,0.5332248875007826,0.4748008513828993,21.267108437931263,212.58370048862935,0.3728942160847713,0.0,0.20410521939431928,0.0,0.06,0.24385334271630743,3.1231073550673463,0.6759733400847597,99.0,1.0,3,0.4587228534154039,0.7388945479681599,2,FORGED_DOCUMENT,91.65658416580027
0.5821402352204295,0.7850089971181724,0.28642121699189654,18.054155419183246,57.955712523014945,0.2736682392854608,0.0,0.48722123248153676,0.0,0.08965269184760205,0.13275820086627638,2.2215098854252324,0.7399936062970723,66.75135131055931,0.0,0,0.5008806084501146,0.2628172118087756,3,SYNTHETIC_DEEPFAKE,85.41594164823871
0.5386214878127076,0.5752521662165387,0.42260673755924916,16.939732217160415,217.49258252159325,0.3837175797608206,0.0,0.20940168765706768,0.0,0.09569114652229047,0.37272619674039303,1.9247810861340633,0.4384691896470405,61.86068639506264,0.0,4,0.5513034094555038,0.7874146955320135,2,FORGED_DOCUMENT,93.40330132002583
0.9026697532733294,0.8084849505897439,0.16573531537772343,4.367661113879855,24.123963750925263,0.02043355584816114,1.0,1.0,1.0,0.017790577384952395,0.031437147234419,1.0272724627403287,0.929364777491161,0.42185759782826393,1.0,4,0.971731416206605,0.9898609853558632,0,GENUINE,2.3758384404471835
0.942252396655474,0.8142988520801677,0.13650625323533144,2.625483541061231,15.834240439543331,0.04754600986089705,1.0,0.9889155095614608,1.0,0.02973557447520124,0.05826869806447402,1.2076795812558065,0.8813105400448213,0.6330179450328743,1.0,1,0.8928885783403058,0.9227895365122436,0,GENUINE,0.0013517949955241804
0.4086261217176085,0.405273489113703,0.5935772368022935,4.8778463791747075,28.298864373554686,0.03770290899665717,1.0,0.9760395333892272,1.0,0.018846888418026952,0.07284501580607777,0.9343998348925839,0.9008210183928776,4.616969041558466,1.0,3,0.9801157955677293,0.8140135309478549,1,IMPERSONATION,82.86378605963822
0.2992007614397762,0.374898146550772,0.635203073711945,5.869158776722583,16.063327240617784,0.06420224543879481,1.0,0.9348362871265254,1.0,0.047731589855152995,0.11088919733933165,1.0149653950854678,0.9298101631849857,4.80445640023339,1.0,2,0.9241786037556954,0.9071798191272157,1,IMPERSONATION,84.60691631066167
0.8695793873051586,0.6235208514993407,0.4146931195043958,15.83354068485691,76.87521472096978,0.201816707870785,1.0,0.5107814878190389,0.0,0.11628438363946474,0.31925720097252097,1.7556961456879787,0.7877069663168516,63.90026450069082,0.0,1,0.6703761398532774,0.17757209455739953,3,SYNTHETIC_DEEPFAKE,88.22396170591578
0.7339047157726529,0.5197080412085476,0.4234748214486301,12.360955639158815,160.44665606898027,0.21967027778514414,1.0,0.7108031968063873,1.0,0.06205927374562892,0.31226304968785545,1.8743845014243194,0.98,80.1738802623284,0.0,1,0.6682650314585571,0.1450411301193213,3,SYNTHETIC_DEEPFAKE,87.11867137658805
0.504892291491645,0.7578380474909789,0.4717734653978374,8.0,100.00736876463635,0.20582574073160556,1.0,0.6153721397368508,0.0,0.17847362688236995,0.1949516002310966,1.3669874384279193,0.6173550259851214,47.148261931673666,0.0,0,0.38787683467528666,0.24338892172626914,3,SYNTHETIC_DEEPFAKE,91.15701149023377
0.5879855144271348,0.5049858927602517,0.3138665042498222,19.879405767352758,69.38562839239052,0.08,0.0,0.6620884566472411,1.0,0.09214649031888407,0.17023849039951383,2.2008643811167996,0.7598636499310933,77.67065194005781,0.0,4,0.6874970178849231,0.18576076412596107,3,SYNTHETIC_DEEPFAKE,92.21217412412327
0.879676157418308,0.9226872129014227,0.17527120466083496,5.371367475620856,15.091146020993992,0.01,1.0,0.9660195541186706,1.0,0.03188145734706984,0.06073487246024924,1.0965390214170434,0.910408927089668,0.6713280830211752,1.0,3,0.9447088486952363,0.9652031483376708,0,GENUINE,1.4034516639161008
0.8784707159531838,0.7154909423339122,0.3336556356818755,17.392273172591693,111.04691307046163,0.2786932546692093,0.0,0.35888651576599784,0.0,0.08797568432319496,0.2736460861690459,2.019112350390849,0.98,49.50827665169429,0.0,3,0.33043113453029177,0.21591025690135648,3,SYNTHETIC_DEEPFAKE,89.19161770108269
0.8015457897867708,0.4166081236581447,0.6136529917760263,20.045007371240704,231.23103257979218,0.26027793823966355,0.0,0.5526961065039376,0.0,0.15659563539515248,0.2999244705353479,2.5799906866366147,0.5706693470073946,81.93681180946385,1.0,2,0.5115745682569448,0.6601586825712594,2,FORGED_DOCUMENT,92.64202079820211
0.44251638119953096,0.21601866823129107,0.6846072007981908,3.0935363498138777,24.341432950574685,0.07715894804164322,1.0,0.8578761172497286,1.0,0.04282206074083794,0.10106408857407079,1.2131252539959185,0.7759756946289317,4.128242349359356,1.0,4,0.8767551522195864,0.7703210005668377,1,IMPERSONATION,85.8181038722377
0.5530739460164434,0.6602968519908066,0.2585944689753826,9.499556238129333,109.33659110349784,0.14417382992871913,1.0,0.5752495289863633,0.0,0.0347542459635517,0.1717689499335714,1.4735454039795637,0.6452161559133542,56.73529127612184,0.0,0,0.4393847212355487,0.13296311209220962,3,SYNTHETIC_DEEPFAKE,78.53275049472242
0.3744118268890441,0.36474334868866853,0.5947845219451143,3.553622196408562,36.408072876960354,0.10349090961640081,1.0,0.9586459387981568,1.0,0.020221390091929897,0.02,0.996724180934136,0.9129055322582267,4.091759233944933,1.0,1,0.8921262793153882,0.9432802512317496,1,IMPERSONATION,85.20828389356586
0.8032121208328318,0.8184185745996992,0.2373688179854953,3.742780237710528,15.83300583073877,0.04811438392758472,1.0,0.9542334719909202,1.0,0.01922847351391895,0.03717847469118563,0.85,0.9440978893623843,0.6493407376666667,1.0,1,0.9334103627958359,0.9602259081540171,0,GENUINE,6.189639074135115
0.9323148393287436,0.9506149429833469,0.1503653186370316,5.397057593566503,24.42921566302467,0.0446459231635281,1.0,0.9652854276615696,1.0,0.021650227981093385,0.03288142164341264,1.0160363857960382,0.8932668629074968,0.0,1.0,0,0.9542921816774653,0.9142751890548311,0,GENUINE,3.362956881513166
0.8582131683187547,0.8944194511008908,0.14430129383146093,3.474277597325134,19.656847030381936,0.040531445668836937,1.0,0.9519902162947264,1.0,0.024978191767582945,0.050867144254878593,1.0820936989814438,0.8987965097778458,5.837329571494683,1.0,2,0.9994235443203112,0.948980234856592,0,GENUINE,3.6571029821578587
0.40711206110882575,0.38842130783377576,0.6033878049527024,3.0041125389601633,15.269130426622155,0.02307908322426152,1.0,0.8612543947594148,1.0,0.04319860739454773,0.05201795347255449,0.9579094645952362,0.9602862872662185,1.9828509995144847,1.0,0,0.8810969769438685,0.916982196913846,1,IMPERSONATION,88.12688523258791
0.8394917497263882,0.7643354551059363,0.1304617816872795,2.390334102549093,16.23569587016336,0.03069515073140823,1.0,0.9841231490988755,1.0,0.0,0.0562674286343756,0.9748443714500489,0.8721979689757777,2.4553457581357443,1.0,4,0.9358153227055616,0.9848179667896523,0,GENUINE,9.413526555230373
0.7019598237126017,0.622036520776623,0.3067799913067149,16.298834694974666,115.01634234992403,0.15730726694957603,0.0,0.8,0.0,0.08620220278451002,0.25102734903050633,1.896321054826302,0.7796178261196284,84.69841610303169,1.0,4,0.3617939985804314,0.17184938317267107,3,SYNTHETIC_DEEPFAKE,95.5045005113897
0.9011502981014128,0.8100754043510423,0.05896983497257413,4.124068830069707,7.026470147481339,0.03862731907829063,1.0,0.9237289680903245,1.0,0.017616618276864292,0.06822725444349444,1.0305753791271481,0.9831853338827334,1.2305260338013961,1.0,1,1.0,0.9587913729369784,0,GENUINE,7.681363134314894
0.47601686029394535,0.35255921302642235,0.3678906754560307,25.594633383592658,252.84684646910142,0.24730621234351668,0.0,0.34425330076173777,0.0,0.19787683557697325,0.20395561198069465,2.8541462389307295,0.4557961933958943,78.80277282830991,0.0,0,0.4293291933934318,0.6513500764865443,2,FORGED_DOCUMENT,91.0577896138571
0.883334329416638,0.8542163045042365,0.07802692016831346,3.339814968566286,23.817211796776252,0.0353259364137199,1.0,0.9125503822315636,1.0,0.020790090142440563,0.05579765623074252,1.0012775043651185,0.8328357376394121,4.104216928061304,1.0,2,0.9524363026239201,1.0,0,GENUINE,6.344149058005049
0.24935183308005196,0.45782440780079053,0.7983000117010544,4.189824540001018,26.165012882199342,0.07678928615704701,1.0,0.9145354789693761,1.0,0.01,0.06682086944049535,1.1750198713575593,0.873195733579876,4.991747257957868,1.0,3,0.87569585063504,1.0,1,IMPERSONATION,92.14528599949045
0.7151485828859261,0.6032816332417623,0.3060130974534496,8.923786031834647,154.92175145089126,0.16049659214456505,1.0,0.5822955236490864,0.0,0.06736603580484583,0.2527877935670949,1.737198932617233,0.6564197292124647,38.90258480939576,0.0,0,0.621900321492626,0.2859612547963498,3,SYNTHETIC_DEEPFAKE,85.31251602634505
0.7386136376722905,0.24830660236916705,0.6314698568626308,22.803700468322276,198.1254559732538,0.2145924937722792,0.0,0.5999022245369958,0.0,0.20327666760657012,0.2518860731507582,2.685901333274546,0.6364579775216861,99.0,0.0,4,0.3940215700138342,0.920161795595216,2,FORGED_DOCUMENT,91.53236441892612
0.672945875220712,0.7219281469055246,0.2952683586725192,11.04338828485051,135.65047530766816,0.1384734970355661,0.0,0.6163774564860721,1.0,0.08789915138825172,0.24330003227067928,1.3840448402534447,0.7481165718198963,55.08659657259881,0.0,0,0.6868676933498203,0.12086624935089457,3,SYNTHETIC_DEEPFAKE,81.2008239221794
0.6778747527123057,0.507598950295862,0.5488696909271911,22.433325996215466,144.06565883751327,0.37897207803829736,0.0,0.5337091191042145,0.0,0.11811236012790549,0.30615933513684274,2.371117230947589,0.6151016144389535,79.40012830022614,0.0,4,0.5936233753975415,0.7969722607878936,2,FORGED_DOCUMENT,96.65434679273882
0.92,0.7536355892694685,0.2608765047187907,19.104231022905964,78.51366189175826,0.19044590814638002,0.0,0.5078856954227587,0.0,0.230259365007955,0.2590701923872931,1.729761546134819,0.9794179241935018,55.660235038893305,0.0,4,0.5872011493243232,0.17937355356202156,3,SYNTHETIC_DEEPFAKE,82.01459559696374
0.2952127818034485,0.48752800503935945,0.5702299500625302,2.312282917011885,24.975618709683246,0.050613790001438445,1.0,0.90429770141239,1.0,0.039877092178679054,0.09540549131219933,1.2849199858420104,0.7825962566595204,5.869574027632253,1.0,0,0.9099634910606627,0.983763898457907,1,IMPERSONATION,92.35475517230778
0.6447077617459529,0.45731602634356067,0.46899422945502384,8.0,61.7237607194831,0.22027649757538262,0.0,0.48191900948312794,0.0,0.11991613414331999,0.18846738254232798,2.1077702556665376,0.7605912005103422,70.78746288559945,0.0,3,0.6300961839735175,0.24347997125735255,3,SYNTHETIC_DEEPFAKE,81.46870507017161
0.14732293182253364,0.20493520305699234,0.6893931903682476,3.3989459560217528,15.585331304641826,0.06283282139144279,1.0,1.0,1.0,0.01449241940654787,0.07879937071808392,0.9822150609187436,0.8220348193967053,6.5275885102620865,1.0,1,0.8803728124013005,0.8224175983195882,1,IMPERSONATION,79.23003309729368
0.5326291883455745,0.6926936643775214,0.6187431067340022,18.2227895471916,181.74069186609725,0.213249895059621,0.0,0.34124807245519057,0.0,0.3538900856521735,0.42732296622568144,2.5622002095927305,0.721572496119994,75.6657955614333,0.0,2,0.34469949034962044,0.5391485285936786,2,FORGED_DOCUMENT,89.47670647711186
0.8903530115082514,0.9341734423357105,0.16585734923552375,3.744966488757174,13.512375356286135,0.061903208234404636,1.0,0.9730051649984053,1.0,0.025595770615104672,0.03372939301267529,1.00986217437358,0.8953613635878532,6.0,1.0,0,0.9612697953250263,0.971140715375797,0,GENUINE,7.403481372457092
0.2610486198555643,0.6018250160379537,0.4956253916472999,33.44498154062883,181.79797856919222,0.3074580574973603,0.0,0.40039896951889453,0.0,0.11706320071721615,0.29631879257356075,2.4463807506778403,0.8045536583942754,85.28055612783787,0.0,1,0.4010891661252234,0.5296320893176207,2,FORGED_DOCUMENT,85.18639166547159
0.24610712540470978,0.4845035525783717,0.6949723330425185,4.557410500480063,36.073326443761744,0.04142930021326266,1.0,0.8852605464886611,1.0,0.047167409188307946,0.06312010493066317,1.3205747132792125,0.9600397309192448,2.7572777858696815,1.0,0,0.8013059900911663,1.0,1,IMPERSONATION,81.83201150033061
0.7219416420619873,0.5661328285004196,0.3453887209723109,19.66142092000122,58.462297560126714,0.16867546566517166,0.0,0.6912932271481222,1.0,0.17433844822685973,0.31138637227177357,1.6239764907840313,0.765656709257578,76.47622242766421,0.0,3,0.7315257282197458,0.22233032665671315,3,SYNTHETIC_DEEPFAKE,84.6990667447363
0.2445474307999273,0.2466077154114355,0.7503748281906727,4.101884649606909,21.891974043256187,0.026798010368116472,1.0,0.8635587869017691,1.0,0.021737542284613737,0.13319177460820303,0.8286629325563859,0.8154784134034752,6.854401019932192,1.0,0,0.8564203590891643,0.9260173463795648,1,IMPERSONATION,92.71935772496862
0.5612464466126916,0.45390055799149087,0.5352862119792398,15.580041897567844,184.95137492352518,0.23167741676436765,0.0,0.65,0.0,0.3092060924260352,0.20340686611185346,2.970484559575593,0.5428488109144082,73.47932070891727,0.0,1,0.4240946586264302,0.7356078744011508,2,FORGED_DOCUMENT,94.40984430246738
0.2902028025829165,0.5080019425340264,0.8372747247700272,1.1882401505033262,11.294919279128154,0.046844711588107144,1.0,0.9630626276328789,1.0,0.05536270985980485,0.043450610695928496,1.2105797901323034,0.9231171997883192,1.663776371150335,1.0,3,0.8855363789638829,0.8782145371744013,1,IMPERSONATION,83.48252534414846
0.47241165630663895,0.348214690036529,0.48667957634964326,30.117900457663197,166.5919136154481,0.29759696798521307,0.0,0.4089361895544053,0.0,0.1788835191116261,0.4557411438423058,2.3138160686451847,0.6608298889630686,59.73462140865157,1.0,0,0.5691468395449408,0.5897563800396068,2,FORGED_DOCUMENT,99.28870275013479
0.32247388700247315,0.46255168481286046,0.6752253207267405,3.613667599241417,23.626209768459702,0.08091547862378559,1.0,0.8535690038070944,0.0,0.03521312309410405,0.132701632760696,1.1660485444915074,0.8846203317333783,4.779475013397789,1.0,3,0.937149787366161,0.9356926891476514,1,IMPERSONATION,87.42305262734439
0.7998968742743863,0.7736882505553723,0.18236628057311122,5.053473530942445,16.161698658839576,0.01,1.0,0.9845641132721179,1.0,0.02157957602780954,0.04694231761478124,0.9450223155715894,0.864408088813157,3.6335027809702076,1.0,1,0.9242210922628791,0.9627837059918002,0,GENUINE,2.933492979310463
0.8704036882021944,0.8486688654468117,0.09987353176810955,3.777784236809132,16.76804816647917,0.04645437120676179,1.0,0.9351830716934303,1.0,0.018912398515431424,0.05803423444197883,1.0890143991711112,0.8999389764057082,2.836138722715625,1.0,2,0.9405036960312717,0.9311232103483943,0,GENUINE,4.743016194732662
0.8566599331403837,0.40764371953317713,0.4088283145398273,15.849446488728862,66.1553621951019,0.2414506670593055,0.0,0.8,0.0,0.13622647766484347,0.18802690201665845,1.620707960946346,0.7522601806689451,30.0,0.0,4,0.3118496864561606,0.3587967661415073,3,SYNTHETIC_DEEPFAKE,90.94732894818156
0.2495518692008561,0.58,0.669523559048501,6.700129692815505,24.45776835436552,0.06918393567014987,1.0,1.0,1.0,0.01,0.02,1.1487832461028382,0.9974226644296993,3.756902134492586,1.0,0,0.8745217216672633,0.9859108464754804,1,IMPERSONATION,84.80005003005921
0.5759995106582253,0.2889273659574306,0.6643446833472061,30.71234791825767,246.1796674921155,0.23782191115162976,0.0,0.2703672415968568,0.0,0.18908934813268025,0.3307711144879353,2.3372370932757307,0.45939775862099275,45.17467686194474,0.0,0,0.4810425755005964,0.611057217144355,2,FORGED_DOCUMENT,85.51963745454367
0.99,0.8938616359997127,0.11656241432112274,3.5304524916902267,13.235271559981399,0.01,1.0,0.9813423173839648,1.0,0.05112910201043841,0.03586190441724806,1.0721502525569853,0.9113834921637718,0.45991801837359825,1.0,2,0.9937727283194883,1.0,0,GENUINE,3.4216302822182563
0.693416825897575,0.27551421396229253,0.4994996866791665,36.331180971711454,148.80333808355414,0.3287351465067901,0.0,0.10400263717683764,1.0,0.20475340248286797,0.5060700395451176,2.172772047727058,0.7091654513634261,86.42935707260202,0.0,2,0.40933808154190915,0.7929405455246864,2,FORGED_DOCUMENT,93.02024583266484
0.8101601214980296,0.8123002291075861,0.3037115276935277,9.780800823617103,109.27229506010414,0.10457927066719143,1.0,0.45422310566411744,1.0,0.03,0.13186543715392596,2.2891720098472135,0.8245100565773866,90.76242371210182,0.0,1,0.5956406702462964,0.42,3,SYNTHETIC_DEEPFAKE,94.31562842051372
0.9474860734742606,0.7721295377248147,0.09875809185439108,4.530011958414472,22.342475411000606,0.013120620364597674,1.0,0.930380679735336,0.0,0.020519298773045314,0.02281352386635122,1.0241827770503489,0.8841314652564779,0.7505235601145057,1.0,4,0.9395601580635452,0.9547324459246668,0,GENUINE,2.466147776344537
0.5713975882013955,0.44227046430871864,0.4349631726872806,38.47977001896837,175.0157452273021,0.3500467665937322,0.0,0.3486492333868895,1.0,0.20156796016500936,0.27773728537069564,2.0294586600092543,0.6914261013506622,80.12914170957664,0.0,3,0.4017530623615419,0.45146870692454766,2,FORGED_DOCUMENT,89.6970008568637
0.8968770942765892,0.6903536996908828,0.42653957393084685,16.628890649290447,134.5512148367867,0.21921928833022386,0.0,0.5112819049827514,0.0,0.19272284783541688,0.131656565893845,2.125446614580582,0.9380225186899521,31.484494863873284,0.0,2,0.6194530802277132,0.10633381315721513,3,SYNTHETIC_DEEPFAKE,82.99025903740332
0.6604649634071482,0.7039994013661631,0.3076088779107095,9.313557322383376,181.052543469633,0.15373461600816155,0.0,0.384970950812596,0.0,0.056513283194657815,0.16676050058137892,1.627539143054965,0.6622091368248534,48.67205240899852,0.0,2,0.5373641300583005,0.29048278029110286,3,SYNTHETIC_DEEPFAKE,88.72613485226351
0.9663801388068324,0.769438099537158,0.12725002900812138,4.146629485037211,18.249764863487595,0.05578352116900907,1.0,0.9119757728708684,1.0,0.030292258292458928,0.01820678456067179,0.8731064766170977,0.9028812175170745,0.4587613280459486,1.0,1,0.8678412840234198,0.9893540937442458,0,GENUINE,4.514716326441644
0.3363428669637043,0.3120965962979302,0.5811035395099385,6.380263952932539,13.32365778406876,0.02,1.0,0.9541258877749855,0.0,0.033163660055938585,0.13082619510769622,1.3595697299852936,0.9002755719270792,1.1485458765950955,1.0,3,0.9187578105050616,0.9117868119448161,1,IMPERSONATION,84.03716514995278
0.6266768491345522,0.4874032675143868,0.6,24.810622014178456,76.27909265184056,0.23299282916406777,0.0,0.6304988035432989,0.0,0.1744752229781528,0.29501300990360124,1.428838533696373,0.7374425068747972,44.88036872601773,1.0,3,0.8165153469215665,0.24819815000846696,3,SYNTHETIC_DEEPFAKE,89.28042758029437
0.7889275751991515,0.8250079559435373,0.1945191581759893,4.49024601932788,21.50399432828726,0.040995473743619205,1.0,1.0,1.0,0.020399363972146905,0.05984037695985599,0.967396515733242,0.8123328540064378,4.145729067630544,1.0,1,0.9632021299379256,0.990443058302043,0,GENUINE,0.47712470809601015
0.5756111446949338,0.4106081655114837,0.6310903076444343,27.786638431252204,172.5316802798821,0.29069198435779725,1.0,0.2972969053596019,0.0,0.16429883390766414,0.30312400575062165,1.4764254531997167,0.6241101611729117,82.95677698215464,0.0,0,0.72,0.49028621645933956,2,FORGED_DOCUMENT,85.71848290432236
0.3951428592969096,0.46270754094933353,0.5311789914816709,26.833183902001437,219.56426132824043,0.20754653314727867,0.0,0.355612580695431,0.0,0.11896985457563485,0.3686781600690724,1.45,0.3417394875915415,99.0,1.0,1,0.4002592635876563,0.6583553301867313,2,FORGED_DOCUMENT,93.20608002465617
0.7816746040125688,0.7173642360925192,0.29814683474306264,8.959717218030955,133.11705621562461,0.2084262745855031,1.0,0.35369104593589284,0.0,0.12199909671150623,0.19849995517638386,1.8913908100367474,0.8576852153559716,66.57721337006576,0.0,4,0.5294561792929738,0.27162349958481125,3,SYNTHETIC_DEEPFAKE,86.42513423513424
0.8455937307074657,0.8747438034164067,0.15607525057008578,2.6283496744599537,13.14526496385858,0.04710044908843033,1.0,0.9533666071413449,1.0,0.01696169152013784,0.0813620958943642,0.9673921967788042,0.9192990230871206,2.652466431534265,1.0,1,0.8947589443403222,0.9640515523769816,0,GENUINE,8.424733641565725
0.7412465602573479,0.5154816744898914,0.3924789642709425,16.13503383134529,143.36375301870078,0.18051028199456687,0.0,0.43544016889388737,1.0,0.20032327241422926,0.34300447905777215,2.368104105192804,0.5,42.873675920392095,0.0,4,0.776055077886254,0.3003649025060694,3,SYNTHETIC_DEEPFAKE,94.81261800391337
0.940030652065506,0.816698493144973,0.19735069820798037,2.702336593604706,27.34287400199528,0.05744127413866552,1.0,0.9177846904513922,1.0,0.015521867976133927,0.09610327717508282,0.9989792298006854,0.8818634176462141,4.579462403244248,1.0,0,0.9437711717445711,0.9085454046347161,0,GENUINE,2.123446048638388
0.8098598554322544,0.7144868674623287,0.34238534414912564,10.43051460192439,62.20336426070601,0.25045221779697857,0.0,0.277188080981134,1.0,0.05832400415232936,0.45,1.611650570611055,0.6739404886355808,56.57348266480137,0.0,4,0.5254702061627355,0.297489902856467,3,SYNTHETIC_DEEPFAKE,78.64986133167687
0.3696613658721781,0.3320508669186461,0.7380069769619352,3.3442964730176716,20.596933978515864,0.05714152484098272,1.0,0.8902712701436604,1.0,0.04898701378703886,0.09079430366678427,0.9768599058616817,0.9692596657791768,1.8626730089289592,0.0,0,0.8568571720120186,0.8562615767095862,1,IMPERSONATION,75.34163781604111
0.9026636597392982,0.9286004767613665,0.17587718879061354,3.6183041238676594,20.998768668536844,0.04602088952548903,1.0,1.0,1.0,0.024496090300718296,0.05396970638677064,0.8629006644325328,0.9192173969188916,2.348892631890992,1.0,1,0.9182451253688273,0.9501521230449275,0,GENUINE,0.1342016150960399
0.3206340644725747,0.573570122466194,0.500978439463607,19.888220837031916,163.10956415999573,0.24136885239351183,0.0,0.27370171335221394,0.0,0.1955550100043408,0.3908130349077199,1.816234652024649,0.6978027342949104,85.83732804540087,0.0,1,0.6152693210990947,0.769533230381377,2,FORGED_DOCUMENT,87.2284176693657
0.5257432587798884,0.31072623443522895,0.3990647548175653,28.330045191285492,271.62301077962303,0.19682890111394297,0.0,0.65,1.0,0.14035525397111986,0.42907106964697467,2.686153711132874,0.6492162594688976,72.52188630172516,1.0,3,0.4819013601252458,0.6775741450674094,2,FORGED_DOCUMENT,88.27223109794237
0.5536933608415261,0.42467078596447133,0.6468468601948231,19.32735773192758,178.49397353249114,0.2954074536847946,0.0,0.456427097741958,1.0,0.331933342932116,0.3922045226140314,2.332526806485612,0.6046765285552941,80.42415601998106,0.0,3,0.49465105157413014,0.888983711879876,2,FORGED_DOCUMENT,98.91309521867025
0.7826486203632976,0.86,0.35747788673109065,17.44765255993122,112.07948514808609,0.18793109822780454,0.0,0.5135856120204382,0.0,0.1939754262321305,0.2485376922547401,1.7572283859577178,0.7547467107677307,53.83726823562668,0.0,4,0.6058094520712004,0.24922322619671244,3,SYNTHETIC_DEEPFAKE,80.77805424452846
0.6098876522090856,0.44377174263085756,0.33464545976711035,44.04376234646741,196.9780039341881,0.28893553040853404,0.0,0.39183399148714054,0.0,0.2630351014081703,0.30522075943626553,1.45,0.4594616839978376,89.62896424743523,0.0,2,0.5355367751018225,0.7159845677907761,2,FORGED_DOCUMENT,97.96857782209064
0.699665017281889,0.549621774703527,0.4309806495032732,16.78456160824659,78.76438058383374,0.15871885685400955,1.0,0.5424128822745306,0.0,0.13041118779545624,0.1636086615511808,1.8065462452690089,0.8485536458810616,57.14692247412049,0.0,2,0.4563986265471094,0.23977976531034437,3,SYNTHETIC_DEEPFAKE,91.66848081349059
0.44262822326637125,0.41162614382674173,0.5510152209182883,22.27991815829902,289.0224218885285,0.2740137165344642,0.0,0.12128699873915394,0.0,0.20532837371244406,0.23410582490276344,2.6785458966103515,0.7753347601666114,83.32482706488315,0.0,2,0.4528026451720429,0.6316802945802612,2,FORGED_DOCUMENT,96.56799875593255
